promotion_id,merchant_id,promotion_type,start_date,end_date,promo_spend,promotion_return,promotion_roi
P0000001,M00001,Free Delivery,2026-04-09,2026-04-20,131.36,311.23,1.3692
P0000002,M00001,Free Delivery,2026-04-27,2026-05-01,117.43,238.95,1.0348
P0000003,M00002,Sponsored Listing,2026-04-11,2026-04-20,31.55,95.58,2.0291
P0000005,M00004,Sponsored Listing,2026-03-08,2026-03-14,69.09,244.41,2.5378
P0000006,M00004,BOGO,2026-03-22,2026-03-26,31.61,64.63,1.0445
P0000004,M00004,Percentage Off,2026-03-25,2026-03-29,63.58,230.78,2.6301
P0000007,M00005,Sponsored Listing,2026-05-17,2026-05-29,134.23,358.05,1.6675
P0000008,M00006,Free Delivery,2026-02-09,2026-02-19,75.97,131.03,0.7248
P0000009,M00006,Free Delivery,2026-04-19,2026-04-26,126.8,320.02,1.5238
P0000010,M00007,BOGO,2026-02-23,2026-03-04,151.3,263.67,0.7427
P0000011,M00008,BOGO,2026-03-28,2026-04-03,174.25,474.63,1.7238
P0000013,M00008,Percentage Off,2026-04-05,2026-04-13,126.15,214.93,0.7038
P0000014,M00008,Sponsored Listing,2026-04-14,2026-04-21,61.7,177.33,1.8739
P0000012,M00008,Sponsored Listing,2026-05-15,2026-05-26,23.59,54.37,1.3049
P0000015,M00009,Sponsored Listing,2026-05-16,2026-05-28,52.3,160.3,2.0651
P0000016,M00010,Free Delivery,2026-04-26,2026-05-01,45.68,88.66,0.9407
P0000017,M00011,Free Delivery,2026-04-14,2026-04-28,26.64,28.26,0.0609
P0000019,M00013,Sponsored Listing,2026-04-03,2026-04-07,121.58,178.3,0.4665
P0000020,M00013,Percentage Off,2026-04-16,2026-04-24,29.4,74.15,1.5223
P0000018,M00013,Sponsored Listing,2026-05-04,2026-05-12,92.73,242.71,1.6173
P0000021,M00014,Percentage Off,2026-02-14,2026-02-22,172.99,346.07,1.0005
P0000024,M00016,Percentage Off,2026-03-12,2026-03-24,62.84,103.56,0.6481
P0000022,M00016,Free Delivery,2026-04-29,2026-05-09,61.28,176.89,1.8864
P0000023,M00016,BOGO,2026-05-19,2026-05-23,88.89,213.79,1.405
P0000025,M00017,BOGO,2026-03-14,2026-03-21,59.67,71.59,0.1998
P0000026,M00017,BOGO,2026-05-06,2026-05-11,35.63,73.9,1.0738
P0000028,M00018,Percentage Off,2026-03-01,2026-03-08,64.61,169.52,1.6236
P0000027,M00018,Free Delivery,2026-03-04,2026-03-11,182.59,323.65,0.7725
P0000029,M00019,Percentage Off,2026-02-07,2026-02-12,64.43,133.82,1.077
P0000030,M00020,BOGO,2026-02-23,2026-03-07,61.73,177.1,1.869
P0000031,M00020,Percentage Off,2026-04-22,2026-04-29,151.47,391.54,1.5849
P0000033,M00021,BOGO,2026-02-26,2026-03-05,25.62,58.66,1.2894
P0000032,M00021,Sponsored Listing,2026-03-26,2026-04-01,200.8,637.53,2.1749
P0000035,M00022,Percentage Off,2026-02-28,2026-03-13,27.25,63.44,1.3283
P0000034,M00022,Free Delivery,2026-05-16,2026-05-30,121.96,175.39,0.4381
P0000036,M00023,Sponsored Listing,2026-02-03,2026-02-14,55.19,153.04,1.7728
P0000039,M00023,Sponsored Listing,2026-02-06,2026-02-13,133.1,116.53,-0.1245
P0000038,M00023,Free Delivery,2026-03-11,2026-03-16,128.18,293.43,1.2891
P0000037,M00023,BOGO,2026-04-13,2026-04-23,61.9,179.57,1.901
P0000041,M00025,Sponsored Listing,2026-03-03,2026-03-09,190.01,347.91,0.831
P0000040,M00025,BOGO,2026-05-13,2026-05-21,89.56,228.67,1.5532
P0000044,M00026,Percentage Off,2026-03-03,2026-03-11,41.86,85.73,1.0481
P0000043,M00026,Sponsored Listing,2026-04-23,2026-04-27,58.9,122.11,1.0732
P0000042,M00026,Percentage Off,2026-04-24,2026-04-29,95.57,313.33,2.2785
P0000046,M00027,Sponsored Listing,2026-02-28,2026-03-10,131.09,185.37,0.4141
P0000045,M00027,Sponsored Listing,2026-05-09,2026-05-18,100.09,126.96,0.2684
P0000047,M00029,Free Delivery,2026-02-17,2026-03-02,35.71,61.78,0.73
P0000048,M00029,Free Delivery,2026-02-27,2026-03-12,101.49,133.37,0.3141
P0000049,M00029,Percentage Off,2026-05-20,2026-05-29,48.39,106.24,1.1954
P0000050,M00030,Free Delivery,2026-03-12,2026-03-26,66.55,157.83,1.3717
P0000052,M00030,Sponsored Listing,2026-03-23,2026-04-03,235.84,273.73,0.1607
P0000051,M00030,Percentage Off,2026-05-16,2026-05-28,15.06,41.99,1.789
P0000053,M00033,Free Delivery,2026-05-12,2026-05-16,130.55,247.4,0.8951
P0000055,M00035,Free Delivery,2026-02-15,2026-02-25,164.95,462.77,1.8055
P0000054,M00035,Sponsored Listing,2026-04-01,2026-04-05,41.09,38.58,-0.061
P0000056,M00036,Sponsored Listing,2026-05-02,2026-05-12,206.83,400.58,0.9368
P0000057,M00038,Percentage Off,2026-03-17,2026-03-23,105.92,269.76,1.5469
P0000058,M00038,Percentage Off,2026-04-14,2026-04-18,236.93,566.2,1.3897
P0000059,M00039,Percentage Off,2026-04-01,2026-04-08,32.98,60.82,0.8444
P0000060,M00039,Sponsored Listing,2026-05-07,2026-05-21,136.66,238.08,0.7421
P0000061,M00040,Sponsored Listing,2026-05-15,2026-05-29,102.0,206.78,1.0271
P0000062,M00041,Sponsored Listing,2026-02-05,2026-02-12,73.93,164.89,1.2304
P0000063,M00041,Sponsored Listing,2026-04-23,2026-05-04,195.94,334.56,0.7074
P0000064,M00042,Sponsored Listing,2026-02-28,2026-03-12,30.97,72.31,1.3346
P0000065,M00044,Sponsored Listing,2026-05-17,2026-05-28,105.04,257.55,1.4521
P0000066,M00046,Sponsored Listing,2026-02-14,2026-02-28,258.82,396.01,0.53
P0000067,M00046,BOGO,2026-04-01,2026-04-08,72.84,161.75,1.2208
P0000068,M00046,Percentage Off,2026-04-05,2026-04-10,165.44,361.05,1.1824
P0000069,M00047,BOGO,2026-03-08,2026-03-21,129.0,129.67,0.0052
P0000070,M00048,BOGO,2026-05-19,2026-06-01,44.47,111.68,1.5114
P0000072,M00049,Free Delivery,2026-04-03,2026-04-14,83.56,157.93,0.8899
P0000073,M00049,BOGO,2026-05-10,2026-05-20,205.87,395.77,0.9224
P0000071,M00049,Sponsored Listing,2026-05-13,2026-05-26,209.35,465.55,1.2238
P0000074,M00050,BOGO,2026-03-27,2026-04-04,117.94,173.69,0.4727
P0000075,M00050,Sponsored Listing,2026-05-14,2026-05-18,133.96,216.64,0.6173
P0000076,M00051,BOGO,2026-05-05,2026-05-14,101.14,200.69,0.9843
P0000077,M00052,BOGO,2026-05-01,2026-05-10,98.28,232.04,1.361
P0000081,M00054,Percentage Off,2026-03-06,2026-03-15,310.16,434.76,0.4017
P0000078,M00054,Free Delivery,2026-03-13,2026-03-27,92.23,174.79,0.895
P0000082,M00054,Percentage Off,2026-04-30,2026-05-09,52.63,87.73,0.6668
P0000080,M00054,Sponsored Listing,2026-05-12,2026-05-16,69.97,193.98,1.7721
P0000079,M00054,Sponsored Listing,2026-05-17,2026-05-28,146.53,410.92,1.8044
P0000083,M00057,Free Delivery,2026-02-24,2026-03-09,177.2,483.55,1.7288
P0000085,M00059,BOGO,2026-02-13,2026-02-25,63.74,134.43,1.1092
P0000084,M00059,Sponsored Listing,2026-04-21,2026-05-01,77.83,167.43,1.1513
P0000086,M00059,Sponsored Listing,2026-05-02,2026-05-16,58.42,136.59,1.3382
P0000087,M00061,BOGO,2026-04-02,2026-04-06,63.9,132.95,1.0806
P0000088,M00063,BOGO,2026-04-18,2026-04-24,42.54,51.36,0.2075
P0000090,M00064,BOGO,2026-02-24,2026-03-03,70.74,167.93,1.374
P0000091,M00064,BOGO,2026-04-12,2026-04-21,46.4,73.36,0.5811
P0000089,M00064,BOGO,2026-04-22,2026-04-28,60.95,149.81,1.4579
P0000092,M00065,Free Delivery,2026-02-26,2026-03-08,90.8,85.55,-0.0579
P0000094,M00066,Free Delivery,2026-03-11,2026-03-19,109.46,126.1,0.1519
P0000093,M00066,Free Delivery,2026-05-01,2026-05-07,93.55,172.15,0.8403
P0000095,M00067,BOGO,2026-05-14,2026-05-25,95.36,166.59,0.747
P0000097,M00068,Free Delivery,2026-02-05,2026-02-16,142.92,236.55,0.6552
P0000096,M00068,BOGO,2026-03-12,2026-03-18,109.41,390.66,2.5706
P0000099,M00070,Free Delivery,2026-02-19,2026-03-04,41.9,88.34,1.1082
P0000098,M00070,BOGO,2026-05-11,2026-05-18,53.78,134.41,1.4993
P0000100,M00071,Free Delivery,2026-03-09,2026-03-18,38.0,81.9,1.1556
P0000101,M00074,Free Delivery,2026-02-06,2026-02-13,137.42,296.98,1.161
P0000102,M00074,BOGO,2026-02-25,2026-03-10,82.46,187.54,1.2744
P0000103,M00074,Free Delivery,2026-05-20,2026-05-27,41.28,34.52,-0.1639
P0000104,M00075,Free Delivery,2026-04-06,2026-04-12,62.79,89.13,0.4195
P0000106,M00076,BOGO,2026-03-20,2026-03-30,78.67,176.63,1.2452
P0000105,M00076,Percentage Off,2026-05-06,2026-05-18,70.76,165.9,1.3444
P0000107,M00077,Sponsored Listing,2026-05-05,2026-05-16,97.98,227.43,1.3213
P0000108,M00079,Percentage Off,2026-03-14,2026-03-23,90.31,158.63,0.7566
P0000109,M00081,BOGO,2026-04-04,2026-04-10,136.35,282.3,1.0704
P0000110,M00082,Free Delivery,2026-03-21,2026-04-04,145.22,263.87,0.8171
P0000111,M00083,Sponsored Listing,2026-03-09,2026-03-16,40.97,67.43,0.6456
P0000112,M00084,Percentage Off,2026-04-04,2026-04-16,67.58,201.37,1.9799
P0000113,M00085,BOGO,2026-02-24,2026-03-08,127.36,206.42,0.6207
P0000114,M00085,Sponsored Listing,2026-03-01,2026-03-06,61.11,167.35,1.7384
P0000115,M00085,Sponsored Listing,2026-05-04,2026-05-11,119.07,286.99,1.4103
P0000116,M00086,Percentage Off,2026-03-11,2026-03-18,43.62,75.98,0.742
P0000117,M00087,Free Delivery,2026-04-24,2026-05-03,104.58,229.82,1.1976
P0000118,M00088,BOGO,2026-05-04,2026-05-10,186.48,295.59,0.5851
P0000119,M00089,BOGO,2026-04-05,2026-04-11,106.84,158.69,0.4853
P0000120,M00089,Free Delivery,2026-04-13,2026-04-21,120.07,307.58,1.5617
P0000121,M00091,Percentage Off,2026-03-05,2026-03-18,67.52,149.95,1.2209
P0000122,M00092,Percentage Off,2026-02-24,2026-03-04,172.07,360.59,1.0956
P0000123,M00092,Sponsored Listing,2026-03-14,2026-03-22,121.48,277.29,1.2827
P0000124,M00094,Free Delivery,2026-04-20,2026-04-28,97.49,237.42,1.4354
P0000127,M00095,Free Delivery,2026-03-16,2026-03-28,14.92,37.0,1.4794
P0000125,M00095,Sponsored Listing,2026-03-19,2026-03-30,29.73,61.72,1.0756
P0000126,M00095,BOGO,2026-04-16,2026-04-21,200.88,521.34,1.5953
P0000129,M00096,Free Delivery,2026-03-23,2026-04-06,128.67,282.26,1.1936
P0000128,M00096,Free Delivery,2026-05-05,2026-05-09,119.79,152.62,0.274
P0000132,M00097,BOGO,2026-03-30,2026-04-08,64.72,102.93,0.5902
P0000131,M00097,Sponsored Listing,2026-04-09,2026-04-16,85.54,159.78,0.8679
P0000130,M00097,Free Delivery,2026-05-20,2026-05-24,78.01,152.26,0.9519
P0000133,M00098,Sponsored Listing,2026-02-09,2026-02-14,86.56,190.28,1.1981
P0000134,M00098,BOGO,2026-03-02,2026-03-14,52.9,167.66,2.1692
P0000135,M00099,Percentage Off,2026-02-23,2026-03-06,111.39,357.93,2.2134
P0000137,M00099,Percentage Off,2026-03-22,2026-03-28,79.61,225.71,1.8353
P0000136,M00099,Sponsored Listing,2026-04-27,2026-05-10,155.34,270.85,0.7436
P0000139,M00100,Sponsored Listing,2026-04-27,2026-05-09,111.05,172.01,0.549
P0000138,M00100,Percentage Off,2026-05-08,2026-05-13,52.68,139.36,1.6454
P0000140,M00103,Percentage Off,2026-03-27,2026-04-06,70.73,101.88,0.4404
P0000141,M00104,BOGO,2026-04-05,2026-04-15,18.38,40.59,1.2081
P0000142,M00104,Free Delivery,2026-04-21,2026-04-28,175.59,460.85,1.6246
P0000143,M00105,Percentage Off,2026-02-04,2026-02-12,32.64,103.62,2.1749
P0000145,M00106,Sponsored Listing,2026-04-03,2026-04-16,73.43,250.53,2.412
P0000144,M00106,Free Delivery,2026-05-11,2026-05-21,24.27,38.78,0.5982
P0000146,M00107,Percentage Off,2026-03-04,2026-03-15,64.04,150.79,1.3547
P0000149,M00108,Sponsored Listing,2026-02-02,2026-02-12,32.36,94.85,1.9309
P0000148,M00108,Percentage Off,2026-02-12,2026-02-25,49.94,48.36,-0.0316
P0000150,M00108,Free Delivery,2026-03-27,2026-04-03,37.72,73.18,0.9401
P0000147,M00108,BOGO,2026-05-02,2026-05-06,40.04,61.01,0.5239
P0000151,M00109,Percentage Off,2026-03-04,2026-03-15,44.46,114.21,1.5689
P0000152,M00110,Sponsored Listing,2026-02-02,2026-02-10,93.14,212.2,1.2782
P0000153,M00110,Percentage Off,2026-03-02,2026-03-15,28.13,62.44,1.2197
P0000155,M00111,Sponsored Listing,2026-02-23,2026-03-07,15.24,27.95,0.8339
P0000154,M00111,BOGO,2026-03-12,2026-03-17,178.09,405.9,1.2792
P0000156,M00111,Sponsored Listing,2026-04-08,2026-04-16,140.75,299.17,1.1255
P0000157,M00112,Sponsored Listing,2026-05-13,2026-05-20,170.88,355.12,1.0782
P0000158,M00115,Percentage Off,2026-02-27,2026-03-09,150.95,330.99,1.1928
P0000159,M00116,Sponsored Listing,2026-04-08,2026-04-15,38.13,77.73,1.0388
P0000160,M00117,Percentage Off,2026-03-27,2026-04-05,122.68,331.28,1.7004
P0000162,M00117,BOGO,2026-05-01,2026-05-09,30.74,55.17,0.7946
P0000161,M00117,BOGO,2026-05-09,2026-05-16,67.93,171.15,1.5195
P0000163,M00118,BOGO,2026-03-02,2026-03-07,106.74,183.61,0.7201
P0000166,M00119,Free Delivery,2026-02-01,2026-02-11,95.38,116.56,0.2221
P0000165,M00119,Sponsored Listing,2026-02-09,2026-02-23,58.01,103.55,0.7849
P0000164,M00119,Free Delivery,2026-04-10,2026-04-17,102.85,224.56,1.1833
P0000167,M00120,Sponsored Listing,2026-04-05,2026-04-13,121.17,371.82,2.0687
P0000168,M00121,Percentage Off,2026-02-04,2026-02-16,55.12,124.17,1.2529
P0000169,M00122,Percentage Off,2026-05-16,2026-05-23,45.23,145.3,2.2124
P0000170,M00124,Free Delivery,2026-02-17,2026-03-01,152.81,288.47,0.8878
P0000171,M00126,BOGO,2026-02-11,2026-02-23,202.96,271.88,0.3396
P0000172,M00127,BOGO,2026-03-31,2026-04-04,42.72,122.45,1.8663
P0000173,M00127,BOGO,2026-04-01,2026-04-11,208.88,583.76,1.7947
P0000174,M00128,BOGO,2026-02-13,2026-02-22,200.79,284.41,0.4165
P0000175,M00129,Percentage Off,2026-03-26,2026-04-06,92.76,242.5,1.6142
P0000176,M00130,Percentage Off,2026-04-09,2026-04-23,50.26,73.57,0.4638
P0000177,M00130,Sponsored Listing,2026-04-14,2026-04-28,67.28,151.67,1.2542
P0000179,M00131,Sponsored Listing,2026-02-08,2026-02-16,42.98,106.27,1.4722
P0000178,M00131,Percentage Off,2026-03-24,2026-04-06,74.34,119.56,0.6082
P0000180,M00132,Sponsored Listing,2026-03-20,2026-03-24,42.35,120.92,1.8555
P0000181,M00134,Percentage Off,2026-02-23,2026-03-01,53.44,62.69,0.173
P0000182,M00134,Free Delivery,2026-03-21,2026-03-26,88.69,256.48,1.8917
P0000183,M00135,Sponsored Listing,2026-03-20,2026-04-02,67.75,114.3,0.6872
P0000184,M00135,BOGO,2026-04-10,2026-04-22,53.5,96.6,0.8055
P0000185,M00136,Sponsored Listing,2026-04-17,2026-04-23,146.77,388.33,1.6458
P0000186,M00138,Free Delivery,2026-04-12,2026-04-21,47.12,117.49,1.4935
P0000187,M00139,BOGO,2026-02-28,2026-03-09,42.61,91.98,1.1583
P0000188,M00139,Sponsored Listing,2026-03-14,2026-03-27,51.46,112.92,1.1942
P0000189,M00140,BOGO,2026-02-26,2026-03-11,83.01,169.77,1.0452
P0000191,M00145,Free Delivery,2026-02-06,2026-02-11,80.61,82.26,0.0205
P0000190,M00145,BOGO,2026-05-16,2026-05-26,49.63,70.88,0.4282
P0000192,M00146,BOGO,2026-03-30,2026-04-05,118.4,360.43,2.0441
P0000193,M00147,BOGO,2026-03-07,2026-03-12,93.44,217.63,1.3292
P0000194,M00147,Percentage Off,2026-03-16,2026-03-27,215.94,559.3,1.5901
P0000195,M00148,Free Delivery,2026-02-15,2026-02-19,105.14,284.83,1.7091
P0000196,M00148,Percentage Off,2026-03-09,2026-03-15,151.36,306.88,1.0275
P0000197,M00148,Percentage Off,2026-04-17,2026-05-01,117.26,145.5,0.2408
P0000199,M00150,BOGO,2026-02-16,2026-02-23,75.72,72.66,-0.0404
P0000198,M00150,BOGO,2026-04-11,2026-04-18,58.43,104.77,0.7932
P0000201,M00150,Percentage Off,2026-05-04,2026-05-11,93.14,187.61,1.0144
P0000200,M00150,Percentage Off,2026-05-13,2026-05-20,132.67,348.64,1.628
P0000202,M00151,Free Delivery,2026-02-06,2026-02-18,46.78,102.6,1.1929
P0000203,M00153,BOGO,2026-05-12,2026-05-22,84.56,220.06,1.6026
P0000204,M00154,BOGO,2026-04-30,2026-05-14,69.14,184.4,1.667
P0000206,M00155,Sponsored Listing,2026-03-07,2026-03-15,184.47,436.94,1.3686
P0000205,M00155,Percentage Off,2026-04-18,2026-05-02,46.42,59.31,0.2778
P0000207,M00156,Percentage Off,2026-05-11,2026-05-23,55.97,117.94,1.1072
P0000208,M00157,BOGO,2026-04-18,2026-05-02,79.54,190.4,1.3936
P0000210,M00158,Sponsored Listing,2026-03-08,2026-03-21,172.09,266.55,0.5489
P0000211,M00158,Free Delivery,2026-03-27,2026-04-07,28.8,47.64,0.6541
P0000209,M00158,BOGO,2026-04-30,2026-05-09,89.73,142.92,0.5927
P0000212,M00159,Free Delivery,2026-05-10,2026-05-16,95.05,276.28,1.9067
P0000213,M00161,BOGO,2026-02-02,2026-02-13,103.16,152.45,0.4777
P0000214,M00161,Percentage Off,2026-04-01,2026-04-11,123.95,254.95,1.0568
P0000215,M00163,Percentage Off,2026-05-15,2026-05-25,49.34,155.05,2.1426
P0000217,M00164,Sponsored Listing,2026-02-25,2026-03-02,67.99,109.8,0.6151
P0000216,M00164,Free Delivery,2026-03-04,2026-03-09,83.09,189.03,1.275
P0000218,M00164,Free Delivery,2026-05-18,2026-05-30,133.89,300.46,1.244
P0000219,M00165,Percentage Off,2026-03-26,2026-03-30,81.12,196.1,1.4173
P0000220,M00166,BOGO,2026-05-12,2026-05-20,77.56,166.8,1.1507
P0000221,M00167,Free Delivery,2026-03-18,2026-03-23,128.31,223.38,0.7409
P0000222,M00167,Percentage Off,2026-03-31,2026-04-11,62.85,164.03,1.6099
P0000224,M00168,BOGO,2026-02-21,2026-03-01,126.9,274.34,1.1618
P0000223,M00168,Percentage Off,2026-05-17,2026-05-25,37.9,82.9,1.1872
P0000226,M00169,Free Delivery,2026-03-02,2026-03-15,29.14,35.1,0.2047
P0000225,M00169,Free Delivery,2026-03-28,2026-04-11,48.11,105.62,1.1954
P0000228,M00170,Free Delivery,2026-02-12,2026-02-20,115.79,181.09,0.5639
P0000229,M00170,Free Delivery,2026-02-15,2026-02-25,194.99,424.41,1.1765
P0000227,M00170,BOGO,2026-03-27,2026-04-06,184.22,259.72,0.4098
P0000232,M00172,Sponsored Listing,2026-02-28,2026-03-05,71.99,157.21,1.1839
P0000231,M00172,BOGO,2026-04-21,2026-05-04,60.03,196.39,2.2718
P0000230,M00172,BOGO,2026-05-07,2026-05-11,102.22,278.22,1.7217
P0000233,M00173,Percentage Off,2026-02-11,2026-02-20,51.26,121.44,1.3693
P0000234,M00173,BOGO,2026-03-28,2026-04-01,123.19,257.58,1.0909
P0000235,M00176,Free Delivery,2026-03-23,2026-04-05,369.75,561.16,0.5177
P0000236,M00178,Sponsored Listing,2026-02-27,2026-03-03,139.33,279.94,1.0091
P0000237,M00178,Percentage Off,2026-04-11,2026-04-21,76.08,143.76,0.8896
P0000238,M00178,Sponsored Listing,2026-05-11,2026-05-15,31.15,72.19,1.3178
P0000242,M00179,Free Delivery,2026-03-18,2026-03-28,38.4,113.09,1.9452
P0000241,M00179,Percentage Off,2026-03-23,2026-04-01,122.7,227.57,0.8546
P0000240,M00179,Sponsored Listing,2026-04-04,2026-04-11,154.5,267.84,0.7336
P0000239,M00179,Sponsored Listing,2026-04-17,2026-04-27,99.78,285.31,1.8595
P0000243,M00180,Free Delivery,2026-03-27,2026-04-04,159.89,303.27,0.8968
P0000244,M00183,BOGO,2026-03-19,2026-03-23,59.15,184.98,2.1276
P0000246,M00183,BOGO,2026-04-05,2026-04-11,55.26,101.48,0.8366
P0000245,M00183,Sponsored Listing,2026-04-09,2026-04-18,169.07,251.68,0.4886
P0000247,M00184,Free Delivery,2026-05-18,2026-05-28,110.92,249.23,1.247
P0000248,M00185,Percentage Off,2026-04-04,2026-04-08,113.81,163.79,0.4392
P0000249,M00185,Percentage Off,2026-04-17,2026-04-25,161.33,398.2,1.4682
P0000251,M00187,Percentage Off,2026-02-09,2026-02-13,78.56,180.26,1.2944
P0000253,M00187,BOGO,2026-03-15,2026-03-24,75.86,201.77,1.6597
P0000250,M00187,Percentage Off,2026-04-07,2026-04-19,361.52,705.13,0.9504
P0000252,M00187,Percentage Off,2026-05-18,2026-05-25,42.47,114.87,1.7046
P0000254,M00188,BOGO,2026-03-29,2026-04-08,156.18,349.37,1.237
P0000256,M00189,Sponsored Listing,2026-04-14,2026-04-20,114.26,361.0,2.1594
P0000255,M00189,Sponsored Listing,2026-04-29,2026-05-13,33.88,86.05,1.5398
P0000257,M00190,Sponsored Listing,2026-04-04,2026-04-17,53.98,95.62,0.7715
P0000258,M00191,BOGO,2026-05-18,2026-06-01,126.45,311.9,1.4666
P0000263,M00192,Percentage Off,2026-02-09,2026-02-17,88.21,219.07,1.4835
P0000262,M00192,Free Delivery,2026-02-27,2026-03-09,92.56,192.95,1.0846
P0000260,M00192,Free Delivery,2026-04-11,2026-04-23,84.6,193.65,1.289
P0000261,M00192,BOGO,2026-04-29,2026-05-10,126.3,270.59,1.1424
P0000259,M00192,Sponsored Listing,2026-05-20,2026-05-25,96.82,291.55,2.0111
P0000264,M00193,Free Delivery,2026-03-04,2026-03-14,75.92,211.93,1.7915
P0000266,M00194,Percentage Off,2026-02-02,2026-02-08,87.25,215.65,1.4715
P0000267,M00194,Free Delivery,2026-03-07,2026-03-20,230.66,618.16,1.68
P0000265,M00194,BOGO,2026-04-26,2026-05-03,60.72,135.07,1.2246
P0000269,M00195,BOGO,2026-02-20,2026-02-27,75.67,67.49,-0.1081
P0000268,M00195,Percentage Off,2026-05-05,2026-05-09,139.26,379.22,1.7231
P0000270,M00196,Free Delivery,2026-03-08,2026-03-19,27.48,58.23,1.1192
P0000271,M00197,Free Delivery,2026-02-03,2026-02-17,50.18,110.43,1.2008
P0000272,M00198,BOGO,2026-04-08,2026-04-22,53.55,114.84,1.1446
P0000273,M00199,Free Delivery,2026-02-20,2026-02-27,56.38,115.21,1.0433
P0000274,M00200,Percentage Off,2026-03-05,2026-03-14,65.72,179.06,1.7245
P0000275,M00200,Free Delivery,2026-05-02,2026-05-14,88.07,184.8,1.0982
P0000276,M00202,Free Delivery,2026-02-23,2026-03-03,76.92,203.96,1.6517
P0000277,M00203,Sponsored Listing,2026-05-20,2026-05-26,89.5,104.38,0.1663
P0000278,M00204,Free Delivery,2026-05-14,2026-05-22,56.57,134.35,1.375
P0000279,M00205,BOGO,2026-04-05,2026-04-09,42.1,67.85,0.6115
P0000280,M00206,Free Delivery,2026-05-02,2026-05-07,81.85,172.88,1.1121
P0000282,M00207,Free Delivery,2026-02-05,2026-02-15,22.49,64.73,1.8782
P0000281,M00207,Free Delivery,2026-03-19,2026-03-29,54.22,142.63,1.6304
P0000283,M00208,BOGO,2026-02-09,2026-02-13,40.41,87.01,1.1533
P0000285,M00208,BOGO,2026-03-03,2026-03-10,81.67,230.14,1.818
P0000284,M00208,Sponsored Listing,2026-03-07,2026-03-14,50.21,118.28,1.3555
P0000287,M00209,BOGO,2026-03-16,2026-03-30,72.45,125.72,0.7354
P0000286,M00209,Percentage Off,2026-05-09,2026-05-16,61.43,158.43,1.5791
P0000288,M00209,BOGO,2026-05-09,2026-05-18,52.17,175.0,2.3547
P0000289,M00209,Percentage Off,2026-05-19,2026-05-24,100.84,74.61,-0.2601
P0000290,M00210,Sponsored Listing,2026-04-11,2026-04-22,266.25,452.23,0.6985
P0000292,M00211,Percentage Off,2026-02-11,2026-02-16,82.76,178.9,1.1616
P0000294,M00211,Free Delivery,2026-02-20,2026-03-05,39.2,52.55,0.3405
P0000291,M00211,Free Delivery,2026-03-27,2026-03-31,41.33,65.19,0.5773
P0000293,M00211,Percentage Off,2026-04-09,2026-04-19,43.59,60.86,0.3961
P0000295,M00212,Percentage Off,2026-04-04,2026-04-13,29.92,84.53,1.8251
P0000296,M00212,BOGO,2026-04-20,2026-04-26,38.77,115.78,1.9866
P0000297,M00216,Sponsored Listing,2026-03-13,2026-03-23,46.86,112.8,1.4072
P0000298,M00216,BOGO,2026-03-25,2026-04-04,83.18,154.48,0.857
P0000299,M00216,Sponsored Listing,2026-05-13,2026-05-21,70.38,136.79,0.9434
P0000300,M00218,Free Delivery,2026-02-22,2026-03-06,156.69,449.93,1.8714
P0000301,M00218,Free Delivery,2026-04-01,2026-04-14,141.33,309.47,1.1898
P0000304,M00219,Free Delivery,2026-04-04,2026-04-17,71.36,200.69,1.8123
P0000302,M00219,BOGO,2026-05-15,2026-05-24,122.7,326.09,1.6577
P0000303,M00219,Sponsored Listing,2026-05-19,2026-05-24,80.29,211.73,1.6369
P0000305,M00220,BOGO,2026-03-17,2026-03-26,39.5,105.25,1.6648
P0000306,M00220,BOGO,2026-03-26,2026-03-31,85.69,181.33,1.116
P0000307,M00221,Percentage Off,2026-02-12,2026-02-22,70.34,105.91,0.5056
P0000309,M00222,Free Delivery,2026-02-23,2026-03-06,175.55,448.38,1.5541
P0000308,M00222,Sponsored Listing,2026-02-24,2026-03-01,59.61,89.31,0.4982
P0000310,M00222,Percentage Off,2026-04-04,2026-04-12,68.01,168.38,1.4757
P0000313,M00223,Sponsored Listing,2026-02-10,2026-02-14,211.19,524.13,1.4818
P0000312,M00223,Free Delivery,2026-03-09,2026-03-17,134.97,260.44,0.9296
P0000311,M00223,Sponsored Listing,2026-04-15,2026-04-19,203.22,554.15,1.7268
P0000314,M00225,Sponsored Listing,2026-02-06,2026-02-13,74.13,136.17,0.837
P0000315,M00226,BOGO,2026-03-29,2026-04-02,71.34,187.54,1.629
P0000316,M00227,Free Delivery,2026-03-18,2026-03-23,57.79,151.7,1.625
P0000317,M00227,Sponsored Listing,2026-04-22,2026-05-04,49.9,129.44,1.5938
P0000318,M00228,BOGO,2026-04-28,2026-05-04,25.46,76.42,2.0021
P0000319,M00230,Percentage Off,2026-02-22,2026-03-03,62.05,193.46,2.1177
P0000321,M00231,Percentage Off,2026-03-12,2026-03-20,320.93,728.27,1.2692
P0000320,M00231,Sponsored Listing,2026-03-27,2026-04-08,180.97,335.98,0.8565
P0000322,M00232,Free Delivery,2026-03-01,2026-03-11,177.11,510.53,1.8826
P0000323,M00233,Sponsored Listing,2026-05-06,2026-05-20,82.0,145.37,0.7728
P0000324,M00237,Free Delivery,2026-04-19,2026-05-03,35.96,56.23,0.5638
P0000325,M00237,Percentage Off,2026-04-21,2026-04-26,55.35,172.17,2.1107
P0000326,M00239,Free Delivery,2026-02-04,2026-02-13,184.34,235.3,0.2765
P0000327,M00239,Percentage Off,2026-02-05,2026-02-12,61.45,107.49,0.7494
P0000328,M00240,BOGO,2026-04-03,2026-04-13,165.23,284.43,0.7214
P0000329,M00242,BOGO,2026-02-25,2026-03-09,172.87,313.94,0.8161
P0000330,M00245,BOGO,2026-05-19,2026-05-31,154.96,410.55,1.6494
P0000331,M00247,Percentage Off,2026-05-15,2026-05-21,23.43,67.61,1.8857
P0000332,M00249,Free Delivery,2026-02-01,2026-02-08,105.88,260.42,1.4597
P0000334,M00249,Percentage Off,2026-02-19,2026-03-02,64.12,124.94,0.9487
P0000333,M00249,BOGO,2026-05-14,2026-05-23,22.93,51.88,1.2623
P0000335,M00251,Sponsored Listing,2026-04-17,2026-04-28,68.08,203.06,1.9827
P0000336,M00252,Free Delivery,2026-02-15,2026-03-01,89.5,219.82,1.4561
P0000337,M00252,Percentage Off,2026-03-17,2026-03-24,93.87,232.11,1.4726
P0000338,M00252,Free Delivery,2026-04-29,2026-05-06,85.5,181.51,1.1229
P0000339,M00255,Percentage Off,2026-02-25,2026-03-05,54.82,113.14,1.0638
P0000340,M00256,Percentage Off,2026-02-01,2026-02-11,63.52,120.98,0.9044
P0000341,M00257,BOGO,2026-04-08,2026-04-17,93.67,175.46,0.8732
P0000342,M00258,BOGO,2026-03-30,2026-04-12,58.3,141.85,1.4332
P0000343,M00258,Sponsored Listing,2026-04-28,2026-05-07,75.48,93.62,0.2403
P0000344,M00260,Free Delivery,2026-02-28,2026-03-11,202.37,402.34,0.9882
P0000345,M00260,Percentage Off,2026-03-22,2026-03-30,178.25,309.12,0.7341
P0000347,M00262,Free Delivery,2026-02-04,2026-02-08,84.26,101.28,0.2019
P0000346,M00262,BOGO,2026-03-14,2026-03-23,110.6,241.66,1.185
P0000348,M00262,Sponsored Listing,2026-04-01,2026-04-14,128.51,303.85,1.3645
P0000349,M00262,BOGO,2026-04-23,2026-04-27,59.31,145.45,1.4523
P0000350,M00263,Percentage Off,2026-03-18,2026-03-30,44.93,91.15,1.0285
P0000351,M00264,Sponsored Listing,2026-02-25,2026-03-02,39.08,68.72,0.7584
P0000353,M00264,Percentage Off,2026-04-09,2026-04-19,110.67,310.1,1.802
P0000354,M00264,BOGO,2026-04-12,2026-04-18,197.36,425.19,1.1545
P0000355,M00264,BOGO,2026-04-16,2026-04-26,135.37,404.58,1.9888
P0000352,M00264,Percentage Off,2026-05-16,2026-05-27,184.73,398.06,1.1548
P0000356,M00266,Sponsored Listing,2026-02-01,2026-02-15,136.2,215.09,0.5793
P0000357,M00266,Percentage Off,2026-03-02,2026-03-13,121.32,293.95,1.4229
P0000358,M00266,BOGO,2026-04-03,2026-04-12,45.6,139.75,2.0648
P0000359,M00267,Free Delivery,2026-02-11,2026-02-16,94.58,191.03,1.0198
P0000360,M00267,Percentage Off,2026-03-16,2026-03-26,35.44,48.36,0.3643
P0000361,M00268,Percentage Off,2026-04-08,2026-04-17,31.43,61.93,0.9708
P0000364,M00270,Sponsored Listing,2026-02-13,2026-02-24,67.61,190.44,1.8169
P0000363,M00270,Free Delivery,2026-03-15,2026-03-25,124.2,245.76,0.9787
P0000362,M00270,Free Delivery,2026-04-09,2026-04-14,51.55,94.21,0.8275
P0000365,M00271,Percentage Off,2026-05-14,2026-05-21,59.51,81.0,0.3612
P0000367,M00273,Free Delivery,2026-02-27,2026-03-09,87.05,162.28,0.8642
P0000366,M00273,Percentage Off,2026-04-14,2026-04-26,94.55,220.01,1.3268
P0000368,M00274,Sponsored Listing,2026-02-13,2026-02-26,22.53,33.63,0.4923
P0000369,M00275,Sponsored Listing,2026-05-03,2026-05-09,91.48,215.57,1.3566
P0000370,M00276,Free Delivery,2026-04-21,2026-05-02,107.21,113.39,0.0576
P0000371,M00278,BOGO,2026-05-12,2026-05-19,56.77,131.66,1.3192
P0000372,M00280,Free Delivery,2026-02-09,2026-02-16,115.33,286.91,1.4878
P0000373,M00281,BOGO,2026-03-12,2026-03-17,586.7,781.98,0.3328
P0000376,M00282,Sponsored Listing,2026-02-01,2026-02-14,95.79,257.56,1.6887
P0000374,M00282,Percentage Off,2026-03-23,2026-03-27,121.29,241.27,0.9893
P0000375,M00282,BOGO,2026-04-12,2026-04-19,121.6,222.4,0.8289
P0000377,M00285,Free Delivery,2026-05-06,2026-05-18,103.12,203.52,0.9736
P0000378,M00286,Percentage Off,2026-02-12,2026-02-22,49.67,141.11,1.8413
P0000379,M00287,BOGO,2026-02-05,2026-02-14,48.27,105.25,1.1804
P0000380,M00287,Percentage Off,2026-05-10,2026-05-18,202.05,379.91,0.8802
P0000383,M00288,Free Delivery,2026-04-23,2026-05-07,49.93,74.71,0.4961
P0000381,M00288,Free Delivery,2026-05-01,2026-05-13,82.65,141.89,0.7169
P0000382,M00288,Percentage Off,2026-05-02,2026-05-08,146.53,378.28,1.5817
P0000384,M00291,Percentage Off,2026-02-06,2026-02-13,50.41,77.76,0.5425
P0000385,M00292,BOGO,2026-04-13,2026-04-18,183.73,378.98,1.0627
P0000386,M00293,Percentage Off,2026-03-31,2026-04-14,60.66,142.43,1.348
P0000387,M00294,Sponsored Listing,2026-02-21,2026-02-27,114.11,259.14,1.2709
P0000388,M00294,Free Delivery,2026-04-18,2026-04-26,217.18,703.08,2.2374
P0000390,M00296,Free Delivery,2026-04-27,2026-05-08,156.17,290.12,0.8577
P0000389,M00296,Free Delivery,2026-05-10,2026-05-23,28.73,67.43,1.3468
P0000392,M00299,Sponsored Listing,2026-02-01,2026-02-11,46.05,75.37,0.6365
P0000395,M00299,Sponsored Listing,2026-02-02,2026-02-15,145.09,321.34,1.2148
P0000394,M00299,Free Delivery,2026-02-19,2026-02-23,218.39,359.66,0.6469
P0000391,M00299,Percentage Off,2026-02-27,2026-03-08,58.05,160.78,1.7697
P0000393,M00299,Free Delivery,2026-04-11,2026-04-23,125.49,202.94,0.6171
P0000397,M00300,Sponsored Listing,2026-02-05,2026-02-11,121.07,229.2,0.8931
P0000398,M00300,Sponsored Listing,2026-03-02,2026-03-14,348.06,788.95,1.2667
P0000396,M00300,Sponsored Listing,2026-04-28,2026-05-12,23.32,31.56,0.3533
P0000402,M00301,Sponsored Listing,2026-02-15,2026-02-20,151.07,289.57,0.9168
P0000399,M00301,BOGO,2026-02-28,2026-03-05,85.67,171.97,1.0073
P0000400,M00301,Percentage Off,2026-04-19,2026-04-29,52.29,192.31,2.6777
P0000401,M00301,BOGO,2026-04-20,2026-04-30,325.18,830.49,1.5539
P0000404,M00302,BOGO,2026-02-23,2026-03-01,53.48,99.31,0.8568
P0000403,M00302,BOGO,2026-03-28,2026-04-06,69.97,156.48,1.2365
P0000405,M00303,BOGO,2026-02-05,2026-02-15,27.41,67.3,1.4556
P0000408,M00304,BOGO,2026-02-27,2026-03-03,134.0,318.12,1.3741
P0000406,M00304,Percentage Off,2026-03-12,2026-03-23,54.24,85.51,0.5766
P0000407,M00304,Sponsored Listing,2026-03-30,2026-04-11,80.43,181.07,1.2514
P0000409,M00304,Percentage Off,2026-05-15,2026-05-26,56.26,117.42,1.087
P0000410,M00305,Sponsored Listing,2026-02-03,2026-02-14,43.24,67.44,0.5597
P0000412,M00305,Percentage Off,2026-03-19,2026-03-24,54.79,116.29,1.1225
P0000411,M00305,Percentage Off,2026-04-12,2026-04-22,57.65,138.98,1.4108
P0000413,M00307,BOGO,2026-04-24,2026-04-29,140.66,303.21,1.1556
P0000415,M00308,Free Delivery,2026-02-01,2026-02-05,53.35,131.68,1.4685
P0000414,M00308,Percentage Off,2026-04-02,2026-04-10,90.03,177.23,0.9687
P0000416,M00309,Free Delivery,2026-03-04,2026-03-13,31.21,83.5,1.6754
P0000417,M00310,Percentage Off,2026-04-27,2026-05-01,29.57,64.95,1.1966
P0000418,M00311,Free Delivery,2026-02-19,2026-03-05,38.7,75.2,0.9433
P0000419,M00311,Free Delivery,2026-03-09,2026-03-15,106.96,197.69,0.8482
P0000420,M00316,Percentage Off,2026-02-02,2026-02-07,86.97,200.78,1.3086
P0000421,M00316,Sponsored Listing,2026-05-19,2026-05-31,222.38,492.04,1.2126
P0000422,M00318,Free Delivery,2026-05-03,2026-05-13,61.9,117.27,0.8945
P0000423,M00320,Sponsored Listing,2026-03-28,2026-04-07,50.84,79.03,0.5545
P0000425,M00321,BOGO,2026-03-01,2026-03-10,77.09,44.01,-0.4291
P0000424,M00321,BOGO,2026-05-02,2026-05-13,61.4,111.26,0.8122
P0000426,M00322,Free Delivery,2026-03-05,2026-03-11,50.61,141.86,1.8028
P0000427,M00323,Free Delivery,2026-04-26,2026-05-07,77.49,220.8,1.8496
P0000428,M00324,Percentage Off,2026-02-09,2026-02-17,87.05,147.56,0.6951
P0000429,M00324,Percentage Off,2026-02-18,2026-02-27,47.71,143.11,1.9998
P0000430,M00326,Percentage Off,2026-02-19,2026-03-04,76.58,197.76,1.5824
P0000431,M00328,Free Delivery,2026-03-12,2026-03-18,71.02,108.62,0.5293
P0000432,M00329,BOGO,2026-03-09,2026-03-16,48.4,133.74,1.7632
P0000433,M00329,Percentage Off,2026-03-30,2026-04-04,23.84,77.33,2.2432
P0000434,M00330,Free Delivery,2026-02-03,2026-02-08,58.59,82.29,0.4044
P0000435,M00331,Free Delivery,2026-05-18,2026-05-31,89.84,139.63,0.5543
P0000436,M00332,BOGO,2026-03-07,2026-03-17,85.83,144.26,0.6808
P0000437,M00333,Percentage Off,2026-02-06,2026-02-16,156.74,397.76,1.5378
P0000439,M00334,Free Delivery,2026-03-17,2026-03-29,80.14,145.42,0.8145
P0000438,M00334,Percentage Off,2026-04-26,2026-05-01,112.15,237.53,1.118
P0000443,M00335,BOGO,2026-03-12,2026-03-16,51.06,116.48,1.2813
P0000440,M00335,Free Delivery,2026-03-15,2026-03-26,208.84,354.18,0.6959
P0000442,M00335,Percentage Off,2026-03-23,2026-03-30,107.86,173.48,0.6084
P0000441,M00335,Sponsored Listing,2026-05-08,2026-05-18,211.27,481.52,1.2792
P0000444,M00336,Sponsored Listing,2026-04-01,2026-04-12,303.08,714.95,1.359
P0000445,M00337,Sponsored Listing,2026-02-08,2026-02-21,59.53,104.08,0.7482
P0000448,M00338,Sponsored Listing,2026-02-11,2026-02-24,117.0,275.49,1.3545
P0000446,M00338,Sponsored Listing,2026-03-18,2026-03-30,101.58,186.02,0.8312
P0000447,M00338,BOGO,2026-03-21,2026-03-25,269.14,362.85,0.3482
P0000450,M00340,Sponsored Listing,2026-02-16,2026-02-20,25.66,51.6,1.0111
P0000449,M00340,Free Delivery,2026-03-18,2026-03-29,156.33,405.01,1.5908
P0000451,M00340,BOGO,2026-03-23,2026-04-03,83.36,210.47,1.5249
P0000452,M00341,Free Delivery,2026-05-11,2026-05-24,93.01,160.71,0.728
P0000453,M00342,Sponsored Listing,2026-02-17,2026-03-01,49.08,122.01,1.4863
P0000454,M00343,Sponsored Listing,2026-02-04,2026-02-18,109.84,351.31,2.1983
P0000455,M00345,Sponsored Listing,2026-03-22,2026-04-05,31.73,79.41,1.5025
P0000456,M00346,Sponsored Listing,2026-02-22,2026-03-05,101.14,215.67,1.1324
P0000457,M00347,Percentage Off,2026-05-12,2026-05-19,48.3,70.42,0.4579
P0000458,M00348,Percentage Off,2026-02-28,2026-03-14,149.95,334.35,1.2298
P0000460,M00348,Free Delivery,2026-03-03,2026-03-16,171.93,389.88,1.2676
P0000459,M00348,Percentage Off,2026-03-11,2026-03-20,92.09,142.69,0.5495
P0000461,M00350,Sponsored Listing,2026-03-09,2026-03-14,82.12,232.34,1.8294
P0000462,M00351,Percentage Off,2026-02-23,2026-03-05,156.15,243.14,0.5571
P0000463,M00355,BOGO,2026-04-20,2026-04-30,242.42,271.12,0.1184
P0000465,M00356,Free Delivery,2026-02-15,2026-02-19,136.13,166.16,0.2206
P0000464,M00356,BOGO,2026-03-13,2026-03-18,49.65,116.21,1.3407
P0000467,M00356,Sponsored Listing,2026-03-24,2026-04-04,90.82,211.87,1.3328
P0000466,M00356,Free Delivery,2026-04-13,2026-04-17,53.65,126.77,1.3632
P0000468,M00357,Sponsored Listing,2026-04-04,2026-04-17,76.35,88.11,0.154
P0000469,M00357,Sponsored Listing,2026-04-07,2026-04-11,133.13,339.99,1.5539
P0000471,M00358,Sponsored Listing,2026-04-17,2026-04-27,55.29,101.56,0.8368
P0000470,M00358,BOGO,2026-05-20,2026-05-26,72.76,165.06,1.2685
P0000473,M00359,Free Delivery,2026-02-17,2026-02-25,141.24,424.07,2.0025
P0000472,M00359,Percentage Off,2026-04-11,2026-04-18,85.71,177.64,1.0725
P0000474,M00361,BOGO,2026-03-31,2026-04-04,187.43,319.05,0.7022
P0000475,M00363,BOGO,2026-04-06,2026-04-18,68.47,164.27,1.399
P0000476,M00363,Free Delivery,2026-04-08,2026-04-20,92.46,209.71,1.2681
P0000478,M00365,BOGO,2026-02-14,2026-02-19,49.01,116.28,1.3726
P0000479,M00365,Percentage Off,2026-03-12,2026-03-18,117.98,265.82,1.2532
P0000477,M00365,Percentage Off,2026-05-07,2026-05-17,144.43,330.61,1.289
P0000480,M00366,Free Delivery,2026-03-10,2026-03-16,156.59,429.0,1.7397
P0000481,M00366,Percentage Off,2026-04-30,2026-05-06,95.07,182.01,0.9146
P0000482,M00368,Free Delivery,2026-04-23,2026-04-29,106.03,214.61,1.024
P0000483,M00369,BOGO,2026-04-21,2026-05-05,57.34,122.38,1.1344
P0000484,M00370,BOGO,2026-04-29,2026-05-11,52.81,120.29,1.2779
P0000486,M00371,Percentage Off,2026-03-09,2026-03-16,118.66,292.67,1.4665
P0000485,M00371,Sponsored Listing,2026-03-20,2026-03-24,71.89,158.26,1.2014
P0000488,M00373,Sponsored Listing,2026-02-23,2026-03-01,55.7,122.1,1.1921
P0000487,M00373,Free Delivery,2026-03-29,2026-04-03,139.97,276.67,0.9766
P0000489,M00374,BOGO,2026-02-13,2026-02-24,38.71,111.68,1.8854
P0000490,M00374,Free Delivery,2026-02-25,2026-03-08,70.77,173.42,1.4506
P0000491,M00374,Sponsored Listing,2026-04-24,2026-05-04,72.44,208.85,1.8832
P0000492,M00374,Percentage Off,2026-05-08,2026-05-17,121.87,245.41,1.0137
P0000493,M00375,Sponsored Listing,2026-03-09,2026-03-16,36.9,64.74,0.7542
P0000494,M00376,Percentage Off,2026-02-07,2026-02-17,38.61,147.56,2.8215
P0000495,M00376,Percentage Off,2026-02-22,2026-02-27,196.82,419.54,1.1316
P0000498,M00378,BOGO,2026-03-19,2026-03-23,75.01,253.02,2.3731
P0000496,M00378,Percentage Off,2026-04-03,2026-04-15,28.34,67.91,1.3965
P0000497,M00378,Sponsored Listing,2026-05-13,2026-05-18,38.41,94.13,1.4508
P0000499,M00379,Sponsored Listing,2026-04-20,2026-04-30,90.25,141.45,0.5674
P0000500,M00380,Free Delivery,2026-02-24,2026-03-04,86.46,147.51,0.7061
P0000501,M00380,BOGO,2026-03-07,2026-03-19,57.19,116.54,1.038
P0000502,M00380,Sponsored Listing,2026-03-11,2026-03-18,82.8,241.42,1.9157
P0000503,M00380,Percentage Off,2026-03-12,2026-03-21,64.74,120.71,0.8645
P0000504,M00381,BOGO,2026-05-11,2026-05-20,135.92,264.56,0.9465
P0000505,M00382,Percentage Off,2026-04-06,2026-04-19,64.31,114.3,0.7774
P0000506,M00382,BOGO,2026-04-19,2026-04-29,79.26,136.08,0.7168
P0000508,M00383,Sponsored Listing,2026-03-17,2026-03-23,97.17,95.88,-0.0133
P0000507,M00383,BOGO,2026-04-24,2026-05-05,31.59,72.01,1.2794
P0000509,M00383,Percentage Off,2026-05-20,2026-05-26,126.94,197.12,0.5529
P0000510,M00385,BOGO,2026-02-10,2026-02-21,104.58,281.8,1.6945
P0000512,M00386,Sponsored Listing,2026-03-28,2026-04-11,526.9,424.05,-0.1952
P0000511,M00386,BOGO,2026-04-08,2026-04-12,86.53,159.58,0.8442
P0000514,M00387,Sponsored Listing,2026-03-16,2026-03-26,178.41,319.46,0.7906
P0000513,M00387,Sponsored Listing,2026-03-27,2026-04-07,125.13,222.28,0.7764
P0000518,M00388,Percentage Off,2026-02-04,2026-02-10,110.79,302.0,1.7257
P0000517,M00388,Free Delivery,2026-02-12,2026-02-19,64.15,169.92,1.6488
P0000515,M00388,Percentage Off,2026-04-10,2026-04-23,77.5,211.21,1.7252
P0000516,M00388,Percentage Off,2026-05-01,2026-05-10,87.84,141.32,0.6088
P0000520,M00390,Free Delivery,2026-02-02,2026-02-12,52.52,104.03,0.9808
P0000519,M00390,Sponsored Listing,2026-02-13,2026-02-27,63.8,156.87,1.4587
P0000521,M00390,BOGO,2026-05-20,2026-06-02,35.55,88.5,1.4893
P0000522,M00392,Sponsored Listing,2026-04-13,2026-04-17,44.92,100.28,1.2323
P0000525,M00393,Sponsored Listing,2026-02-26,2026-03-07,47.62,95.81,1.012
P0000524,M00393,Percentage Off,2026-02-27,2026-03-06,54.52,137.41,1.5201
P0000523,M00393,BOGO,2026-05-04,2026-05-18,60.52,131.53,1.1734
P0000527,M00394,Free Delivery,2026-02-22,2026-02-28,51.11,93.88,0.837
P0000526,M00394,Percentage Off,2026-03-28,2026-04-10,99.09,239.19,1.4138
P0000529,M00395,Percentage Off,2026-03-30,2026-04-11,55.11,118.01,1.1412
P0000528,M00395,Sponsored Listing,2026-05-20,2026-05-27,72.86,204.01,1.8
P0000531,M00396,Sponsored Listing,2026-02-10,2026-02-14,74.74,188.8,1.526
P0000530,M00396,BOGO,2026-03-17,2026-03-28,135.66,313.4,1.3102
P0000532,M00396,Free Delivery,2026-04-12,2026-04-19,69.7,115.8,0.6613
P0000533,M00397,Percentage Off,2026-02-12,2026-02-23,58.11,178.32,2.0686
P0000534,M00397,Free Delivery,2026-03-14,2026-03-27,86.51,182.48,1.1093
P0000535,M00397,Sponsored Listing,2026-03-25,2026-03-31,76.4,75.66,-0.0097
P0000537,M00398,Free Delivery,2026-02-12,2026-02-25,171.04,251.41,0.4699
P0000536,M00398,Free Delivery,2026-04-23,2026-05-03,40.73,91.17,1.2382
P0000540,M00400,Percentage Off,2026-03-12,2026-03-19,92.36,202.8,1.1958
P0000539,M00400,Free Delivery,2026-04-22,2026-04-27,97.07,248.49,1.5598
P0000538,M00400,Free Delivery,2026-05-02,2026-05-11,170.99,442.97,1.5906
P0000541,M00403,Sponsored Listing,2026-05-15,2026-05-28,74.58,142.39,0.9092
P0000542,M00404,BOGO,2026-02-26,2026-03-12,155.85,370.4,1.3766
P0000543,M00405,Free Delivery,2026-02-07,2026-02-19,217.86,508.34,1.3333
P0000548,M00406,Sponsored Listing,2026-02-01,2026-02-12,70.08,146.64,1.0925
P0000546,M00406,Sponsored Listing,2026-02-24,2026-03-03,110.39,137.27,0.2435
P0000545,M00406,Sponsored Listing,2026-03-31,2026-04-06,121.26,224.86,0.8543
P0000547,M00406,Sponsored Listing,2026-04-10,2026-04-15,154.63,429.87,1.7799
P0000544,M00406,Sponsored Listing,2026-04-15,2026-04-28,96.74,220.23,1.2764
P0000549,M00408,Sponsored Listing,2026-04-11,2026-04-16,26.21,44.28,0.6894
P0000550,M00408,Sponsored Listing,2026-04-14,2026-04-22,60.03,106.66,0.7768
P0000551,M00410,Percentage Off,2026-02-26,2026-03-10,187.43,596.21,2.181
P0000552,M00410,BOGO,2026-04-01,2026-04-11,56.06,106.29,0.8959
P0000553,M00411,BOGO,2026-03-31,2026-04-10,106.42,128.63,0.2087
P0000555,M00412,BOGO,2026-02-08,2026-02-14,86.6,181.03,1.0904
P0000557,M00412,Percentage Off,2026-03-13,2026-03-20,46.25,101.16,1.1872
P0000556,M00412,Free Delivery,2026-04-04,2026-04-16,163.61,321.28,0.9637
P0000558,M00412,Percentage Off,2026-04-23,2026-04-27,90.34,179.46,0.9866
P0000554,M00412,Percentage Off,2026-05-09,2026-05-23,150.86,339.82,1.2525
P0000559,M00413,Percentage Off,2026-02-04,2026-02-16,87.23,244.91,1.8077
P0000560,M00414,Sponsored Listing,2026-04-11,2026-04-19,133.84,335.01,1.5031
P0000561,M00415,Free Delivery,2026-02-10,2026-02-24,46.34,105.79,1.2831
P0000562,M00415,Free Delivery,2026-04-12,2026-04-18,26.35,61.98,1.3518
P0000563,M00416,Free Delivery,2026-04-29,2026-05-03,106.73,193.51,0.813
P0000564,M00417,Sponsored Listing,2026-03-24,2026-03-30,35.32,91.73,1.5972
P0000565,M00418,Sponsored Listing,2026-05-17,2026-05-31,83.92,190.32,1.2678
P0000566,M00419,Free Delivery,2026-02-07,2026-02-15,451.47,1066.93,1.3632
P0000567,M00419,Free Delivery,2026-05-15,2026-05-22,183.05,287.44,0.5703
P0000569,M00420,Free Delivery,2026-02-03,2026-02-12,153.4,543.79,2.545
P0000568,M00420,Sponsored Listing,2026-03-18,2026-03-27,122.73,278.15,1.2663
P0000570,M00420,Sponsored Listing,2026-03-19,2026-03-26,40.07,72.91,0.8194
P0000571,M00421,Sponsored Listing,2026-05-05,2026-05-09,335.01,558.05,0.6658
P0000572,M00422,BOGO,2026-04-06,2026-04-16,39.73,102.43,1.5781
P0000573,M00423,Free Delivery,2026-03-27,2026-04-10,93.83,288.33,2.0729
P0000574,M00424,Percentage Off,2026-04-17,2026-04-25,176.31,426.0,1.4161
P0000575,M00425,Sponsored Listing,2026-02-21,2026-03-01,67.68,169.24,1.5005
P0000576,M00426,Sponsored Listing,2026-04-05,2026-04-16,128.58,200.9,0.5625
P0000577,M00428,Percentage Off,2026-03-08,2026-03-14,151.31,414.05,1.7366
P0000579,M00431,Sponsored Listing,2026-02-03,2026-02-08,61.61,152.02,1.4675
P0000578,M00431,Free Delivery,2026-02-18,2026-02-22,67.0,174.65,1.6066
P0000580,M00431,Free Delivery,2026-02-24,2026-03-09,83.52,79.07,-0.0533
P0000581,M00432,Percentage Off,2026-03-01,2026-03-13,29.98,60.08,1.004
P0000583,M00432,Percentage Off,2026-03-07,2026-03-21,35.49,49.64,0.3988
P0000582,M00432,BOGO,2026-05-01,2026-05-07,43.33,132.76,2.0637
P0000584,M00433,Percentage Off,2026-02-24,2026-03-08,32.56,51.45,0.58
P0000585,M00434,Percentage Off,2026-03-20,2026-04-01,122.34,198.24,0.6204
P0000586,M00434,BOGO,2026-04-13,2026-04-20,133.69,358.33,1.6803
P0000587,M00436,Percentage Off,2026-02-27,2026-03-07,20.78,8.31,-0.6
P0000589,M00437,Sponsored Listing,2026-02-13,2026-02-24,322.72,628.85,0.9486
P0000588,M00437,Percentage Off,2026-03-18,2026-03-28,28.87,75.41,1.612
P0000591,M00439,Percentage Off,2026-04-29,2026-05-12,174.15,260.68,0.4969
P0000590,M00439,BOGO,2026-05-04,2026-05-11,384.61,817.51,1.1256
P0000592,M00440,BOGO,2026-04-28,2026-05-08,127.08,143.75,0.1312
P0000593,M00441,BOGO,2026-02-24,2026-03-08,95.42,138.3,0.4495
P0000594,M00441,BOGO,2026-04-27,2026-05-02,181.56,405.47,1.2332
P0000595,M00441,Percentage Off,2026-05-02,2026-05-16,55.23,90.07,0.6308
P0000596,M00442,BOGO,2026-02-05,2026-02-10,127.03,280.67,1.2094
P0000597,M00442,Sponsored Listing,2026-04-09,2026-04-22,57.97,147.45,1.5437
P0000598,M00443,BOGO,2026-03-03,2026-03-08,26.16,67.64,1.5857
P0000599,M00445,Sponsored Listing,2026-02-25,2026-03-02,115.18,191.26,0.6606
P0000600,M00447,Free Delivery,2026-04-02,2026-04-16,82.2,180.67,1.1979
P0000601,M00448,Free Delivery,2026-03-29,2026-04-05,213.98,521.61,1.4377
P0000602,M00450,Free Delivery,2026-04-14,2026-04-21,140.14,284.56,1.0305
P0000603,M00451,Sponsored Listing,2026-04-26,2026-05-05,21.04,45.62,1.1682
P0000604,M00452,Percentage Off,2026-05-13,2026-05-18,143.25,119.1,-0.1685
P0000606,M00453,Sponsored Listing,2026-03-10,2026-03-15,60.6,150.92,1.4906
P0000605,M00453,Free Delivery,2026-04-21,2026-04-27,101.35,150.76,0.4875
P0000607,M00454,Free Delivery,2026-05-14,2026-05-24,59.47,136.08,1.2882
P0000611,M00455,Percentage Off,2026-02-03,2026-02-12,83.13,279.37,2.3607
P0000609,M00455,Percentage Off,2026-02-04,2026-02-12,38.47,46.1,0.1982
P0000613,M00455,Percentage Off,2026-02-16,2026-02-21,165.46,411.4,1.4864
P0000608,M00455,BOGO,2026-04-08,2026-04-17,68.11,112.05,0.6453
P0000612,M00455,Free Delivery,2026-04-18,2026-04-23,63.24,162.67,1.5723
P0000610,M00455,Percentage Off,2026-05-01,2026-05-13,42.46,65.33,0.5387
P0000614,M00458,BOGO,2026-02-07,2026-02-17,107.68,227.4,1.1118
P0000617,M00459,BOGO,2026-02-06,2026-02-16,109.6,255.18,1.3282
P0000616,M00459,BOGO,2026-04-22,2026-04-27,103.16,156.87,0.5206
P0000615,M00459,Percentage Off,2026-05-06,2026-05-10,37.35,68.78,0.8414
P0000618,M00460,Free Delivery,2026-02-19,2026-03-05,37.25,79.82,1.1427
P0000620,M00460,Sponsored Listing,2026-03-24,2026-03-28,149.91,241.51,0.611
P0000619,M00460,Free Delivery,2026-05-19,2026-05-23,97.74,98.28,0.0055
P0000622,M00461,Percentage Off,2026-03-24,2026-03-29,83.41,151.49,0.8162
P0000621,M00461,Percentage Off,2026-05-01,2026-05-10,59.49,98.97,0.6636
P0000624,M00462,Percentage Off,2026-02-09,2026-02-23,26.24,51.94,0.9796
P0000625,M00462,Free Delivery,2026-03-20,2026-04-01,43.43,120.78,1.7814
P0000623,M00462,BOGO,2026-03-25,2026-04-03,48.17,90.08,0.87
P0000626,M00463,BOGO,2026-03-12,2026-03-21,41.3,70.47,0.7064
P0000627,M00463,Sponsored Listing,2026-03-14,2026-03-18,69.49,100.97,0.453
P0000629,M00464,Percentage Off,2026-02-26,2026-03-05,62.75,119.69,0.9074
P0000628,M00464,Percentage Off,2026-03-13,2026-03-17,80.73,162.21,1.0093
P0000630,M00466,BOGO,2026-02-01,2026-02-09,56.47,134.83,1.3875
P0000631,M00466,Sponsored Listing,2026-04-21,2026-05-01,47.54,135.68,1.8541
P0000633,M00467,Sponsored Listing,2026-02-11,2026-02-21,78.37,165.23,1.1084
P0000632,M00467,Free Delivery,2026-03-09,2026-03-17,60.0,82.78,0.3797
P0000635,M00468,BOGO,2026-02-08,2026-02-20,176.68,378.46,1.1421
P0000634,M00468,Percentage Off,2026-03-28,2026-04-08,209.85,396.36,0.8888
P0000638,M00469,Percentage Off,2026-02-05,2026-02-18,43.95,119.45,1.7179
P0000637,M00469,Sponsored Listing,2026-03-27,2026-04-08,173.37,302.32,0.7438
P0000636,M00469,Percentage Off,2026-04-12,2026-04-22,348.36,838.85,1.408
P0000639,M00469,BOGO,2026-04-18,2026-04-29,42.79,62.23,0.4543
P0000640,M00470,Sponsored Listing,2026-02-08,2026-02-13,61.76,197.0,2.1895
P0000641,M00470,Sponsored Listing,2026-04-08,2026-04-13,208.56,261.93,0.2559
P0000642,M00471,Percentage Off,2026-04-18,2026-05-01,54.73,114.91,1.0995
P0000646,M00472,Free Delivery,2026-02-10,2026-02-15,64.32,142.06,1.2086
P0000644,M00472,Percentage Off,2026-02-17,2026-03-02,106.34,253.64,1.3852
P0000643,M00472,Free Delivery,2026-03-15,2026-03-21,69.55,118.91,0.7098
P0000645,M00472,Free Delivery,2026-03-29,2026-04-10,134.93,305.17,1.2616
P0000647,M00473,Percentage Off,2026-03-04,2026-03-16,41.48,65.38,0.576
P0000648,M00474,Percentage Off,2026-02-10,2026-02-19,38.29,119.84,2.13
P0000649,M00479,BOGO,2026-02-13,2026-02-19,153.61,214.0,0.3932
P0000650,M00479,Sponsored Listing,2026-04-18,2026-04-28,220.55,475.2,1.1547
P0000652,M00479,Percentage Off,2026-04-29,2026-05-09,41.39,69.49,0.679
P0000651,M00479,Free Delivery,2026-05-06,2026-05-17,194.83,373.73,0.9183
P0000653,M00481,BOGO,2026-05-15,2026-05-27,25.14,42.04,0.6718
P0000654,M00483,BOGO,2026-04-29,2026-05-06,20.02,33.44,0.6707
P0000655,M00483,Free Delivery,2026-05-15,2026-05-26,159.79,326.83,1.0454
P0000656,M00484,Sponsored Listing,2026-02-04,2026-02-13,71.12,175.67,1.4702
P0000657,M00484,Percentage Off,2026-05-10,2026-05-24,271.69,224.97,-0.1719
P0000658,M00484,BOGO,2026-05-18,2026-05-30,57.03,126.2,1.2129
P0000659,M00485,BOGO,2026-04-05,2026-04-14,600.0,1713.05,1.8551
P0000660,M00485,BOGO,2026-04-15,2026-04-29,94.27,203.49,1.1586
P0000661,M00488,Free Delivery,2026-04-25,2026-05-05,32.52,48.21,0.4825
P0000663,M00489,Percentage Off,2026-03-29,2026-04-07,52.95,88.34,0.6683
P0000662,M00489,Sponsored Listing,2026-04-07,2026-04-19,100.56,215.3,1.1411
P0000664,M00490,BOGO,2026-04-06,2026-04-16,132.74,382.42,1.881
P0000665,M00491,BOGO,2026-03-08,2026-03-16,51.48,54.6,0.0605
P0000667,M00492,Sponsored Listing,2026-02-11,2026-02-17,122.31,169.37,0.3848
P0000666,M00492,Free Delivery,2026-04-19,2026-04-25,180.7,384.03,1.1252
P0000669,M00493,Free Delivery,2026-03-25,2026-03-30,118.93,197.36,0.6595
P0000668,M00493,Free Delivery,2026-05-03,2026-05-17,65.24,116.65,0.7881
P0000670,M00494,Percentage Off,2026-03-10,2026-03-20,145.72,456.4,2.1319
P0000673,M00495,Free Delivery,2026-02-09,2026-02-19,58.9,124.08,1.1068
P0000672,M00495,Sponsored Listing,2026-04-05,2026-04-09,95.13,102.33,0.0757
P0000671,M00495,Percentage Off,2026-04-15,2026-04-25,170.01,416.22,1.4483
P0000674,M00496,Free Delivery,2026-03-01,2026-03-09,63.11,183.33,1.9051
P0000675,M00496,BOGO,2026-03-07,2026-03-20,89.96,208.07,1.3129
P0000677,M00497,Percentage Off,2026-03-08,2026-03-19,55.25,111.58,1.0197
P0000676,M00497,Percentage Off,2026-04-12,2026-04-23,176.79,529.59,1.9956
P0000680,M00498,BOGO,2026-04-07,2026-04-12,171.08,295.73,0.7286
P0000678,M00498,Free Delivery,2026-05-09,2026-05-22,25.74,81.54,2.1674
P0000679,M00498,Percentage Off,2026-05-13,2026-05-21,61.79,178.94,1.8961
P0000681,M00499,Percentage Off,2026-02-12,2026-02-22,215.74,473.89,1.1966
P0000683,M00499,Percentage Off,2026-03-04,2026-03-17,74.18,84.81,0.1432
P0000682,M00499,Free Delivery,2026-04-18,2026-05-01,44.04,122.8,1.7882
P0000684,M00500,BOGO,2026-03-03,2026-03-13,117.96,252.68,1.1421
P0000685,M00500,Free Delivery,2026-03-04,2026-03-16,60.94,164.23,1.6949
P0000686,M00500,Percentage Off,2026-03-12,2026-03-25,91.1,109.16,0.1982
P0000687,M00501,Free Delivery,2026-02-11,2026-02-17,83.53,215.32,1.5779
P0000688,M00502,Percentage Off,2026-03-08,2026-03-22,52.63,106.61,1.0259
P0000689,M00503,Sponsored Listing,2026-02-03,2026-02-17,37.02,51.57,0.3929
P0000690,M00504,Sponsored Listing,2026-05-10,2026-05-14,64.82,208.95,2.2234
P0000691,M00506,Free Delivery,2026-02-23,2026-03-01,37.42,71.11,0.9002
P0000692,M00506,Percentage Off,2026-05-02,2026-05-11,81.56,188.57,1.3121
P0000693,M00507,BOGO,2026-02-02,2026-02-06,149.36,400.35,1.6804
P0000694,M00509,BOGO,2026-02-22,2026-03-07,104.52,268.54,1.5692
P0000695,M00509,BOGO,2026-03-12,2026-03-22,49.21,106.62,1.1668
P0000696,M00509,BOGO,2026-05-05,2026-05-19,54.94,101.6,0.8493
P0000697,M00511,Percentage Off,2026-03-30,2026-04-12,59.45,122.24,1.0562
P0000698,M00513,Sponsored Listing,2026-03-22,2026-03-29,221.85,375.75,0.6937
P0000699,M00513,Free Delivery,2026-04-14,2026-04-22,180.1,576.2,2.1993
P0000700,M00514,Free Delivery,2026-02-28,2026-03-13,33.23,77.38,1.3286
P0000703,M00515,BOGO,2026-02-26,2026-03-08,50.5,87.31,0.7287
P0000702,M00515,Sponsored Listing,2026-02-28,2026-03-11,177.63,317.53,0.7876
P0000701,M00515,Free Delivery,2026-04-28,2026-05-06,98.08,206.12,1.1016
P0000705,M00517,BOGO,2026-02-25,2026-03-11,63.23,172.8,1.7329
P0000704,M00517,Percentage Off,2026-02-27,2026-03-04,47.86,94.63,0.9773
P0000706,M00518,BOGO,2026-04-05,2026-04-10,118.88,159.71,0.3435
P0000707,M00519,Free Delivery,2026-02-20,2026-03-03,81.92,270.37,2.3005
P0000708,M00521,Percentage Off,2026-05-13,2026-05-25,81.09,120.17,0.4818
P0000709,M00522,Sponsored Listing,2026-04-26,2026-05-02,118.2,262.77,1.2231
P0000710,M00524,BOGO,2026-04-05,2026-04-18,246.04,609.05,1.4754
P0000711,M00525,Percentage Off,2026-05-04,2026-05-14,173.62,263.6,0.5183
P0000712,M00526,Percentage Off,2026-02-13,2026-02-25,43.79,127.49,1.9117
P0000714,M00528,Free Delivery,2026-03-04,2026-03-17,50.03,55.32,0.1057
P0000715,M00528,Free Delivery,2026-03-16,2026-03-29,178.4,204.25,0.1449
P0000713,M00528,Percentage Off,2026-05-19,2026-05-27,26.76,57.3,1.1415
P0000716,M00530,Free Delivery,2026-03-21,2026-04-02,106.83,273.57,1.5609
P0000717,M00530,BOGO,2026-04-16,2026-04-23,83.07,127.72,0.5376
P0000718,M00531,Free Delivery,2026-04-07,2026-04-16,175.92,384.64,1.1865
P0000719,M00532,BOGO,2026-04-17,2026-04-27,109.02,178.58,0.6381
P0000720,M00533,Free Delivery,2026-05-04,2026-05-15,101.87,203.23,0.995
P0000722,M00534,BOGO,2026-02-07,2026-02-16,220.85,574.39,1.6009
P0000721,M00534,Percentage Off,2026-02-13,2026-02-20,67.17,162.18,1.4147
P0000726,M00535,Percentage Off,2026-02-02,2026-02-06,54.15,120.0,1.2161
P0000727,M00535,Free Delivery,2026-03-14,2026-03-18,77.97,166.66,1.1375
P0000723,M00535,Free Delivery,2026-03-15,2026-03-23,246.91,366.65,0.4849
P0000725,M00535,Percentage Off,2026-03-17,2026-03-31,118.31,213.59,0.8053
P0000724,M00535,Free Delivery,2026-04-09,2026-04-17,81.56,131.65,0.6142
P0000728,M00536,Free Delivery,2026-02-06,2026-02-16,171.34,514.35,2.0019
P0000729,M00536,BOGO,2026-02-20,2026-03-05,110.05,189.46,0.7215
P0000730,M00537,Free Delivery,2026-05-05,2026-05-14,82.92,155.0,0.8693
P0000731,M00538,Free Delivery,2026-02-24,2026-03-09,73.72,244.02,2.3103
P0000732,M00538,Free Delivery,2026-05-06,2026-05-16,112.5,153.18,0.3616
P0000733,M00539,BOGO,2026-02-23,2026-03-04,92.09,180.9,0.9644
P0000735,M00540,Sponsored Listing,2026-02-25,2026-03-04,31.41,75.63,1.4082
P0000734,M00540,Free Delivery,2026-03-26,2026-04-04,53.33,165.25,2.0989
P0000736,M00541,Free Delivery,2026-03-06,2026-03-19,109.43,213.03,0.9467
P0000738,M00541,Free Delivery,2026-04-12,2026-04-24,176.63,320.65,0.8154
P0000737,M00541,BOGO,2026-04-29,2026-05-12,78.46,229.96,1.931
P0000740,M00543,Free Delivery,2026-02-07,2026-02-13,120.25,321.26,1.6717
P0000739,M00543,Sponsored Listing,2026-03-22,2026-03-28,231.83,496.51,1.1417
P0000741,M00544,Percentage Off,2026-03-21,2026-04-04,55.95,99.84,0.7844
P0000743,M00545,Free Delivery,2026-03-04,2026-03-18,29.11,61.73,1.1208
P0000742,M00545,Percentage Off,2026-03-09,2026-03-21,36.21,50.58,0.3967
P0000744,M00546,Sponsored Listing,2026-05-08,2026-05-13,68.76,185.32,1.6951
P0000745,M00547,Sponsored Listing,2026-03-23,2026-03-27,124.53,289.83,1.3273
P0000746,M00549,BOGO,2026-04-07,2026-04-13,39.84,65.37,0.6407
P0000748,M00549,Free Delivery,2026-04-29,2026-05-10,81.14,221.01,1.7239
P0000747,M00549,Percentage Off,2026-04-30,2026-05-05,76.47,237.65,2.1076
P0000749,M00549,BOGO,2026-05-15,2026-05-24,39.28,105.48,1.6854
P0000750,M00550,Sponsored Listing,2026-03-06,2026-03-18,36.8,60.41,0.6414
P0000751,M00552,Sponsored Listing,2026-05-12,2026-05-18,48.87,107.66,1.2032
P0000753,M00555,Free Delivery,2026-04-10,2026-04-19,245.09,257.12,0.0491
P0000752,M00555,Percentage Off,2026-04-22,2026-05-01,34.61,47.3,0.3666
P0000755,M00557,Free Delivery,2026-02-15,2026-02-26,158.46,310.47,0.9593
P0000756,M00557,BOGO,2026-04-23,2026-05-02,171.81,236.63,0.3772
P0000754,M00557,Percentage Off,2026-04-29,2026-05-06,58.78,78.24,0.331
P0000759,M00558,Percentage Off,2026-02-09,2026-02-21,29.12,64.92,1.2292
P0000757,M00558,Free Delivery,2026-03-12,2026-03-26,67.64,174.92,1.586
P0000758,M00558,Free Delivery,2026-05-09,2026-05-23,116.48,257.11,1.2073
P0000760,M00559,Percentage Off,2026-03-19,2026-03-29,35.06,61.49,0.7538
P0000761,M00560,Percentage Off,2026-02-10,2026-02-17,78.77,199.19,1.5286
P0000762,M00560,BOGO,2026-02-18,2026-02-23,59.42,141.06,1.3741
P0000764,M00560,Free Delivery,2026-03-04,2026-03-15,345.71,1073.13,2.1041
P0000763,M00560,BOGO,2026-04-07,2026-04-19,129.1,287.39,1.2262
P0000765,M00562,BOGO,2026-02-09,2026-02-15,86.81,81.11,-0.0657
P0000766,M00562,Percentage Off,2026-03-13,2026-03-23,63.22,204.8,2.2395
P0000767,M00563,BOGO,2026-05-18,2026-05-24,35.3,84.12,1.3833
P0000768,M00564,Percentage Off,2026-03-17,2026-03-21,128.2,394.12,2.0742
P0000769,M00564,BOGO,2026-05-06,2026-05-19,327.02,557.85,0.7059
P0000770,M00566,Sponsored Listing,2026-04-30,2026-05-08,75.78,188.33,1.4851
P0000771,M00568,Percentage Off,2026-03-18,2026-03-24,71.08,218.25,2.0707
P0000772,M00568,Sponsored Listing,2026-04-15,2026-04-21,57.83,130.7,1.26
P0000773,M00569,BOGO,2026-05-11,2026-05-20,96.63,195.67,1.025
P0000774,M00571,Free Delivery,2026-02-15,2026-02-27,39.9,96.55,1.4201
P0000776,M00571,Sponsored Listing,2026-03-22,2026-03-27,70.22,155.71,1.2174
P0000775,M00571,Sponsored Listing,2026-04-17,2026-04-29,151.76,503.58,2.3182
P0000777,M00572,Free Delivery,2026-04-03,2026-04-07,81.53,225.45,1.7654
P0000778,M00573,Sponsored Listing,2026-02-13,2026-02-21,75.9,168.94,1.2259
P0000779,M00573,Sponsored Listing,2026-05-08,2026-05-22,83.02,180.83,1.1782
P0000780,M00573,Free Delivery,2026-05-10,2026-05-24,63.79,86.45,0.3553
P0000782,M00575,Percentage Off,2026-02-04,2026-02-11,82.94,97.63,0.1772
P0000783,M00575,Percentage Off,2026-03-11,2026-03-17,348.52,766.05,1.198
P0000781,M00575,Percentage Off,2026-04-01,2026-04-12,156.81,358.39,1.2855
P0000786,M00576,Percentage Off,2026-02-02,2026-02-06,26.82,47.05,0.7546
P0000785,M00576,Free Delivery,2026-03-18,2026-04-01,74.05,104.65,0.4132
P0000787,M00576,Percentage Off,2026-04-05,2026-04-15,129.21,245.72,0.9017
P0000784,M00576,Sponsored Listing,2026-04-09,2026-04-13,101.18,297.52,1.9406
P0000790,M00578,Sponsored Listing,2026-02-21,2026-03-02,52.16,115.09,1.2065
P0000789,M00578,Sponsored Listing,2026-03-17,2026-03-27,56.1,112.83,1.0113
P0000791,M00578,BOGO,2026-04-14,2026-04-23,65.68,111.31,0.6947
P0000788,M00578,Sponsored Listing,2026-05-09,2026-05-23,132.56,284.65,1.1474
P0000794,M00579,Percentage Off,2026-02-15,2026-02-28,105.36,279.64,1.6542
P0000792,M00579,BOGO,2026-02-21,2026-03-04,61.2,132.72,1.1686
P0000793,M00579,Sponsored Listing,2026-05-15,2026-05-23,120.07,215.56,0.7953
P0000795,M00581,Free Delivery,2026-03-07,2026-03-14,30.6,65.46,1.139
P0000796,M00583,BOGO,2026-05-12,2026-05-19,91.51,229.69,1.5101
P0000800,M00585,Percentage Off,2026-03-03,2026-03-17,32.39,63.52,0.9615
P0000799,M00585,Free Delivery,2026-04-01,2026-04-05,37.96,82.61,1.1761
P0000798,M00585,Percentage Off,2026-04-24,2026-05-04,194.41,383.96,0.975
P0000797,M00585,Free Delivery,2026-05-13,2026-05-25,112.47,229.05,1.0365
P0000801,M00588,Free Delivery,2026-04-11,2026-04-17,66.29,98.63,0.4878
P0000802,M00591,Free Delivery,2026-02-19,2026-02-28,49.27,103.21,1.0948
P0000803,M00592,Free Delivery,2026-04-25,2026-05-09,50.62,156.18,2.0852
P0000804,M00593,BOGO,2026-05-15,2026-05-23,60.55,128.2,1.1171
P0000805,M00594,BOGO,2026-02-26,2026-03-08,84.24,142.93,0.6966
P0000806,M00594,Sponsored Listing,2026-03-20,2026-03-28,34.23,73.58,1.1492
P0000807,M00594,Free Delivery,2026-04-04,2026-04-12,25.69,53.05,1.0649
P0000808,M00595,BOGO,2026-05-01,2026-05-07,258.57,542.97,1.0999
P0000810,M00596,BOGO,2026-03-24,2026-04-06,253.99,470.2,0.8513
P0000809,M00596,Percentage Off,2026-03-28,2026-04-01,43.91,132.81,2.025
P0000811,M00597,Sponsored Listing,2026-04-05,2026-04-18,54.12,89.78,0.6589
P0000812,M00598,Sponsored Listing,2026-02-24,2026-03-09,93.75,193.56,1.0646
P0000813,M00598,BOGO,2026-03-09,2026-03-20,102.71,252.97,1.463
P0000814,M00598,BOGO,2026-04-19,2026-04-23,33.79,82.17,1.4317
P0000815,M00600,Sponsored Listing,2026-03-03,2026-03-17,160.48,341.87,1.1303
P0000817,M00600,BOGO,2026-04-17,2026-04-29,41.77,97.0,1.3224
P0000816,M00600,Percentage Off,2026-05-11,2026-05-20,65.93,153.01,1.3206
P0000819,M00601,BOGO,2026-02-06,2026-02-11,83.25,247.29,1.9704
P0000818,M00601,Free Delivery,2026-05-16,2026-05-23,127.67,231.03,0.8095
P0000820,M00602,Percentage Off,2026-02-15,2026-02-27,45.28,100.72,1.2244
P0000822,M00603,BOGO,2026-03-05,2026-03-13,89.9,118.3,0.3159
P0000821,M00603,Free Delivery,2026-04-02,2026-04-08,42.21,99.92,1.3674
P0000823,M00603,Free Delivery,2026-04-30,2026-05-10,61.16,120.99,0.9784
P0000824,M00605,Sponsored Listing,2026-03-12,2026-03-23,194.07,722.94,2.7251
P0000825,M00605,Free Delivery,2026-05-03,2026-05-09,133.24,249.54,0.8728
P0000828,M00608,Free Delivery,2026-03-06,2026-03-19,101.23,172.38,0.703
P0000827,M00608,Free Delivery,2026-03-10,2026-03-23,132.6,269.9,1.0355
P0000829,M00608,Free Delivery,2026-03-15,2026-03-27,51.82,123.12,1.3757
P0000826,M00608,Free Delivery,2026-04-17,2026-04-28,81.88,156.1,0.9064
P0000830,M00609,BOGO,2026-05-18,2026-05-29,40.22,69.55,0.7292
P0000831,M00610,Free Delivery,2026-03-19,2026-03-24,46.42,94.63,1.0388
P0000832,M00610,Percentage Off,2026-04-12,2026-04-17,50.4,141.93,1.8161
P0000833,M00611,Free Delivery,2026-05-06,2026-05-10,45.44,113.59,1.5
P0000834,M00612,Percentage Off,2026-04-21,2026-04-30,73.82,103.1,0.3966
P0000835,M00613,Percentage Off,2026-02-12,2026-02-24,97.79,196.62,1.0105
P0000836,M00613,Percentage Off,2026-02-21,2026-02-28,62.79,128.85,1.0522
P0000838,M00615,Free Delivery,2026-02-20,2026-03-02,32.89,84.04,1.5551
P0000840,M00615,Sponsored Listing,2026-03-04,2026-03-15,61.36,115.78,0.8869
P0000837,M00615,BOGO,2026-04-10,2026-04-16,149.73,386.54,1.5816
P0000839,M00615,Percentage Off,2026-05-02,2026-05-08,38.75,67.05,0.7303
P0000841,M00617,Percentage Off,2026-02-19,2026-02-28,305.59,595.52,0.9487
P0000842,M00617,Sponsored Listing,2026-04-29,2026-05-07,105.3,200.31,0.9023
P0000843,M00619,Percentage Off,2026-05-11,2026-05-23,70.89,139.78,0.9718
P0000844,M00621,BOGO,2026-02-01,2026-02-13,76.69,156.03,1.0345
P0000845,M00622,Free Delivery,2026-02-18,2026-02-23,163.16,390.53,1.3935
P0000847,M00622,Sponsored Listing,2026-03-13,2026-03-27,95.08,219.6,1.3095
P0000846,M00622,Sponsored Listing,2026-04-13,2026-04-18,37.27,85.75,1.3006
P0000848,M00626,Sponsored Listing,2026-03-10,2026-03-20,78.57,157.46,1.0041
P0000849,M00626,Percentage Off,2026-04-06,2026-04-14,95.36,156.39,0.6401
P0000850,M00627,Percentage Off,2026-02-06,2026-02-14,139.04,287.81,1.07
P0000851,M00628,BOGO,2026-03-08,2026-03-14,147.14,280.15,0.904
P0000852,M00629,Free Delivery,2026-04-11,2026-04-15,98.74,143.41,0.4523
P0000853,M00630,Sponsored Listing,2026-03-23,2026-04-01,150.69,469.78,2.1176
P0000854,M00631,Percentage Off,2026-04-26,2026-05-04,61.83,146.46,1.3687
P0000855,M00632,Percentage Off,2026-05-15,2026-05-27,166.25,559.24,2.3638
P0000856,M00633,Free Delivery,2026-03-02,2026-03-08,61.3,141.6,1.3097
P0000858,M00634,Percentage Off,2026-05-03,2026-05-09,53.36,119.8,1.2452
P0000857,M00634,Free Delivery,2026-05-05,2026-05-09,46.91,125.21,1.669
P0000860,M00637,Sponsored Listing,2026-03-15,2026-03-26,142.23,368.78,1.5928
P0000859,M00637,Sponsored Listing,2026-05-02,2026-05-12,25.39,43.56,0.7153
P0000861,M00638,Percentage Off,2026-02-11,2026-02-18,139.19,151.21,0.0863
P0000862,M00638,Sponsored Listing,2026-03-28,2026-04-01,21.85,34.61,0.5837
P0000863,M00639,Free Delivery,2026-04-11,2026-04-23,108.35,237.56,1.1924
P0000865,M00640,Percentage Off,2026-02-07,2026-02-20,111.19,381.13,2.4276
P0000866,M00640,BOGO,2026-03-03,2026-03-14,25.63,56.67,1.2108
P0000864,M00640,Percentage Off,2026-04-06,2026-04-17,82.84,232.29,1.8041
P0000867,M00641,Percentage Off,2026-02-09,2026-02-22,151.16,370.03,1.448
P0000868,M00641,Free Delivery,2026-04-29,2026-05-04,147.77,407.82,1.7597
P0000869,M00643,BOGO,2026-02-13,2026-02-26,83.12,187.12,1.2512
P0000870,M00643,BOGO,2026-05-04,2026-05-09,25.32,41.09,0.6229
P0000871,M00644,Free Delivery,2026-03-19,2026-03-25,131.64,459.06,2.4871
P0000872,M00646,Percentage Off,2026-03-17,2026-03-30,86.73,291.67,2.3631
P0000874,M00647,Sponsored Listing,2026-02-05,2026-02-15,249.89,649.71,1.6
P0000873,M00647,BOGO,2026-03-27,2026-04-10,56.34,185.2,2.2869
P0000875,M00649,Free Delivery,2026-04-16,2026-04-20,110.83,200.89,0.8127
P0000876,M00650,Percentage Off,2026-02-25,2026-03-05,275.89,623.66,1.2605
P0000877,M00651,Sponsored Listing,2026-04-01,2026-04-07,65.82,100.87,0.5325
P0000878,M00652,Percentage Off,2026-05-10,2026-05-19,27.6,79.91,1.895
P0000879,M00653,Free Delivery,2026-03-07,2026-03-20,221.87,421.78,0.901
P0000880,M00655,Free Delivery,2026-03-03,2026-03-17,160.5,455.32,1.8369
P0000881,M00656,Percentage Off,2026-03-07,2026-03-13,43.59,80.07,0.8369
P0000882,M00656,BOGO,2026-05-11,2026-05-21,128.26,364.3,1.8403
P0000883,M00658,BOGO,2026-05-11,2026-05-22,63.83,163.07,1.5547
P0000884,M00659,BOGO,2026-02-23,2026-03-03,346.61,630.01,0.8177
P0000888,M00660,Free Delivery,2026-03-27,2026-04-08,125.84,238.14,0.8925
P0000886,M00660,BOGO,2026-03-29,2026-04-07,50.22,75.14,0.4963
P0000885,M00660,Sponsored Listing,2026-05-05,2026-05-10,166.17,520.71,2.1336
P0000887,M00660,BOGO,2026-05-09,2026-05-15,76.37,139.28,0.8239
P0000890,M00662,Free Delivery,2026-02-05,2026-02-14,41.8,54.12,0.2949
P0000889,M00662,BOGO,2026-02-08,2026-02-19,47.62,95.91,1.014
P0000891,M00662,BOGO,2026-04-14,2026-04-18,176.07,544.88,2.0947
P0000892,M00664,Percentage Off,2026-04-02,2026-04-15,66.75,123.29,0.847
P0000893,M00664,BOGO,2026-04-29,2026-05-10,133.09,284.77,1.1396
P0000895,M00665,Percentage Off,2026-02-15,2026-02-24,63.65,167.96,1.6388
P0000894,M00665,Percentage Off,2026-04-26,2026-05-04,87.96,299.87,2.4093
P0000896,M00667,Sponsored Listing,2026-05-08,2026-05-19,226.45,756.73,2.3417
P0000897,M00667,Percentage Off,2026-05-14,2026-05-19,131.72,185.32,0.4069
P0000898,M00668,BOGO,2026-03-13,2026-03-18,127.57,333.71,1.6159
P0000900,M00668,Free Delivery,2026-03-21,2026-04-01,104.48,209.42,1.0043
P0000901,M00668,Sponsored Listing,2026-03-30,2026-04-12,135.55,288.34,1.1273
P0000899,M00668,Free Delivery,2026-05-17,2026-05-22,75.81,57.74,-0.2383
P0000903,M00669,Percentage Off,2026-02-15,2026-02-25,191.09,467.77,1.4479
P0000904,M00669,Sponsored Listing,2026-02-18,2026-02-24,95.04,165.08,0.737
P0000902,M00669,Sponsored Listing,2026-03-14,2026-03-27,140.57,328.74,1.3386
P0000906,M00670,Sponsored Listing,2026-04-26,2026-05-06,68.44,176.23,1.5751
P0000907,M00670,Percentage Off,2026-04-29,2026-05-12,102.16,187.15,0.8319
P0000905,M00670,Sponsored Listing,2026-05-10,2026-05-17,60.89,100.31,0.6473
P0000911,M00671,BOGO,2026-02-05,2026-02-11,33.59,61.01,0.8163
P0000910,M00671,Free Delivery,2026-03-10,2026-03-20,40.95,105.86,1.5851
P0000909,M00671,BOGO,2026-04-12,2026-04-19,110.54,221.19,1.001
P0000908,M00671,Free Delivery,2026-04-18,2026-04-23,31.88,56.51,0.7727
P0000913,M00673,Percentage Off,2026-04-30,2026-05-08,46.39,115.64,1.493
P0000912,M00673,Percentage Off,2026-05-08,2026-05-16,72.08,113.96,0.581
P0000914,M00674,Percentage Off,2026-02-25,2026-03-10,113.76,264.91,1.3287
P0000917,M00675,BOGO,2026-02-26,2026-03-04,175.59,395.29,1.2512
P0000915,M00675,Free Delivery,2026-04-03,2026-04-16,96.97,71.91,-0.2584
P0000916,M00675,BOGO,2026-05-03,2026-05-07,74.07,156.53,1.1131
P0000918,M00676,Percentage Off,2026-02-01,2026-02-10,169.09,316.68,0.8729
P0000919,M00677,Sponsored Listing,2026-03-25,2026-04-02,26.26,53.93,1.0542
P0000923,M00677,Free Delivery,2026-04-14,2026-04-28,88.12,136.85,0.553
P0000920,M00677,Percentage Off,2026-04-16,2026-04-28,50.33,116.98,1.3242
P0000921,M00677,Sponsored Listing,2026-05-13,2026-05-27,61.59,136.86,1.2221
P0000922,M00677,Sponsored Listing,2026-05-14,2026-05-25,45.67,84.08,0.8409
P0000924,M00680,Percentage Off,2026-03-13,2026-03-27,53.86,57.07,0.0595
P0000925,M00681,Percentage Off,2026-02-20,2026-02-25,110.56,203.47,0.8403
P0000926,M00682,Sponsored Listing,2026-02-13,2026-02-27,27.06,53.17,0.965
P0000927,M00682,Sponsored Listing,2026-04-07,2026-04-11,157.06,355.22,1.2617
P0000928,M00682,Sponsored Listing,2026-05-09,2026-05-14,81.78,267.96,2.2764
P0000931,M00683,Sponsored Listing,2026-02-24,2026-03-07,101.89,199.25,0.9556
P0000929,M00683,Percentage Off,2026-02-28,2026-03-13,175.19,372.2,1.1245
P0000930,M00683,BOGO,2026-05-16,2026-05-26,114.36,299.53,1.6192
P0000935,M00684,BOGO,2026-03-12,2026-03-22,27.21,61.67,1.2664
P0000932,M00684,Free Delivery,2026-03-17,2026-03-25,105.94,249.44,1.3545
P0000934,M00684,Percentage Off,2026-03-17,2026-03-22,84.83,188.04,1.2166
P0000933,M00684,BOGO,2026-04-01,2026-04-11,45.31,82.13,0.8127
P0000937,M00685,BOGO,2026-02-08,2026-02-17,74.89,146.17,0.9517
P0000938,M00685,Percentage Off,2026-03-15,2026-03-26,50.84,154.85,2.0458
P0000936,M00685,BOGO,2026-04-09,2026-04-13,22.77,37.13,0.6309
P0000939,M00686,Free Delivery,2026-03-06,2026-03-15,162.54,338.37,1.0819
P0000941,M00688,Sponsored Listing,2026-02-16,2026-02-22,72.56,200.5,1.763
P0000940,M00688,BOGO,2026-04-12,2026-04-22,70.39,192.47,1.7342
P0000942,M00689,Sponsored Listing,2026-04-11,2026-04-21,54.93,85.12,0.5497
P0000943,M00689,Percentage Off,2026-04-21,2026-04-28,105.81,242.94,1.2961
P0000944,M00691,Free Delivery,2026-04-12,2026-04-25,27.34,18.5,-0.3232
P0000945,M00692,BOGO,2026-05-04,2026-05-10,68.7,188.36,1.7418
P0000947,M00693,Free Delivery,2026-04-25,2026-05-05,29.76,63.35,1.1283
P0000948,M00693,Percentage Off,2026-04-30,2026-05-12,97.57,139.1,0.4256
P0000946,M00693,BOGO,2026-05-08,2026-05-15,108.83,218.08,1.0038
P0000949,M00693,BOGO,2026-05-17,2026-05-25,52.17,175.82,2.3701
P0000950,M00694,Percentage Off,2026-04-18,2026-04-29,250.17,587.95,1.3502
P0000952,M00695,Percentage Off,2026-02-07,2026-02-12,50.36,99.83,0.9824
P0000951,M00695,BOGO,2026-05-07,2026-05-11,93.17,133.19,0.4295
P0000953,M00696,Percentage Off,2026-03-27,2026-04-03,149.19,264.46,0.7726
P0000954,M00697,Sponsored Listing,2026-02-08,2026-02-13,48.81,133.98,1.7453
P0000955,M00697,Sponsored Listing,2026-02-15,2026-02-28,79.43,196.72,1.4767
P0000957,M00698,Percentage Off,2026-04-22,2026-04-30,82.84,188.12,1.2708
P0000956,M00698,Percentage Off,2026-04-26,2026-05-04,65.77,145.25,1.2084
P0000958,M00698,Free Delivery,2026-05-19,2026-05-30,37.8,103.55,1.7396
P0000959,M00699,BOGO,2026-04-21,2026-04-26,152.73,401.34,1.6277
P0000960,M00700,BOGO,2026-04-20,2026-05-04,84.66,168.56,0.991
P0000961,M00702,Sponsored Listing,2026-05-19,2026-05-25,66.22,66.01,-0.0031
P0000962,M00704,Free Delivery,2026-04-10,2026-04-24,42.45,88.26,1.0793
P0000963,M00705,Sponsored Listing,2026-05-06,2026-05-18,82.21,183.67,1.2342
P0000964,M00705,BOGO,2026-05-11,2026-05-21,65.59,132.69,1.0229
P0000965,M00705,BOGO,2026-05-15,2026-05-24,33.06,57.63,0.7434
P0000967,M00706,Percentage Off,2026-02-12,2026-02-18,533.26,1341.02,1.5147
P0000968,M00706,Percentage Off,2026-02-26,2026-03-10,86.2,136.54,0.584
P0000966,M00706,Percentage Off,2026-05-15,2026-05-27,62.26,172.84,1.7759
P0000969,M00707,Percentage Off,2026-04-05,2026-04-18,205.03,231.59,0.1296
P0000970,M00707,Sponsored Listing,2026-04-19,2026-04-26,61.61,227.98,2.7007
P0000971,M00708,Sponsored Listing,2026-02-05,2026-02-14,110.95,314.74,1.8368
P0000972,M00709,Percentage Off,2026-04-18,2026-04-23,84.35,198.47,1.353
P0000974,M00710,Free Delivery,2026-02-02,2026-02-15,49.31,68.79,0.395
P0000973,M00710,Sponsored Listing,2026-02-14,2026-02-22,72.17,169.41,1.3473
P0000975,M00710,Percentage Off,2026-04-12,2026-04-18,75.34,169.23,1.2461
P0000976,M00712,Sponsored Listing,2026-03-15,2026-03-24,58.82,144.72,1.4606
P0000977,M00714,Percentage Off,2026-02-11,2026-02-16,41.05,100.36,1.4446
P0000978,M00715,BOGO,2026-02-01,2026-02-11,27.09,27.08,-0.0004
P0000979,M00716,Free Delivery,2026-03-14,2026-03-28,27.18,54.35,0.9997
P0000981,M00717,Free Delivery,2026-04-02,2026-04-15,87.42,198.14,1.2664
P0000980,M00717,Free Delivery,2026-05-04,2026-05-13,152.33,300.0,0.9694
P0000983,M00718,BOGO,2026-03-10,2026-03-17,244.75,585.43,1.3919
P0000984,M00718,BOGO,2026-04-17,2026-04-26,215.15,371.6,0.7272
P0000982,M00718,Sponsored Listing,2026-04-27,2026-05-02,219.69,416.82,0.8973
P0000985,M00719,Percentage Off,2026-02-20,2026-03-06,130.59,313.36,1.3996
P0000987,M00720,Free Delivery,2026-02-16,2026-02-26,132.12,277.2,1.0981
P0000988,M00720,Sponsored Listing,2026-02-21,2026-03-07,65.11,139.52,1.1428
P0000989,M00720,Percentage Off,2026-04-08,2026-04-19,96.3,275.7,1.8628
P0000986,M00720,BOGO,2026-05-13,2026-05-23,84.24,188.82,1.2415
P0000990,M00721,Free Delivery,2026-03-13,2026-03-19,214.93,463.76,1.1577
P0000991,M00721,Free Delivery,2026-04-15,2026-04-19,73.97,223.41,2.0203
P0000993,M00722,Sponsored Listing,2026-03-17,2026-03-25,162.33,371.84,1.2907
P0000992,M00722,BOGO,2026-04-04,2026-04-14,82.51,230.18,1.7897
P0000995,M00724,Sponsored Listing,2026-02-05,2026-02-17,158.96,361.02,1.2711
P0000994,M00724,Percentage Off,2026-05-09,2026-05-15,100.2,224.61,1.2417
P0000996,M00725,Free Delivery,2026-02-20,2026-02-25,162.74,347.93,1.1379
P0000997,M00727,BOGO,2026-02-06,2026-02-17,77.22,218.92,1.8352
P0000998,M00727,Percentage Off,2026-02-11,2026-02-15,54.67,101.93,0.8645
P0001002,M00728,Sponsored Listing,2026-02-01,2026-02-07,188.46,389.57,1.0671
P0001000,M00728,BOGO,2026-03-02,2026-03-13,43.69,123.5,1.8265
P0000999,M00728,Free Delivery,2026-03-25,2026-04-03,166.96,423.32,1.5355
P0001001,M00728,Sponsored Listing,2026-05-14,2026-05-22,98.23,298.34,2.0371
P0001003,M00730,Percentage Off,2026-04-19,2026-04-25,88.59,183.05,1.0662
P0001004,M00731,Sponsored Listing,2026-03-20,2026-03-27,70.12,166.24,1.3709
P0001005,M00731,Free Delivery,2026-04-09,2026-04-13,58.55,203.23,2.4713
P0001007,M00732,Percentage Off,2026-03-18,2026-03-26,110.09,291.72,1.6498
P0001006,M00732,Percentage Off,2026-04-20,2026-04-25,55.32,96.63,0.7465
P0001009,M00733,Percentage Off,2026-03-31,2026-04-04,100.94,122.75,0.2161
P0001008,M00733,Percentage Off,2026-04-25,2026-04-30,48.41,74.28,0.5344
P0001010,M00733,Percentage Off,2026-04-27,2026-05-02,82.65,197.41,1.3886
P0001011,M00734,Free Delivery,2026-04-27,2026-05-04,42.6,78.17,0.8351
P0001012,M00735,Percentage Off,2026-04-08,2026-04-21,119.94,280.87,1.3419
P0001013,M00736,Percentage Off,2026-03-01,2026-03-14,117.42,267.45,1.2777
P0001014,M00737,Sponsored Listing,2026-03-09,2026-03-20,61.73,113.42,0.8372
P0001015,M00737,Sponsored Listing,2026-04-07,2026-04-21,99.84,134.56,0.3477
P0001016,M00737,Free Delivery,2026-05-16,2026-05-28,81.91,227.44,1.7765
P0001017,M00738,Percentage Off,2026-02-07,2026-02-20,22.96,29.81,0.2986
P0001018,M00738,Free Delivery,2026-04-11,2026-04-21,70.85,145.17,1.0489
P0001019,M00738,Percentage Off,2026-05-01,2026-05-10,96.69,278.66,1.8821
P0001020,M00739,Free Delivery,2026-03-25,2026-04-06,102.95,196.72,0.9108
P0001021,M00740,Sponsored Listing,2026-02-20,2026-03-03,56.3,92.23,0.6382
P0001022,M00741,Percentage Off,2026-02-16,2026-03-02,200.75,501.24,1.4968
P0001023,M00743,BOGO,2026-03-19,2026-04-01,69.34,104.53,0.5074
P0001024,M00743,Sponsored Listing,2026-04-15,2026-04-21,158.73,371.9,1.343
P0001025,M00744,Free Delivery,2026-04-05,2026-04-18,139.46,341.39,1.4479
P0001026,M00745,Sponsored Listing,2026-02-25,2026-03-01,126.05,291.64,1.3137
P0001027,M00747,Sponsored Listing,2026-02-24,2026-03-03,136.23,331.42,1.4328
P0001028,M00748,Free Delivery,2026-05-12,2026-05-21,373.76,503.98,0.3484
P0001029,M00750,Sponsored Listing,2026-04-29,2026-05-05,56.74,137.42,1.4221
P0001030,M00750,Sponsored Listing,2026-05-06,2026-05-20,60.16,149.53,1.4855
P0001033,M00751,BOGO,2026-03-26,2026-04-03,68.7,132.14,0.9235
P0001031,M00751,BOGO,2026-04-11,2026-04-15,117.88,67.5,-0.4274
P0001032,M00751,Percentage Off,2026-04-11,2026-04-17,50.8,110.98,1.1845
P0001034,M00751,Free Delivery,2026-05-08,2026-05-12,142.45,253.83,0.7819
P0001035,M00752,Percentage Off,2026-04-27,2026-05-07,112.71,168.28,0.4931
P0001036,M00752,Free Delivery,2026-05-12,2026-05-16,57.23,146.11,1.5533
P0001037,M00754,BOGO,2026-02-23,2026-03-09,67.89,111.88,0.648
P0001038,M00755,Free Delivery,2026-04-24,2026-05-03,80.3,136.14,0.6953
P0001040,M00755,Free Delivery,2026-05-11,2026-05-20,71.77,133.08,0.8542
P0001039,M00755,BOGO,2026-05-18,2026-05-26,52.43,105.86,1.019
P0001041,M00756,Sponsored Listing,2026-02-14,2026-02-21,86.69,174.74,1.0156
P0001043,M00757,BOGO,2026-03-17,2026-03-22,293.24,712.43,1.4295
P0001042,M00757,Free Delivery,2026-04-28,2026-05-05,109.24,239.09,1.1887
P0001044,M00758,Sponsored Listing,2026-04-21,2026-04-29,87.5,212.19,1.425
P0001045,M00759,BOGO,2026-03-25,2026-04-06,79.94,200.51,1.5083
P0001046,M00761,Sponsored Listing,2026-04-12,2026-04-21,57.27,69.62,0.2156
P0001047,M00762,Percentage Off,2026-03-13,2026-03-22,28.35,77.13,1.7212
P0001049,M00764,BOGO,2026-03-29,2026-04-08,26.12,46.43,0.7778
P0001048,M00764,BOGO,2026-04-19,2026-05-03,63.43,149.46,1.3563
P0001050,M00765,Percentage Off,2026-04-17,2026-04-21,106.9,166.17,0.5545
P0001052,M00766,BOGO,2026-02-02,2026-02-11,81.32,144.48,0.7768
P0001051,M00766,Free Delivery,2026-04-16,2026-04-22,23.1,48.57,1.1024
P0001054,M00767,Percentage Off,2026-02-07,2026-02-18,72.34,183.86,1.5415
P0001053,M00767,Percentage Off,2026-04-13,2026-04-17,56.76,83.15,0.4652
P0001055,M00768,Percentage Off,2026-02-06,2026-02-10,61.82,55.95,-0.0949
P0001057,M00768,Sponsored Listing,2026-03-24,2026-03-28,51.55,101.54,0.9696
P0001056,M00768,Sponsored Listing,2026-04-22,2026-05-05,70.31,212.57,2.0231
P0001058,M00769,BOGO,2026-04-15,2026-04-24,29.81,103.19,2.4617
P0001059,M00772,Free Delivery,2026-03-13,2026-03-21,121.38,348.09,1.8678
P0001061,M00773,BOGO,2026-02-03,2026-02-07,45.33,80.45,0.7747
P0001060,M00773,Free Delivery,2026-04-04,2026-04-12,66.02,106.04,0.6063
P0001062,M00774,Free Delivery,2026-04-13,2026-04-18,23.37,57.94,1.4796
P0001065,M00776,Sponsored Listing,2026-02-16,2026-02-21,26.46,69.23,1.6168
P0001063,M00776,Percentage Off,2026-04-10,2026-04-20,126.33,229.74,0.8185
P0001064,M00776,Free Delivery,2026-05-20,2026-06-01,68.38,109.44,0.6005
P0001066,M00777,Free Delivery,2026-04-30,2026-05-06,93.54,214.4,1.2921
P0001067,M00779,Free Delivery,2026-03-20,2026-03-28,127.54,155.16,0.2165
P0001069,M00780,Free Delivery,2026-02-26,2026-03-05,41.56,69.45,0.6709
P0001068,M00780,Percentage Off,2026-04-08,2026-04-15,42.94,59.67,0.3898
P0001070,M00781,Percentage Off,2026-02-24,2026-03-09,569.05,1482.29,1.6048
P0001071,M00781,Free Delivery,2026-03-18,2026-03-22,37.14,117.13,2.1541
P0001072,M00783,BOGO,2026-04-19,2026-04-24,92.66,185.47,1.0015
P0001073,M00784,Free Delivery,2026-03-01,2026-03-07,118.45,231.06,0.9506
P0001074,M00784,Percentage Off,2026-03-12,2026-03-18,133.47,224.78,0.6842
P0001075,M00784,BOGO,2026-04-27,2026-05-05,56.57,153.79,1.7188
P0001076,M00785,Percentage Off,2026-02-28,2026-03-08,51.95,99.65,0.9183
P0001077,M00786,Free Delivery,2026-02-19,2026-02-23,74.78,97.99,0.3105
P0001079,M00789,Free Delivery,2026-02-01,2026-02-12,68.49,138.33,1.0198
P0001078,M00789,BOGO,2026-02-22,2026-03-07,29.68,69.36,1.337
P0001080,M00790,Sponsored Listing,2026-04-30,2026-05-06,38.16,104.32,1.7336
P0001082,M00793,Percentage Off,2026-04-16,2026-04-24,88.29,157.1,0.7792
P0001081,M00793,BOGO,2026-05-07,2026-05-21,87.09,209.55,1.4061
P0001083,M00794,Free Delivery,2026-04-27,2026-05-03,600.0,1455.87,1.4264
P0001084,M00794,Free Delivery,2026-05-11,2026-05-21,143.27,256.88,0.7929
P0001085,M00795,Free Delivery,2026-04-25,2026-04-29,114.2,302.16,1.6458
P0001086,M00796,BOGO,2026-03-09,2026-03-23,41.13,73.91,0.7971
P0001088,M00796,Percentage Off,2026-03-23,2026-03-31,59.02,127.6,1.162
P0001087,M00796,Free Delivery,2026-03-29,2026-04-11,232.11,446.32,0.9229
P0001090,M00796,Sponsored Listing,2026-04-10,2026-04-16,69.28,143.51,1.0717
P0001089,M00796,BOGO,2026-04-20,2026-05-04,148.18,285.3,0.9254
P0001091,M00797,Free Delivery,2026-04-30,2026-05-08,151.94,358.61,1.3602
P0001093,M00798,Free Delivery,2026-02-15,2026-02-22,165.05,432.95,1.6232
P0001092,M00798,Percentage Off,2026-03-07,2026-03-21,104.2,295.31,1.834
P0001094,M00799,BOGO,2026-02-10,2026-02-14,99.4,242.44,1.439
P0001095,M00799,Free Delivery,2026-04-29,2026-05-08,121.85,276.75,1.2712
P0001097,M00800,BOGO,2026-02-07,2026-02-19,126.23,341.11,1.7024
P0001098,M00800,Free Delivery,2026-03-10,2026-03-15,57.92,76.56,0.3218
P0001096,M00800,Free Delivery,2026-03-29,2026-04-10,29.52,63.17,1.1401
P0001100,M00801,Percentage Off,2026-03-10,2026-03-15,51.4,140.95,1.7422
P0001099,M00801,Percentage Off,2026-04-22,2026-05-02,84.35,227.97,1.7027
P0001101,M00803,BOGO,2026-03-20,2026-03-31,116.69,221.35,0.8969
P0001102,M00803,Sponsored Listing,2026-05-01,2026-05-09,64.75,106.2,0.6403
P0001103,M00805,Free Delivery,2026-04-18,2026-04-26,61.83,133.88,1.1653
P0001104,M00805,Percentage Off,2026-04-29,2026-05-10,70.63,164.93,1.3352
P0001106,M00806,Percentage Off,2026-02-08,2026-02-16,86.08,242.51,1.8173
P0001105,M00806,Sponsored Listing,2026-02-28,2026-03-05,105.95,185.64,0.7522
P0001107,M00806,Free Delivery,2026-03-20,2026-03-28,159.88,259.87,0.6254
P0001108,M00807,Free Delivery,2026-04-23,2026-05-02,46.12,100.43,1.1776
P0001109,M00808,Free Delivery,2026-03-12,2026-03-21,257.42,425.54,0.6531
P0001110,M00808,BOGO,2026-04-02,2026-04-10,58.6,140.65,1.3999
P0001111,M00808,Sponsored Listing,2026-05-13,2026-05-18,155.47,406.31,1.6134
P0001113,M00809,Sponsored Listing,2026-02-18,2026-03-03,93.58,178.13,0.9036
P0001112,M00809,Sponsored Listing,2026-02-27,2026-03-09,80.05,151.17,0.8885
P0001114,M00811,BOGO,2026-04-09,2026-04-21,37.23,113.08,2.0371
P0001116,M00813,BOGO,2026-04-22,2026-05-05,92.29,160.18,0.7356
P0001115,M00813,BOGO,2026-05-13,2026-05-17,45.11,100.3,1.2233
P0001117,M00814,Percentage Off,2026-03-12,2026-03-22,82.12,198.12,1.4125
P0001118,M00814,Free Delivery,2026-04-26,2026-05-04,180.88,356.24,0.9695
P0001119,M00815,Sponsored Listing,2026-03-08,2026-03-21,103.59,243.41,1.3497
P0001120,M00816,Sponsored Listing,2026-05-15,2026-05-27,210.31,230.35,0.0953
P0001122,M00817,Free Delivery,2026-03-14,2026-03-28,60.82,136.49,1.2441
P0001121,M00817,BOGO,2026-04-28,2026-05-05,114.92,244.31,1.1259
P0001123,M00818,Sponsored Listing,2026-02-09,2026-02-17,87.89,198.35,1.2568
P0001124,M00818,Sponsored Listing,2026-05-02,2026-05-13,48.45,107.81,1.2252
P0001125,M00820,Free Delivery,2026-02-25,2026-03-09,202.14,597.7,1.9569
P0001126,M00821,BOGO,2026-05-06,2026-05-16,74.9,172.68,1.3054
P0001127,M00822,BOGO,2026-04-12,2026-04-18,71.35,159.53,1.2359
P0001128,M00823,Free Delivery,2026-05-10,2026-05-19,80.83,196.97,1.4369
P0001129,M00824,Free Delivery,2026-02-06,2026-02-15,122.86,249.51,1.0309
P0001130,M00824,Sponsored Listing,2026-03-25,2026-04-07,42.04,98.13,1.3339
P0001131,M00829,Sponsored Listing,2026-02-14,2026-02-21,91.48,207.42,1.2674
P0001133,M00830,Percentage Off,2026-03-08,2026-03-15,41.43,88.3,1.1313
P0001132,M00830,Percentage Off,2026-03-15,2026-03-27,186.63,474.39,1.5418
P0001134,M00831,BOGO,2026-04-01,2026-04-15,45.2,104.39,1.3095
P0001135,M00831,Free Delivery,2026-05-16,2026-05-22,70.03,118.72,0.6953
P0001137,M00832,Free Delivery,2026-02-25,2026-03-07,63.72,182.32,1.861
P0001136,M00832,Sponsored Listing,2026-04-03,2026-04-07,131.57,396.98,2.0172
P0001138,M00835,Percentage Off,2026-04-30,2026-05-08,106.44,190.24,0.7873
P0001139,M00836,Free Delivery,2026-04-20,2026-04-27,31.89,59.0,0.8503
P0001140,M00837,Percentage Off,2026-02-15,2026-02-24,98.38,252.22,1.5636
P0001141,M00837,Percentage Off,2026-03-15,2026-03-27,54.39,82.47,0.5162
P0001142,M00837,Free Delivery,2026-04-19,2026-04-25,57.11,182.99,2.2042
P0001144,M00838,Free Delivery,2026-02-12,2026-02-16,33.14,66.67,1.0114
P0001143,M00838,Sponsored Listing,2026-02-24,2026-03-08,52.59,108.49,1.063
P0001147,M00839,Sponsored Listing,2026-02-05,2026-02-19,108.03,276.79,1.5622
P0001145,M00839,Percentage Off,2026-04-04,2026-04-17,53.32,122.42,1.296
P0001149,M00839,Percentage Off,2026-04-17,2026-04-21,45.4,136.31,2.0027
P0001150,M00839,Free Delivery,2026-04-29,2026-05-07,80.8,120.41,0.4901
P0001148,M00839,Free Delivery,2026-05-17,2026-05-24,108.01,204.75,0.8957
P0001146,M00839,BOGO,2026-05-20,2026-06-03,100.53,281.8,1.8031
P0001151,M00840,Sponsored Listing,2026-02-07,2026-02-13,39.67,126.98,2.201
P0001152,M00840,Sponsored Listing,2026-05-01,2026-05-13,111.89,371.28,2.3184
P0001155,M00841,Percentage Off,2026-02-16,2026-02-24,64.67,124.38,0.9234
P0001154,M00841,Free Delivery,2026-05-04,2026-05-18,70.36,182.03,1.587
P0001153,M00841,Sponsored Listing,2026-05-07,2026-05-11,94.14,150.35,0.5971
P0001156,M00842,Percentage Off,2026-04-07,2026-04-11,227.44,360.81,0.5864
P0001157,M00843,Percentage Off,2026-03-06,2026-03-13,60.18,157.07,1.61
P0001158,M00844,BOGO,2026-03-07,2026-03-16,36.9,87.62,1.3746
P0001159,M00845,Percentage Off,2026-03-03,2026-03-08,54.33,111.94,1.0605
P0001161,M00845,BOGO,2026-03-14,2026-03-21,244.07,352.71,0.4451
P0001160,M00845,Percentage Off,2026-04-05,2026-04-11,22.16,66.23,1.9885
P0001162,M00845,BOGO,2026-04-17,2026-04-22,161.11,518.2,2.2164
P0001164,M00846,BOGO,2026-03-11,2026-03-25,34.76,69.74,1.0061
P0001163,M00846,Percentage Off,2026-03-14,2026-03-26,104.85,298.01,1.8423
P0001165,M00846,Percentage Off,2026-03-30,2026-04-11,73.03,191.28,1.6192
P0001166,M00847,Percentage Off,2026-02-06,2026-02-11,72.12,91.9,0.2742
P0001167,M00848,Sponsored Listing,2026-02-14,2026-02-25,74.95,41.49,-0.4464
P0001168,M00849,BOGO,2026-03-19,2026-04-01,163.83,324.2,0.9789
P0001169,M00849,Sponsored Listing,2026-05-16,2026-05-22,119.92,323.82,1.7003
P0001170,M00850,Free Delivery,2026-03-18,2026-03-22,40.49,45.43,0.1219
P0001171,M00851,Free Delivery,2026-03-08,2026-03-19,33.62,88.54,1.6337
P0001172,M00851,Free Delivery,2026-03-14,2026-03-19,92.28,105.68,0.1452
P0001173,M00853,Percentage Off,2026-02-09,2026-02-18,57.24,116.31,1.0321
P0001174,M00853,Percentage Off,2026-03-10,2026-03-21,34.08,64.59,0.8953
P0001175,M00853,BOGO,2026-05-07,2026-05-12,181.33,310.59,0.7129
P0001176,M00854,Free Delivery,2026-02-23,2026-02-28,101.36,94.8,-0.0647
P0001177,M00855,Percentage Off,2026-03-18,2026-03-30,35.8,47.74,0.3336
P0001178,M00856,BOGO,2026-02-25,2026-03-04,190.16,422.99,1.2244
P0001179,M00857,Percentage Off,2026-02-15,2026-02-24,283.37,756.9,1.6711
P0001180,M00857,Sponsored Listing,2026-04-24,2026-05-04,161.1,248.38,0.5418
P0001183,M00858,Percentage Off,2026-02-01,2026-02-06,84.37,303.21,2.5937
P0001182,M00858,Free Delivery,2026-02-06,2026-02-11,41.61,96.2,1.3118
P0001181,M00858,BOGO,2026-03-10,2026-03-16,63.36,143.96,1.272
P0001184,M00858,BOGO,2026-03-20,2026-03-29,142.12,248.12,0.7458
P0001185,M00859,Free Delivery,2026-04-08,2026-04-14,109.01,193.21,0.7725
P0001187,M00862,Sponsored Listing,2026-03-21,2026-04-03,127.52,294.47,1.3093
P0001186,M00862,Free Delivery,2026-04-12,2026-04-18,40.01,108.39,1.7088
P0001188,M00862,Free Delivery,2026-05-05,2026-05-15,145.34,388.78,1.675
P0001189,M00864,Percentage Off,2026-03-02,2026-03-10,41.95,123.21,1.937
P0001193,M00864,Sponsored Listing,2026-03-17,2026-03-24,60.02,121.05,1.0167
P0001190,M00864,Sponsored Listing,2026-03-30,2026-04-05,144.42,182.62,0.2645
P0001191,M00864,BOGO,2026-04-17,2026-04-28,362.68,919.99,1.5367
P0001192,M00864,Sponsored Listing,2026-05-14,2026-05-22,111.21,253.24,1.2771
P0001194,M00865,Sponsored Listing,2026-03-28,2026-04-01,61.39,66.2,0.0782
P0001195,M00866,Free Delivery,2026-04-09,2026-04-18,180.07,584.29,2.2448
P0001196,M00868,Free Delivery,2026-02-28,2026-03-12,125.1,244.82,0.957
P0001197,M00869,BOGO,2026-02-09,2026-02-20,110.39,247.52,1.2422
P0001198,M00869,Percentage Off,2026-04-22,2026-05-04,22.56,42.05,0.8634
P0001199,M00869,Percentage Off,2026-05-01,2026-05-09,145.5,345.31,1.3733
P0001200,M00870,BOGO,2026-03-11,2026-03-22,332.69,666.6,1.0037
P0001201,M00873,Percentage Off,2026-04-23,2026-04-29,53.24,90.84,0.7065
P0001202,M00874,Free Delivery,2026-03-22,2026-03-28,70.14,168.32,1.3999
P0001203,M00875,Percentage Off,2026-02-01,2026-02-15,135.31,303.75,1.2449
P0001204,M00876,Percentage Off,2026-03-03,2026-03-14,130.76,425.83,2.2565
P0001205,M00878,Free Delivery,2026-03-17,2026-03-28,18.52,53.26,1.8762
P0001206,M00879,BOGO,2026-02-24,2026-03-01,51.7,137.3,1.6557
P0001207,M00879,Sponsored Listing,2026-03-08,2026-03-22,206.51,309.7,0.4996
P0001209,M00880,Free Delivery,2026-03-18,2026-03-26,55.57,119.16,1.1444
P0001208,M00880,Free Delivery,2026-04-04,2026-04-15,53.07,110.68,1.0855
P0001210,M00881,Free Delivery,2026-05-10,2026-05-16,102.13,190.23,0.8626
P0001212,M00882,Sponsored Listing,2026-03-11,2026-03-16,85.62,172.55,1.0154
P0001211,M00882,Percentage Off,2026-04-25,2026-05-07,212.62,502.45,1.3631
P0001213,M00883,BOGO,2026-05-17,2026-05-24,78.38,165.04,1.1056
P0001214,M00885,Percentage Off,2026-03-16,2026-03-21,100.38,266.66,1.6565
P0001215,M00886,BOGO,2026-02-02,2026-02-14,40.23,80.46,0.9998
P0001216,M00886,Sponsored Listing,2026-03-14,2026-03-28,70.26,163.84,1.3319
P0001219,M00887,Free Delivery,2026-02-22,2026-03-08,54.05,144.14,1.667
P0001217,M00887,Sponsored Listing,2026-03-18,2026-03-24,127.7,272.42,1.1333
P0001218,M00887,Sponsored Listing,2026-03-30,2026-04-03,156.97,266.37,0.697
P0001220,M00888,Free Delivery,2026-02-16,2026-02-21,50.27,138.73,1.7594
P0001221,M00888,Free Delivery,2026-03-02,2026-03-06,378.47,773.84,1.0446
P0001222,M00889,BOGO,2026-04-27,2026-05-09,123.78,150.82,0.2184
P0001224,M00890,Sponsored Listing,2026-02-25,2026-03-11,32.25,74.66,1.3151
P0001223,M00890,Free Delivery,2026-05-07,2026-05-20,148.64,475.63,2.1999
P0001226,M00892,BOGO,2026-04-23,2026-04-28,12.0,27.85,1.3212
P0001225,M00892,Free Delivery,2026-04-27,2026-05-06,312.14,557.48,0.786
P0001227,M00892,Percentage Off,2026-05-02,2026-05-10,53.02,149.09,1.8121
P0001228,M00894,BOGO,2026-02-23,2026-03-06,136.14,389.06,1.8577
P0001229,M00894,Free Delivery,2026-02-24,2026-02-28,124.66,281.08,1.2549
P0001231,M00895,Percentage Off,2026-02-01,2026-02-12,144.73,190.84,0.3185
P0001232,M00895,Percentage Off,2026-03-30,2026-04-08,48.52,64.19,0.323
P0001230,M00895,BOGO,2026-05-12,2026-05-17,34.3,74.77,1.1798
P0001235,M00896,Sponsored Listing,2026-03-02,2026-03-12,107.85,177.57,0.6465
P0001234,M00896,Percentage Off,2026-04-04,2026-04-17,39.48,84.39,1.1372
P0001233,M00896,BOGO,2026-05-06,2026-05-12,148.3,429.75,1.8979
P0001236,M00897,Percentage Off,2026-03-02,2026-03-09,33.64,55.68,0.6553
P0001237,M00900,BOGO,2026-04-28,2026-05-04,52.09,160.24,2.076
P0001238,M00901,BOGO,2026-02-04,2026-02-18,129.44,344.68,1.6629
P0001242,M00902,BOGO,2026-02-08,2026-02-12,148.38,174.55,0.1763
P0001243,M00902,Percentage Off,2026-03-03,2026-03-07,86.93,227.62,1.6185
P0001241,M00902,Sponsored Listing,2026-03-26,2026-03-30,45.65,54.75,0.1993
P0001240,M00902,BOGO,2026-04-02,2026-04-08,105.8,227.73,1.1524
P0001239,M00902,Sponsored Listing,2026-05-01,2026-05-13,372.35,374.64,0.0061
P0001244,M00904,Sponsored Listing,2026-02-06,2026-02-12,96.9,110.02,0.1354
P0001245,M00904,Free Delivery,2026-04-13,2026-04-18,85.11,150.03,0.7628
P0001246,M00905,Percentage Off,2026-02-05,2026-02-14,32.19,54.03,0.6786
P0001248,M00905,Percentage Off,2026-03-02,2026-03-09,64.06,90.84,0.4179
P0001249,M00905,Sponsored Listing,2026-04-05,2026-04-09,89.59,121.17,0.3524
P0001247,M00905,BOGO,2026-04-10,2026-04-23,82.16,128.32,0.5617
P0001251,M00907,Percentage Off,2026-02-21,2026-02-26,212.94,397.71,0.8677
P0001253,M00907,Percentage Off,2026-03-03,2026-03-14,35.0,104.43,1.9833
P0001252,M00907,BOGO,2026-04-24,2026-05-02,83.41,136.28,0.6339
P0001250,M00907,Free Delivery,2026-04-30,2026-05-07,87.23,162.41,0.8619
P0001255,M00908,Percentage Off,2026-02-13,2026-02-23,90.74,157.62,0.7372
P0001254,M00908,BOGO,2026-05-14,2026-05-19,125.82,279.36,1.2203
P0001257,M00909,Sponsored Listing,2026-02-12,2026-02-19,111.33,351.91,2.161
P0001256,M00909,Percentage Off,2026-03-06,2026-03-11,269.58,594.45,1.2051
P0001259,M00910,Percentage Off,2026-02-03,2026-02-09,159.49,218.42,0.3696
P0001258,M00910,Free Delivery,2026-03-05,2026-03-15,175.32,385.9,1.2012
P0001260,M00911,Percentage Off,2026-04-20,2026-05-04,36.71,93.51,1.5475
P0001261,M00911,BOGO,2026-05-12,2026-05-20,68.77,176.33,1.5641
P0001262,M00912,BOGO,2026-03-23,2026-03-28,76.89,132.68,0.7256
P0001263,M00913,Sponsored Listing,2026-05-13,2026-05-23,140.01,259.53,0.8537
P0001264,M00913,Free Delivery,2026-05-16,2026-05-24,63.03,111.57,0.7701
P0001265,M00915,Percentage Off,2026-03-28,2026-04-05,69.58,196.47,1.8236
P0001266,M00918,Sponsored Listing,2026-04-27,2026-05-10,63.75,96.48,0.5135
P0001267,M00919,Free Delivery,2026-02-02,2026-02-06,40.97,126.47,2.0869
P0001268,M00919,BOGO,2026-02-14,2026-02-24,91.65,186.5,1.0349
P0001270,M00920,Free Delivery,2026-04-07,2026-04-20,55.98,127.81,1.2829
P0001269,M00920,Free Delivery,2026-05-17,2026-05-27,23.14,42.18,0.8229
P0001271,M00921,BOGO,2026-04-04,2026-04-08,71.77,194.47,1.7098
P0001272,M00922,BOGO,2026-02-19,2026-03-05,34.54,83.87,1.428
P0001274,M00924,BOGO,2026-03-02,2026-03-13,90.74,141.95,0.5644
P0001275,M00924,BOGO,2026-04-13,2026-04-22,141.11,379.44,1.689
P0001273,M00924,Free Delivery,2026-05-19,2026-05-26,278.41,325.96,0.1708
P0001276,M00925,Sponsored Listing,2026-02-24,2026-03-10,60.84,140.98,1.3171
P0001277,M00925,Percentage Off,2026-03-24,2026-03-29,40.33,55.36,0.3726
P0001278,M00926,BOGO,2026-03-17,2026-03-23,123.2,239.63,0.9451
P0001279,M00926,Free Delivery,2026-05-08,2026-05-22,53.12,124.87,1.3507
P0001280,M00927,BOGO,2026-03-26,2026-04-07,65.47,141.27,1.1578
P0001281,M00930,BOGO,2026-03-26,2026-04-03,89.76,111.05,0.2372
P0001282,M00931,BOGO,2026-04-19,2026-04-28,194.68,545.34,1.8012
P0001283,M00932,BOGO,2026-03-06,2026-03-19,82.4,210.27,1.5519
P0001284,M00932,Percentage Off,2026-05-12,2026-05-24,156.16,458.35,1.9352
P0001285,M00932,Free Delivery,2026-05-14,2026-05-20,147.78,199.59,0.3506
P0001286,M00933,Sponsored Listing,2026-03-15,2026-03-27,31.59,54.16,0.7146
P0001288,M00933,BOGO,2026-04-01,2026-04-06,66.23,107.53,0.6235
P0001287,M00933,Percentage Off,2026-05-04,2026-05-08,199.01,273.26,0.3731
P0001289,M00934,Percentage Off,2026-03-05,2026-03-15,40.75,92.89,1.2796
P0001290,M00934,Free Delivery,2026-05-04,2026-05-10,77.58,182.24,1.349
P0001291,M00935,BOGO,2026-04-23,2026-05-07,23.6,42.77,0.8122
P0001292,M00936,Percentage Off,2026-04-27,2026-05-10,141.29,223.83,0.5842
P0001293,M00936,Free Delivery,2026-05-13,2026-05-18,87.19,171.02,0.9615
P0001295,M00937,Free Delivery,2026-03-09,2026-03-18,63.21,91.19,0.4428
P0001294,M00937,Free Delivery,2026-04-07,2026-04-21,47.22,120.93,1.5612
P0001296,M00937,Percentage Off,2026-04-11,2026-04-23,76.24,126.9,0.6644
P0001297,M00938,Free Delivery,2026-04-15,2026-04-21,67.34,208.74,2.0997
P0001298,M00940,Free Delivery,2026-04-16,2026-04-22,57.62,154.57,1.6827
P0001301,M00943,BOGO,2026-02-22,2026-03-01,102.49,254.13,1.4795
P0001300,M00943,Free Delivery,2026-05-02,2026-05-08,49.13,107.35,1.1852
P0001299,M00943,Percentage Off,2026-05-06,2026-05-18,108.25,266.78,1.4644
P0001302,M00944,Free Delivery,2026-02-19,2026-03-04,146.12,395.44,1.7062
P0001303,M00945,Free Delivery,2026-04-02,2026-04-15,218.96,393.08,0.7952
P0001304,M00945,Sponsored Listing,2026-04-06,2026-04-19,34.91,67.31,0.9282
P0001305,M00946,Percentage Off,2026-04-05,2026-04-11,41.38,99.67,1.4085
P0001306,M00948,Percentage Off,2026-05-06,2026-05-10,16.25,20.87,0.2842
P0001307,M00950,Free Delivery,2026-02-13,2026-02-20,114.33,281.89,1.4657
P0001308,M00952,BOGO,2026-03-08,2026-03-15,71.58,201.82,1.8196
P0001309,M00952,Percentage Off,2026-03-19,2026-03-26,104.83,111.27,0.0615
P0001310,M00952,Percentage Off,2026-03-30,2026-04-10,126.51,152.04,0.2018
P0001311,M00952,Percentage Off,2026-04-30,2026-05-11,161.22,256.43,0.5906
P0001312,M00953,Sponsored Listing,2026-02-23,2026-03-05,113.06,230.99,1.043
P0001313,M00953,Sponsored Listing,2026-03-16,2026-03-28,99.23,197.79,0.9932
P0001315,M00954,Free Delivery,2026-02-27,2026-03-11,62.69,74.31,0.1854
P0001314,M00954,Percentage Off,2026-03-14,2026-03-20,149.67,257.39,0.7197
P0001316,M00956,BOGO,2026-05-16,2026-05-20,40.72,40.64,-0.0019
P0001317,M00957,Percentage Off,2026-03-18,2026-03-30,55.04,112.21,1.0387
P0001319,M00958,Percentage Off,2026-03-30,2026-04-09,71.55,143.17,1.0009
P0001318,M00958,Sponsored Listing,2026-05-10,2026-05-24,150.71,383.29,1.5432
P0001320,M00960,Percentage Off,2026-03-16,2026-03-23,34.59,110.46,2.1935
P0001323,M00962,Free Delivery,2026-02-02,2026-02-16,131.69,258.3,0.9615
P0001321,M00962,BOGO,2026-04-29,2026-05-10,271.18,569.2,1.099
P0001322,M00962,Percentage Off,2026-05-11,2026-05-15,87.59,265.31,2.0291
P0001324,M00963,Sponsored Listing,2026-03-18,2026-03-23,191.29,443.21,1.3169
P0001325,M00964,Free Delivery,2026-03-26,2026-04-04,29.59,63.58,1.1483
P0001326,M00965,Percentage Off,2026-05-02,2026-05-12,136.72,311.39,1.2777
P0001327,M00966,BOGO,2026-02-08,2026-02-16,57.58,64.5,0.1203
P0001328,M00966,Percentage Off,2026-04-19,2026-05-01,69.44,99.15,0.428
P0001329,M00967,Percentage Off,2026-03-20,2026-03-30,63.02,147.06,1.3337
P0001331,M00968,Sponsored Listing,2026-03-09,2026-03-13,52.14,136.19,1.6119
P0001330,M00968,BOGO,2026-04-24,2026-05-06,94.99,210.62,1.2172
P0001332,M00969,Free Delivery,2026-04-04,2026-04-14,104.27,192.69,0.8479
P0001333,M00970,Free Delivery,2026-02-19,2026-02-24,42.43,98.33,1.3174
P0001334,M00971,BOGO,2026-05-12,2026-05-22,99.5,168.01,0.6885
P0001335,M00972,Free Delivery,2026-02-18,2026-02-27,85.96,223.32,1.5978
P0001337,M00973,BOGO,2026-02-24,2026-02-28,70.61,149.78,1.1212
P0001336,M00973,Sponsored Listing,2026-04-27,2026-05-04,63.99,119.56,0.8685
P0001338,M00974,BOGO,2026-02-07,2026-02-17,97.51,179.26,0.8383
P0001339,M00975,Free Delivery,2026-04-27,2026-05-01,53.74,100.28,0.8661
P0001342,M00976,Free Delivery,2026-03-04,2026-03-16,142.98,381.18,1.6659
P0001341,M00976,Free Delivery,2026-04-08,2026-04-19,44.52,104.83,1.3549
P0001340,M00976,Percentage Off,2026-04-23,2026-05-04,171.89,451.61,1.6273
P0001344,M00978,BOGO,2026-03-04,2026-03-10,48.17,90.84,0.8859
P0001343,M00978,Percentage Off,2026-05-15,2026-05-27,93.42,293.46,2.1412
P0001345,M00979,BOGO,2026-03-15,2026-03-19,79.39,70.58,-0.111
P0001346,M00980,BOGO,2026-02-20,2026-03-01,96.3,230.73,1.3959
P0001347,M00980,BOGO,2026-05-10,2026-05-18,166.51,508.83,2.0559
P0001348,M00981,Sponsored Listing,2026-04-21,2026-04-26,66.77,121.99,0.827
P0001349,M00982,Sponsored Listing,2026-03-08,2026-03-18,31.11,68.21,1.1926
P0001350,M00983,Free Delivery,2026-03-04,2026-03-13,61.84,33.57,-0.4571
P0001351,M00984,Sponsored Listing,2026-02-15,2026-02-27,120.55,268.58,1.2279
P0001353,M00985,Free Delivery,2026-02-05,2026-02-13,48.49,127.91,1.6377
P0001352,M00985,Sponsored Listing,2026-04-01,2026-04-14,118.99,331.3,1.7843
P0001354,M00986,Free Delivery,2026-03-21,2026-03-28,205.08,447.03,1.1798
P0001355,M00987,Sponsored Listing,2026-03-24,2026-03-29,30.46,59.39,0.9496
P0001356,M00988,Free Delivery,2026-02-01,2026-02-06,93.45,154.45,0.6526
P0001357,M00989,Percentage Off,2026-02-04,2026-02-18,55.47,100.46,0.8113
P0001358,M00989,BOGO,2026-04-02,2026-04-10,76.96,141.9,0.8439
P0001359,M00990,Percentage Off,2026-05-20,2026-05-25,92.8,184.84,0.9917
P0001360,M00992,Percentage Off,2026-02-28,2026-03-04,152.27,355.57,1.3352
P0001361,M00993,Sponsored Listing,2026-02-18,2026-02-25,110.11,270.99,1.461
P0001362,M00994,Percentage Off,2026-02-02,2026-02-14,74.78,151.69,1.0284
P0001366,M00995,Percentage Off,2026-03-14,2026-03-19,199.74,288.11,0.4425
P0001364,M00995,Percentage Off,2026-03-20,2026-03-26,129.96,245.33,0.8877
P0001363,M00995,Free Delivery,2026-04-26,2026-05-08,258.82,825.81,2.1906
P0001365,M00995,Sponsored Listing,2026-04-29,2026-05-08,119.84,247.8,1.0677
P0001367,M00996,BOGO,2026-04-13,2026-04-26,142.93,344.26,1.4086
P0001368,M00996,Sponsored Listing,2026-04-28,2026-05-06,33.91,75.69,1.2319
P0001369,M00997,Percentage Off,2026-05-13,2026-05-18,46.18,105.45,1.2835
P0001370,M00998,Sponsored Listing,2026-03-22,2026-03-29,111.7,164.45,0.4723
P0001371,M01001,Sponsored Listing,2026-04-16,2026-04-22,137.16,304.94,1.2233
P0001372,M01001,BOGO,2026-05-15,2026-05-23,245.53,825.95,2.364
P0001373,M01002,Percentage Off,2026-03-23,2026-03-29,64.02,146.13,1.2826
P0001374,M01002,Free Delivery,2026-04-07,2026-04-12,102.27,218.38,1.1353
P0001375,M01003,Sponsored Listing,2026-02-09,2026-02-18,99.8,240.24,1.4071
P0001376,M01005,BOGO,2026-02-22,2026-02-28,96.85,174.86,0.8054
P0001377,M01005,Free Delivery,2026-03-14,2026-03-24,57.91,147.75,1.5515
P0001378,M01005,Free Delivery,2026-05-15,2026-05-19,104.8,193.23,0.8437
P0001379,M01006,BOGO,2026-03-24,2026-03-30,63.06,103.74,0.6451
P0001380,M01006,Percentage Off,2026-05-04,2026-05-13,165.98,396.59,1.3894
P0001381,M01007,Sponsored Listing,2026-05-02,2026-05-08,139.51,385.15,1.7607
P0001382,M01009,Free Delivery,2026-02-03,2026-02-14,129.49,196.08,0.5142
P0001383,M01010,Sponsored Listing,2026-02-06,2026-02-14,157.86,501.54,2.1771
P0001385,M01010,Free Delivery,2026-02-12,2026-02-25,73.81,128.53,0.7413
P0001384,M01010,Percentage Off,2026-05-10,2026-05-19,39.87,45.68,0.1457
P0001386,M01011,BOGO,2026-04-04,2026-04-08,50.14,96.25,0.9197
P0001387,M01011,Percentage Off,2026-04-12,2026-04-16,30.21,36.82,0.2187
P0001389,M01011,Free Delivery,2026-04-19,2026-04-27,103.93,185.95,0.7893
P0001388,M01011,BOGO,2026-04-24,2026-05-02,40.95,59.87,0.4621
P0001390,M01012,Percentage Off,2026-03-30,2026-04-05,172.85,315.24,0.8237
P0001391,M01013,Sponsored Listing,2026-03-10,2026-03-17,69.92,187.2,1.6772
P0001392,M01015,Sponsored Listing,2026-04-05,2026-04-17,85.29,178.97,1.0984
P0001393,M01016,Free Delivery,2026-03-25,2026-04-06,39.84,91.02,1.2845
P0001394,M01017,BOGO,2026-03-25,2026-04-07,101.07,171.93,0.701
P0001395,M01018,Free Delivery,2026-04-04,2026-04-12,47.69,69.53,0.458
P0001396,M01019,BOGO,2026-03-15,2026-03-20,253.43,691.72,1.7294
P0001397,M01019,Sponsored Listing,2026-04-20,2026-04-28,161.49,379.89,1.3523
P0001398,M01019,Percentage Off,2026-04-29,2026-05-05,86.8,209.95,1.4189
P0001399,M01020,Sponsored Listing,2026-04-30,2026-05-13,231.03,622.1,1.6927
P0001400,M01021,Sponsored Listing,2026-05-13,2026-05-18,134.74,315.47,1.3413
P0001401,M01022,Percentage Off,2026-04-14,2026-04-18,165.61,453.2,1.7366
P0001404,M01024,BOGO,2026-02-04,2026-02-10,63.43,142.7,1.2499
P0001403,M01024,BOGO,2026-03-04,2026-03-18,70.58,158.62,1.2472
P0001402,M01024,BOGO,2026-04-15,2026-04-28,71.11,109.42,0.5386
P0001405,M01026,Sponsored Listing,2026-03-13,2026-03-27,32.06,63.53,0.9819
P0001407,M01028,Sponsored Listing,2026-05-09,2026-05-20,62.97,183.31,1.9111
P0001406,M01028,Free Delivery,2026-05-19,2026-05-31,31.36,50.91,0.6234
P0001408,M01032,Free Delivery,2026-03-11,2026-03-17,134.51,225.68,0.6778
P0001409,M01032,Sponsored Listing,2026-05-18,2026-05-24,60.8,164.08,1.6989
P0001411,M01034,BOGO,2026-03-21,2026-03-29,234.58,438.95,0.8712
P0001410,M01034,Sponsored Listing,2026-04-27,2026-05-11,42.45,137.29,2.2345
P0001412,M01036,Percentage Off,2026-02-28,2026-03-14,119.93,263.89,1.2003
P0001414,M01037,BOGO,2026-03-07,2026-03-12,41.73,58.59,0.404
P0001413,M01037,BOGO,2026-04-01,2026-04-15,96.87,218.07,1.2511
P0001415,M01038,Free Delivery,2026-02-28,2026-03-12,125.77,196.7,0.5639
P0001418,M01039,BOGO,2026-03-31,2026-04-05,185.22,487.42,1.6316
P0001419,M01039,BOGO,2026-04-28,2026-05-08,24.36,48.25,0.9808
P0001416,M01039,Percentage Off,2026-05-12,2026-05-21,483.75,1041.5,1.153
P0001417,M01039,BOGO,2026-05-15,2026-05-23,55.01,137.04,1.4909
P0001420,M01040,Percentage Off,2026-02-28,2026-03-13,128.1,180.46,0.4088
P0001421,M01041,Free Delivery,2026-02-13,2026-02-26,52.98,91.17,0.7207
P0001422,M01042,BOGO,2026-04-22,2026-05-03,40.19,83.96,1.0893
P0001423,M01043,Percentage Off,2026-04-18,2026-04-24,30.77,25.07,-0.1852
P0001425,M01045,Free Delivery,2026-02-21,2026-03-01,116.61,222.03,0.904
P0001424,M01045,Sponsored Listing,2026-02-25,2026-03-05,73.87,148.05,1.0041
P0001426,M01045,Free Delivery,2026-04-05,2026-04-17,94.77,158.44,0.6718
P0001429,M01046,Percentage Off,2026-03-28,2026-04-07,96.15,206.31,1.1456
P0001427,M01046,Free Delivery,2026-04-22,2026-04-26,117.27,213.45,0.8202
P0001428,M01046,BOGO,2026-05-03,2026-05-08,82.75,178.0,1.1512
P0001430,M01047,Percentage Off,2026-04-18,2026-04-28,98.2,159.98,0.6291
P0001431,M01047,BOGO,2026-04-23,2026-04-29,88.71,159.45,0.7974
P0001432,M01048,Free Delivery,2026-03-19,2026-03-28,204.14,307.66,0.5071
P0001434,M01050,Percentage Off,2026-02-03,2026-02-12,150.31,172.67,0.1488
P0001433,M01050,Percentage Off,2026-04-02,2026-04-16,53.37,71.83,0.346
P0001435,M01051,Sponsored Listing,2026-03-05,2026-03-09,37.91,93.49,1.4659
P0001438,M01052,BOGO,2026-02-03,2026-02-08,235.54,691.68,1.9365
P0001437,M01052,Sponsored Listing,2026-03-22,2026-03-31,71.56,171.12,1.3914
P0001436,M01052,BOGO,2026-04-17,2026-05-01,184.98,373.21,1.0176
P0001439,M01052,Free Delivery,2026-04-24,2026-05-06,109.48,186.27,0.7015
P0001440,M01055,Sponsored Listing,2026-04-29,2026-05-04,114.67,308.69,1.692
P0001441,M01056,Sponsored Listing,2026-03-11,2026-03-18,83.59,224.09,1.6808
P0001442,M01056,Free Delivery,2026-04-24,2026-04-29,41.7,65.2,0.5636
P0001443,M01057,Free Delivery,2026-04-17,2026-04-26,123.79,358.53,1.8963
P0001444,M01058,Percentage Off,2026-03-30,2026-04-07,109.33,284.69,1.604
P0001445,M01059,Free Delivery,2026-03-15,2026-03-28,83.94,195.73,1.3318
P0001446,M01059,Percentage Off,2026-04-11,2026-04-16,117.77,276.73,1.3497
P0001447,M01060,Free Delivery,2026-04-11,2026-04-24,75.96,73.7,-0.0298
P0001449,M01060,BOGO,2026-05-03,2026-05-08,168.69,509.06,2.0177
P0001448,M01060,BOGO,2026-05-04,2026-05-17,32.09,88.18,1.7476
P0001453,M01061,BOGO,2026-03-10,2026-03-14,175.23,201.8,0.1516
P0001450,M01061,BOGO,2026-04-28,2026-05-08,61.29,152.51,1.4884
P0001452,M01061,Percentage Off,2026-05-09,2026-05-13,125.78,207.39,0.6488
P0001451,M01061,Sponsored Listing,2026-05-11,2026-05-15,63.95,78.83,0.2326
P0001454,M01064,BOGO,2026-03-04,2026-03-14,121.46,176.17,0.4504
P0001458,M01065,Percentage Off,2026-02-02,2026-02-12,61.78,132.88,1.1509
P0001455,M01065,Percentage Off,2026-03-18,2026-04-01,60.06,139.93,1.33
P0001457,M01065,Percentage Off,2026-05-11,2026-05-18,182.72,475.99,1.6051
P0001456,M01065,Free Delivery,2026-05-17,2026-05-27,116.55,279.81,1.4007
P0001460,M01066,Free Delivery,2026-03-18,2026-04-01,101.53,105.44,0.0385
P0001459,M01066,BOGO,2026-05-08,2026-05-12,132.11,249.4,0.8877
P0001462,M01067,Sponsored Listing,2026-02-15,2026-02-19,267.57,495.13,0.8504
P0001464,M01067,Percentage Off,2026-02-21,2026-02-25,182.02,368.32,1.0235
P0001465,M01067,BOGO,2026-03-31,2026-04-10,77.38,188.54,1.4366
P0001461,M01067,Free Delivery,2026-04-13,2026-04-26,65.5,142.69,1.1784
P0001463,M01067,Free Delivery,2026-04-27,2026-05-10,219.36,482.34,1.1989
P0001466,M01068,Sponsored Listing,2026-03-04,2026-03-14,96.79,259.82,1.6843
P0001468,M01069,Free Delivery,2026-02-20,2026-03-05,144.96,334.21,1.3055
P0001467,M01069,BOGO,2026-03-22,2026-04-05,173.17,446.36,1.5775
P0001469,M01070,BOGO,2026-05-15,2026-05-29,262.78,743.45,1.8292
P0001471,M01071,Percentage Off,2026-03-06,2026-03-12,126.96,311.72,1.4553
P0001470,M01071,Sponsored Listing,2026-04-25,2026-05-07,98.89,239.99,1.4268
P0001472,M01072,BOGO,2026-02-03,2026-02-08,165.06,403.26,1.4432
P0001473,M01072,Percentage Off,2026-04-11,2026-04-21,69.63,178.67,1.5661
P0001474,M01073,Sponsored Listing,2026-02-05,2026-02-14,69.53,99.54,0.4317
P0001475,M01073,Percentage Off,2026-03-21,2026-04-01,73.44,195.68,1.6644
P0001476,M01074,BOGO,2026-04-11,2026-04-24,123.49,242.46,0.9635
P0001477,M01075,Percentage Off,2026-02-18,2026-02-23,61.45,102.24,0.6637
P0001478,M01076,Percentage Off,2026-02-19,2026-03-04,43.74,112.14,1.5639
P0001479,M01077,Sponsored Listing,2026-02-02,2026-02-13,56.1,121.25,1.1615
P0001480,M01077,Free Delivery,2026-02-20,2026-02-25,107.84,389.91,2.6158
P0001481,M01078,Free Delivery,2026-02-20,2026-02-28,211.86,285.6,0.348
P0001482,M01080,BOGO,2026-04-08,2026-04-19,134.23,290.49,1.1641
P0001483,M01081,Sponsored Listing,2026-03-02,2026-03-08,114.16,224.82,0.9694
P0001484,M01083,BOGO,2026-05-13,2026-05-26,109.15,169.81,0.5557
P0001485,M01084,Percentage Off,2026-02-23,2026-03-05,252.36,734.47,1.9104
P0001486,M01084,Free Delivery,2026-03-15,2026-03-22,64.94,90.82,0.3986
P0001487,M01084,Sponsored Listing,2026-04-12,2026-04-17,127.1,412.5,2.2454
P0001488,M01085,Sponsored Listing,2026-04-05,2026-04-18,80.47,191.37,1.3781
P0001489,M01086,Percentage Off,2026-02-14,2026-02-23,74.85,244.84,2.271
P0001490,M01087,Free Delivery,2026-02-19,2026-02-23,227.77,571.37,1.5085
P0001491,M01088,Sponsored Listing,2026-05-20,2026-05-24,52.5,110.85,1.1115
P0001492,M01089,BOGO,2026-02-12,2026-02-18,75.85,141.3,0.8628
P0001494,M01089,BOGO,2026-03-30,2026-04-04,105.51,216.45,1.0516
P0001493,M01089,Percentage Off,2026-04-30,2026-05-11,108.6,97.04,-0.1065
P0001495,M01090,Free Delivery,2026-02-08,2026-02-14,67.7,142.81,1.1095
P0001496,M01090,Free Delivery,2026-02-15,2026-02-27,216.15,422.97,0.9568
P0001497,M01090,Sponsored Listing,2026-04-14,2026-04-26,88.21,280.0,2.1741
P0001499,M01091,Free Delivery,2026-03-10,2026-03-22,254.29,608.01,1.391
P0001500,M01091,Percentage Off,2026-03-25,2026-04-08,71.34,223.16,2.1282
P0001498,M01091,Percentage Off,2026-05-02,2026-05-15,77.81,230.02,1.9561
P0001502,M01092,BOGO,2026-02-11,2026-02-19,88.27,114.12,0.2928
P0001501,M01092,Percentage Off,2026-03-04,2026-03-15,279.75,852.06,2.0458
P0001504,M01093,Free Delivery,2026-02-21,2026-03-02,76.49,238.26,2.1148
P0001503,M01093,Sponsored Listing,2026-02-27,2026-03-05,83.23,233.96,1.811
P0001506,M01094,Percentage Off,2026-03-15,2026-03-27,54.54,126.31,1.3157
P0001505,M01094,Free Delivery,2026-04-09,2026-04-18,81.9,280.95,2.4303
P0001507,M01095,Sponsored Listing,2026-05-02,2026-05-09,178.52,403.29,1.259
P0001508,M01095,Sponsored Listing,2026-05-03,2026-05-14,148.59,365.56,1.4602
P0001510,M01097,Free Delivery,2026-02-23,2026-03-09,41.48,70.16,0.6913
P0001509,M01097,BOGO,2026-04-05,2026-04-10,112.48,319.2,1.8377
P0001512,M01098,Sponsored Listing,2026-02-22,2026-03-05,545.53,733.8,0.3451
P0001511,M01098,Free Delivery,2026-04-20,2026-05-01,68.04,115.26,0.694
P0001514,M01099,Percentage Off,2026-02-10,2026-02-17,50.32,146.06,1.9026
P0001513,M01099,Free Delivery,2026-04-27,2026-05-09,112.67,207.43,0.841
P0001515,M01102,Free Delivery,2026-05-11,2026-05-18,71.48,120.11,0.6803
P0001518,M01103,Free Delivery,2026-02-03,2026-02-07,52.44,60.12,0.1466
P0001516,M01103,Free Delivery,2026-02-10,2026-02-23,71.29,113.52,0.5923
P0001517,M01103,BOGO,2026-02-13,2026-02-24,52.38,145.37,1.775
P0001521,M01104,Percentage Off,2026-02-22,2026-03-03,63.52,144.03,1.2674
P0001519,M01104,Sponsored Listing,2026-04-25,2026-05-07,67.11,119.17,0.7757
P0001520,M01104,Free Delivery,2026-05-02,2026-05-11,126.24,384.33,2.0445
P0001522,M01105,Percentage Off,2026-02-03,2026-02-07,107.26,154.34,0.4389
P0001523,M01106,BOGO,2026-04-09,2026-04-22,76.26,201.26,1.6391
P0001525,M01108,Sponsored Listing,2026-02-20,2026-02-25,40.7,79.77,0.9598
P0001524,M01108,Percentage Off,2026-05-20,2026-05-28,82.52,162.09,0.9644
P0001526,M01110,BOGO,2026-03-15,2026-03-23,64.51,112.66,0.7464
P0001529,M01112,Percentage Off,2026-02-11,2026-02-17,115.46,142.81,0.2369
P0001528,M01112,Percentage Off,2026-03-11,2026-03-25,50.15,119.01,1.3731
P0001527,M01112,Sponsored Listing,2026-05-07,2026-05-11,100.47,190.11,0.8921
P0001531,M01113,BOGO,2026-02-25,2026-03-06,142.74,430.81,2.0182
P0001530,M01113,BOGO,2026-03-08,2026-03-19,113.21,173.67,0.5341
P0001532,M01114,Percentage Off,2026-04-09,2026-04-16,63.72,131.08,1.057
P0001533,M01115,BOGO,2026-04-10,2026-04-17,82.62,256.97,2.1103
P0001534,M01116,BOGO,2026-05-01,2026-05-07,57.01,73.87,0.2956
P0001535,M01117,Free Delivery,2026-03-15,2026-03-21,528.29,1536.62,1.9087
P0001537,M01118,BOGO,2026-03-26,2026-03-30,92.59,170.34,0.8397
P0001538,M01118,BOGO,2026-04-03,2026-04-09,48.63,131.41,1.702
P0001536,M01118,Percentage Off,2026-04-19,2026-04-26,130.84,306.74,1.3444
P0001539,M01119,BOGO,2026-04-11,2026-04-24,55.05,78.33,0.423
P0001540,M01119,Free Delivery,2026-04-12,2026-04-21,86.36,139.46,0.6148
P0001541,M01120,Free Delivery,2026-03-23,2026-03-29,48.58,131.85,1.7141
P0001543,M01121,Percentage Off,2026-02-05,2026-02-15,137.41,106.52,-0.2248
P0001542,M01121,Sponsored Listing,2026-03-09,2026-03-13,56.01,64.9,0.1587
P0001545,M01122,Percentage Off,2026-04-06,2026-04-14,63.83,112.47,0.7621
P0001544,M01122,Free Delivery,2026-05-05,2026-05-19,281.96,661.92,1.3476
P0001546,M01123,Sponsored Listing,2026-03-18,2026-03-31,58.63,111.28,0.8978
P0001548,M01124,Sponsored Listing,2026-02-05,2026-02-09,69.78,137.02,0.9636
P0001547,M01124,Free Delivery,2026-02-14,2026-02-26,148.25,260.78,0.7591
P0001549,M01125,Percentage Off,2026-04-21,2026-04-27,76.33,158.6,1.078
P0001550,M01126,Percentage Off,2026-04-15,2026-04-29,75.15,190.84,1.5394
P0001551,M01127,BOGO,2026-04-11,2026-04-23,54.18,130.42,1.4072
P0001552,M01128,Sponsored Listing,2026-02-23,2026-03-03,71.97,89.21,0.2396
P0001553,M01131,Free Delivery,2026-03-12,2026-03-21,141.25,370.69,1.6244
P0001554,M01131,Free Delivery,2026-04-04,2026-04-11,195.42,424.72,1.1734
P0001556,M01133,Percentage Off,2026-02-23,2026-03-09,34.64,85.13,1.4578
P0001555,M01133,Free Delivery,2026-02-27,2026-03-07,135.37,312.48,1.3084
P0001558,M01134,BOGO,2026-03-20,2026-03-27,65.4,116.89,0.7872
P0001557,M01134,Free Delivery,2026-05-09,2026-05-17,116.58,219.05,0.879
P0001560,M01135,Free Delivery,2026-05-12,2026-05-22,57.85,134.75,1.3294
P0001559,M01135,Percentage Off,2026-05-15,2026-05-21,52.34,87.76,0.6767
P0001561,M01136,Sponsored Listing,2026-05-20,2026-05-25,59.31,126.38,1.131
P0001562,M01138,Sponsored Listing,2026-03-21,2026-03-25,34.3,89.99,1.6237
P0001563,M01141,Percentage Off,2026-02-14,2026-02-26,78.6,117.01,0.4888
P0001564,M01143,Percentage Off,2026-04-17,2026-04-29,92.34,163.75,0.7733
P0001566,M01145,Free Delivery,2026-02-22,2026-03-08,73.96,169.69,1.2944
P0001565,M01145,BOGO,2026-03-19,2026-03-27,188.25,492.97,1.6187
P0001567,M01145,Sponsored Listing,2026-04-07,2026-04-16,65.43,142.47,1.1774
P0001568,M01146,BOGO,2026-04-16,2026-04-20,66.2,156.79,1.3686
P0001572,M01147,BOGO,2026-02-20,2026-02-24,186.07,446.39,1.399
P0001569,M01147,Sponsored Listing,2026-03-27,2026-03-31,34.42,70.02,1.034
P0001570,M01147,Sponsored Listing,2026-04-14,2026-04-22,41.22,84.13,1.0412
P0001571,M01147,Free Delivery,2026-04-26,2026-05-09,55.4,114.1,1.0596
P0001574,M01148,Free Delivery,2026-03-21,2026-03-30,82.32,206.09,1.5036
P0001573,M01148,Sponsored Listing,2026-04-03,2026-04-07,125.17,199.62,0.5948
P0001575,M01149,BOGO,2026-02-03,2026-02-17,195.71,394.02,1.0133
P0001576,M01150,Sponsored Listing,2026-05-11,2026-05-23,143.6,339.17,1.362
P0001577,M01151,Sponsored Listing,2026-05-02,2026-05-10,98.34,283.5,1.8828
P0001578,M01154,Sponsored Listing,2026-02-16,2026-03-02,146.3,66.87,-0.5429
P0001579,M01156,Free Delivery,2026-03-25,2026-04-03,52.81,137.87,1.6108
P0001582,M01157,Free Delivery,2026-03-02,2026-03-12,69.15,140.06,1.0253
P0001580,M01157,Percentage Off,2026-04-16,2026-04-29,57.08,88.5,0.5504
P0001581,M01157,BOGO,2026-05-04,2026-05-12,62.44,153.16,1.453
P0001584,M01159,BOGO,2026-03-16,2026-03-27,59.94,162.47,1.7103
P0001585,M01159,BOGO,2026-03-26,2026-04-09,74.42,111.14,0.4935
P0001583,M01159,Sponsored Listing,2026-04-03,2026-04-09,37.93,123.26,2.2492
P0001586,M01160,BOGO,2026-03-11,2026-03-20,76.46,96.35,0.2601
P0001587,M01161,BOGO,2026-04-06,2026-04-17,156.98,419.24,1.6707
P0001588,M01162,Free Delivery,2026-02-14,2026-02-24,57.13,61.86,0.0828
P0001590,M01162,Free Delivery,2026-03-01,2026-03-08,255.03,808.57,2.1704
P0001589,M01162,BOGO,2026-05-18,2026-05-23,142.01,269.12,0.8951
P0001591,M01164,Sponsored Listing,2026-02-11,2026-02-20,225.31,415.44,0.8439
P0001592,M01164,Free Delivery,2026-03-28,2026-04-07,69.71,100.53,0.4421
P0001593,M01165,BOGO,2026-03-15,2026-03-25,101.32,331.3,2.2698
P0001594,M01165,Sponsored Listing,2026-03-15,2026-03-24,71.75,145.58,1.0291
P0001595,M01170,BOGO,2026-02-09,2026-02-18,226.77,430.17,0.8969
P0001596,M01170,Free Delivery,2026-03-06,2026-03-16,60.92,109.67,0.8003
P0001597,M01170,Free Delivery,2026-04-17,2026-04-24,196.08,536.21,1.7347
P0001598,M01172,Sponsored Listing,2026-02-03,2026-02-10,64.37,107.19,0.665
P0001599,M01172,Free Delivery,2026-04-01,2026-04-08,58.18,143.76,1.4708
P0001603,M01174,Percentage Off,2026-02-25,2026-03-08,110.43,297.96,1.6981
P0001602,M01174,Percentage Off,2026-03-31,2026-04-08,85.37,151.22,0.7714
P0001601,M01174,Free Delivery,2026-04-26,2026-05-09,39.52,80.63,1.0403
P0001600,M01174,Free Delivery,2026-05-11,2026-05-16,28.12,49.41,0.7569
P0001604,M01175,Percentage Off,2026-03-22,2026-04-05,119.75,369.88,2.0886
P0001605,M01176,Free Delivery,2026-03-07,2026-03-15,198.57,466.6,1.3498
P0001606,M01176,Free Delivery,2026-04-23,2026-05-06,109.03,381.49,2.4989
P0001607,M01178,BOGO,2026-05-14,2026-05-19,129.75,164.74,0.2696
P0001608,M01179,Sponsored Listing,2026-03-01,2026-03-11,398.26,1226.51,2.0796
P0001609,M01180,Percentage Off,2026-05-08,2026-05-21,49.47,123.06,1.4874
P0001610,M01181,Sponsored Listing,2026-05-11,2026-05-25,135.7,330.72,1.4371
P0001612,M01182,Percentage Off,2026-04-10,2026-04-14,94.31,208.9,1.2149
P0001611,M01182,BOGO,2026-04-14,2026-04-21,74.47,176.15,1.3655
P0001613,M01184,Sponsored Listing,2026-04-04,2026-04-17,58.72,133.94,1.281
P0001617,M01185,Percentage Off,2026-02-07,2026-02-16,157.78,159.27,0.0095
P0001615,M01185,Free Delivery,2026-02-24,2026-03-03,112.08,403.82,2.6029
P0001616,M01185,BOGO,2026-04-06,2026-04-11,59.94,132.08,1.2034
P0001614,M01185,Free Delivery,2026-04-27,2026-05-08,52.61,118.23,1.2473
P0001618,M01186,Percentage Off,2026-04-29,2026-05-12,201.67,249.94,0.2393
P0001619,M01187,Percentage Off,2026-05-05,2026-05-10,73.31,114.93,0.5678
P0001620,M01188,Percentage Off,2026-02-05,2026-02-09,67.44,109.85,0.6287
P0001621,M01189,BOGO,2026-05-06,2026-05-16,48.93,158.59,2.2409
P0001622,M01191,Free Delivery,2026-04-15,2026-04-23,46.52,130.98,1.8158
P0001623,M01192,Free Delivery,2026-03-05,2026-03-12,63.46,135.47,1.1348
P0001624,M01193,Percentage Off,2026-02-23,2026-03-05,89.93,158.97,0.7677
P0001625,M01196,Percentage Off,2026-05-17,2026-05-21,116.98,155.31,0.3276
P0001626,M01197,Free Delivery,2026-04-17,2026-04-21,96.94,188.28,0.9422
P0001628,M01198,Percentage Off,2026-02-16,2026-02-23,38.68,97.49,1.5202
P0001627,M01198,BOGO,2026-04-19,2026-05-02,28.19,89.48,2.1736
P0001629,M01199,Sponsored Listing,2026-02-15,2026-02-26,64.78,133.29,1.0574
P0001630,M01199,Free Delivery,2026-05-09,2026-05-19,56.1,120.27,1.1439
P0001631,M01200,Percentage Off,2026-02-22,2026-03-05,123.21,194.04,0.5749
P0001633,M01201,Percentage Off,2026-03-24,2026-03-28,43.44,99.43,1.2887
P0001632,M01201,Percentage Off,2026-05-04,2026-05-08,57.49,159.42,1.773
P0001634,M01202,Sponsored Listing,2026-02-08,2026-02-19,35.34,77.07,1.1805
P0001635,M01204,BOGO,2026-05-09,2026-05-14,381.7,964.97,1.5281
P0001636,M01204,Sponsored Listing,2026-05-09,2026-05-15,75.64,227.09,2.0024
P0001638,M01207,Percentage Off,2026-02-22,2026-03-06,35.25,53.9,0.5291
P0001637,M01207,Percentage Off,2026-03-21,2026-03-27,110.76,273.81,1.472
P0001639,M01207,BOGO,2026-04-30,2026-05-14,36.67,87.29,1.3807
P0001640,M01209,Free Delivery,2026-02-06,2026-02-17,57.36,102.8,0.792
P0001642,M01209,BOGO,2026-03-13,2026-03-18,80.63,89.8,0.1137
P0001641,M01209,BOGO,2026-04-11,2026-04-19,65.03,168.66,1.5935
P0001643,M01210,Free Delivery,2026-04-28,2026-05-06,60.57,108.53,0.7919
P0001644,M01214,Sponsored Listing,2026-02-04,2026-02-12,72.45,151.89,1.0964
P0001645,M01215,Free Delivery,2026-05-04,2026-05-08,96.52,144.42,0.4963
P0001648,M01216,BOGO,2026-02-15,2026-02-25,193.95,510.24,1.6308
P0001646,M01216,Percentage Off,2026-02-23,2026-03-01,92.75,234.74,1.5309
P0001647,M01216,Free Delivery,2026-04-11,2026-04-19,86.68,142.47,0.6436
P0001649,M01217,Sponsored Listing,2026-02-25,2026-03-10,189.62,386.29,1.0372
P0001650,M01217,BOGO,2026-03-04,2026-03-09,122.72,249.79,1.0355
P0001652,M01218,Percentage Off,2026-03-02,2026-03-09,41.31,115.78,1.8026
P0001651,M01218,Sponsored Listing,2026-05-03,2026-05-15,136.59,285.99,1.0937
P0001654,M01219,Sponsored Listing,2026-03-06,2026-03-18,46.44,96.25,1.0724
P0001653,M01219,Sponsored Listing,2026-03-09,2026-03-15,178.49,342.4,0.9183
P0001655,M01220,Sponsored Listing,2026-02-05,2026-02-09,154.48,266.65,0.7262
P0001656,M01220,Percentage Off,2026-03-08,2026-03-18,52.57,83.06,0.58
P0001657,M01220,Sponsored Listing,2026-03-30,2026-04-05,165.48,428.75,1.5909
P0001658,M01221,Percentage Off,2026-02-24,2026-03-09,83.98,197.45,1.3512
P0001659,M01221,Percentage Off,2026-03-16,2026-03-25,41.63,63.96,0.5364
P0001660,M01221,BOGO,2026-03-23,2026-03-29,76.66,113.67,0.4827
P0001661,M01222,BOGO,2026-05-19,2026-06-02,168.33,272.52,0.619
P0001662,M01223,Sponsored Listing,2026-02-14,2026-02-23,135.92,225.45,0.6587
P0001663,M01224,Sponsored Listing,2026-04-09,2026-04-22,21.73,47.14,1.1699
P0001664,M01225,Sponsored Listing,2026-03-09,2026-03-19,153.54,265.4,0.7285
P0001665,M01225,BOGO,2026-03-12,2026-03-22,75.0,144.95,0.9326
P0001666,M01226,BOGO,2026-02-14,2026-02-28,215.33,471.67,1.1905
P0001667,M01226,Sponsored Listing,2026-02-17,2026-03-02,101.66,168.0,0.6526
P0001668,M01226,Percentage Off,2026-05-18,2026-05-30,69.5,169.76,1.4427
P0001672,M01227,Sponsored Listing,2026-03-07,2026-03-21,167.01,355.22,1.127
P0001670,M01227,BOGO,2026-03-09,2026-03-17,53.52,104.42,0.951
P0001669,M01227,Percentage Off,2026-03-26,2026-04-02,79.08,257.13,2.2514
P0001671,M01227,Free Delivery,2026-04-24,2026-05-05,99.48,231.67,1.3289
P0001674,M01228,Sponsored Listing,2026-02-12,2026-02-16,100.77,217.83,1.1617
P0001673,M01228,BOGO,2026-03-03,2026-03-13,112.94,286.94,1.5406
P0001675,M01229,Sponsored Listing,2026-05-17,2026-05-23,69.31,144.68,1.0874
P0001676,M01230,BOGO,2026-05-01,2026-05-11,70.72,110.83,0.5671
P0001677,M01233,Percentage Off,2026-05-10,2026-05-24,66.22,138.13,1.086
P0001678,M01234,BOGO,2026-03-10,2026-03-18,215.84,444.03,1.0572
P0001679,M01236,Free Delivery,2026-03-12,2026-03-18,44.47,105.25,1.3667
P0001682,M01238,Percentage Off,2026-02-02,2026-02-12,95.82,165.31,0.7251
P0001680,M01238,BOGO,2026-03-12,2026-03-22,151.26,464.44,2.0704
P0001681,M01238,Percentage Off,2026-04-22,2026-04-30,90.54,144.26,0.5935
P0001683,M01239,Sponsored Listing,2026-04-21,2026-05-01,68.32,117.23,0.7159
P0001684,M01240,Percentage Off,2026-04-02,2026-04-11,71.36,215.65,2.0221
P0001686,M01241,BOGO,2026-03-08,2026-03-19,175.95,511.82,1.9089
P0001685,M01241,Free Delivery,2026-05-06,2026-05-11,107.45,206.43,0.9212
P0001687,M01242,Free Delivery,2026-03-01,2026-03-06,57.68,154.33,1.6757
P0001688,M01244,Free Delivery,2026-03-29,2026-04-07,45.54,59.1,0.2975
P0001689,M01244,Free Delivery,2026-05-14,2026-05-20,146.18,340.25,1.3276
P0001690,M01245,Percentage Off,2026-05-06,2026-05-15,145.19,290.87,1.0033
P0001691,M01246,Free Delivery,2026-02-05,2026-02-14,82.76,70.55,-0.1475
P0001692,M01247,BOGO,2026-04-16,2026-04-23,33.31,60.71,0.8229
P0001693,M01248,BOGO,2026-04-04,2026-04-12,83.77,212.05,1.5312
P0001694,M01249,BOGO,2026-05-09,2026-05-21,21.96,31.37,0.4288
P0001696,M01252,Free Delivery,2026-02-15,2026-02-22,158.75,305.84,0.9265
P0001695,M01252,Percentage Off,2026-03-08,2026-03-22,35.1,52.11,0.4848
P0001697,M01253,Free Delivery,2026-05-17,2026-05-22,60.54,127.05,1.0985
P0001698,M01254,BOGO,2026-02-07,2026-02-11,93.95,150.4,0.6009
P0001699,M01255,Sponsored Listing,2026-03-02,2026-03-15,101.38,216.97,1.1403
P0001700,M01256,Free Delivery,2026-02-19,2026-03-01,115.4,234.0,1.0278
P0001701,M01257,BOGO,2026-03-31,2026-04-07,117.76,243.72,1.0696
P0001703,M01260,Percentage Off,2026-02-25,2026-03-11,88.7,287.7,2.2435
P0001706,M01260,BOGO,2026-03-25,2026-03-30,116.9,334.07,1.8578
P0001705,M01260,Percentage Off,2026-03-29,2026-04-11,157.8,394.02,1.497
P0001704,M01260,BOGO,2026-04-07,2026-04-19,288.16,800.4,1.7776
P0001702,M01260,BOGO,2026-05-14,2026-05-28,137.92,184.72,0.3393
P0001707,M01261,Free Delivery,2026-04-02,2026-04-12,112.85,175.03,0.5511
P0001708,M01262,BOGO,2026-05-19,2026-05-29,89.82,244.75,1.7248
P0001710,M01263,Sponsored Listing,2026-02-10,2026-02-15,43.74,107.7,1.4623
P0001709,M01263,Sponsored Listing,2026-03-08,2026-03-13,30.25,71.46,1.3624
P0001711,M01263,Free Delivery,2026-04-05,2026-04-19,71.57,122.04,0.7053
P0001712,M01263,Sponsored Listing,2026-04-06,2026-04-20,63.85,159.27,1.4944
P0001713,M01265,Free Delivery,2026-04-01,2026-04-09,217.41,476.6,1.1922
P0001714,M01265,Free Delivery,2026-04-16,2026-04-26,120.08,296.99,1.4732
P0001715,M01265,Percentage Off,2026-04-27,2026-05-05,203.1,375.86,0.8506
P0001717,M01266,Free Delivery,2026-02-14,2026-02-26,43.45,100.5,1.3132
P0001716,M01266,BOGO,2026-02-27,2026-03-12,195.09,416.48,1.1348
P0001718,M01266,Percentage Off,2026-03-18,2026-03-31,46.0,62.16,0.3514
P0001720,M01267,BOGO,2026-02-21,2026-03-05,149.77,279.65,0.8671
P0001719,M01267,BOGO,2026-04-08,2026-04-21,72.55,161.75,1.2293
P0001721,M01269,Free Delivery,2026-02-13,2026-02-21,52.96,158.33,1.9895
P0001722,M01269,Percentage Off,2026-02-22,2026-02-28,164.78,364.54,1.2123
P0001723,M01269,BOGO,2026-04-01,2026-04-10,46.76,87.14,0.8635
P0001724,M01270,BOGO,2026-03-01,2026-03-11,177.08,364.14,1.0564
P0001725,M01271,Percentage Off,2026-02-06,2026-02-11,84.4,108.03,0.2799
P0001726,M01272,Free Delivery,2026-02-25,2026-03-05,116.81,412.18,2.5286
P0001727,M01272,BOGO,2026-05-11,2026-05-21,91.45,117.25,0.2821
P0001728,M01274,Free Delivery,2026-04-07,2026-04-14,66.75,177.92,1.6654
P0001729,M01275,Free Delivery,2026-03-04,2026-03-13,151.16,277.73,0.8373
P0001730,M01275,Percentage Off,2026-03-05,2026-03-14,93.27,233.66,1.5052
P0001731,M01276,Free Delivery,2026-02-22,2026-03-04,62.43,164.63,1.6372
P0001732,M01276,Sponsored Listing,2026-03-15,2026-03-29,128.04,304.01,1.3743
P0001733,M01277,Free Delivery,2026-03-21,2026-03-26,74.05,120.8,0.6315
P0001734,M01277,Free Delivery,2026-04-27,2026-05-05,87.81,112.6,0.2824
P0001735,M01278,BOGO,2026-03-23,2026-03-29,72.05,167.19,1.3204
P0001736,M01279,Free Delivery,2026-03-15,2026-03-27,226.53,484.12,1.1371
P0001737,M01279,Percentage Off,2026-05-04,2026-05-18,77.57,170.9,1.2032
P0001738,M01280,Sponsored Listing,2026-02-08,2026-02-16,38.93,72.87,0.8718
P0001739,M01281,BOGO,2026-05-08,2026-05-14,144.0,271.07,0.8824
P0001740,M01282,Sponsored Listing,2026-03-09,2026-03-19,90.0,198.96,1.2107
P0001741,M01283,Sponsored Listing,2026-05-07,2026-05-18,125.43,273.9,1.1837
P0001742,M01283,Percentage Off,2026-05-14,2026-05-25,55.63,141.6,1.5454
P0001743,M01283,Sponsored Listing,2026-05-15,2026-05-21,56.19,130.75,1.3268
P0001744,M01284,Free Delivery,2026-03-02,2026-03-06,127.48,317.78,1.4928
P0001745,M01286,BOGO,2026-04-17,2026-04-27,173.09,321.33,0.8564
P0001746,M01287,BOGO,2026-04-17,2026-04-25,116.74,260.85,1.2344
P0001747,M01288,BOGO,2026-04-27,2026-05-01,84.97,245.82,1.8929
P0001749,M01290,BOGO,2026-04-02,2026-04-14,498.6,1208.86,1.4245
P0001750,M01290,Percentage Off,2026-04-09,2026-04-22,55.77,141.75,1.5416
P0001748,M01290,Sponsored Listing,2026-05-14,2026-05-22,44.99,47.83,0.0633
P0001751,M01292,Sponsored Listing,2026-05-12,2026-05-24,48.28,95.11,0.9699
P0001752,M01296,Percentage Off,2026-04-17,2026-04-25,116.43,266.71,1.2908
P0001753,M01298,Free Delivery,2026-02-04,2026-02-18,60.2,96.75,0.6072
P0001754,M01299,Free Delivery,2026-03-29,2026-04-06,97.86,277.46,1.8352
P0001757,M01300,BOGO,2026-03-12,2026-03-26,48.06,97.06,1.0195
P0001756,M01300,Free Delivery,2026-03-30,2026-04-13,293.41,818.59,1.7899
P0001755,M01300,BOGO,2026-05-18,2026-05-24,63.85,142.87,1.2377
P0001759,M01301,Free Delivery,2026-02-16,2026-02-28,137.06,115.35,-0.1584
P0001758,M01301,Free Delivery,2026-04-18,2026-04-30,84.47,95.25,0.1277
P0001760,M01301,BOGO,2026-04-25,2026-05-08,58.99,109.94,0.8638
P0001764,M01302,Free Delivery,2026-03-01,2026-03-06,87.98,206.67,1.349
P0001761,M01302,Free Delivery,2026-03-07,2026-03-14,84.49,176.15,1.0849
P0001762,M01302,Sponsored Listing,2026-04-12,2026-04-23,50.74,75.09,0.4799
P0001763,M01302,BOGO,2026-05-01,2026-05-08,154.32,403.16,1.6126
P0001766,M01303,Percentage Off,2026-03-29,2026-04-03,64.12,159.62,1.4896
P0001765,M01303,Percentage Off,2026-04-26,2026-05-08,99.03,308.7,2.1172
P0001768,M01304,BOGO,2026-03-01,2026-03-15,77.23,148.2,0.9188
P0001767,M01304,BOGO,2026-05-18,2026-05-30,99.78,176.68,0.7707
P0001769,M01305,BOGO,2026-04-17,2026-04-21,239.91,565.86,1.3586
P0001771,M01306,Percentage Off,2026-05-04,2026-05-10,48.15,94.02,0.9527
P0001770,M01306,Sponsored Listing,2026-05-19,2026-05-24,117.84,209.59,0.7786
P0001772,M01307,Free Delivery,2026-04-10,2026-04-17,78.64,185.54,1.3593
P0001774,M01308,Sponsored Listing,2026-02-07,2026-02-20,19.68,30.22,0.5357
P0001776,M01308,Percentage Off,2026-03-12,2026-03-16,218.14,566.59,1.5974
P0001773,M01308,Percentage Off,2026-04-06,2026-04-10,96.92,63.65,-0.3432
P0001777,M01308,Free Delivery,2026-04-13,2026-04-22,45.2,90.8,1.0088
P0001775,M01308,Percentage Off,2026-04-29,2026-05-06,58.28,99.29,0.7038
P0001779,M01309,Percentage Off,2026-02-17,2026-03-03,44.91,125.17,1.7872
P0001778,M01309,Percentage Off,2026-03-07,2026-03-19,40.64,58.98,0.4513
P0001781,M01311,Free Delivery,2026-03-18,2026-03-31,114.05,305.92,1.6824
P0001780,M01311,Sponsored Listing,2026-04-18,2026-04-25,95.67,187.59,0.9608
P0001783,M01312,Sponsored Listing,2026-02-07,2026-02-12,47.92,138.38,1.8879
P0001782,M01312,Sponsored Listing,2026-05-08,2026-05-12,48.99,111.11,1.268
P0001784,M01314,BOGO,2026-02-06,2026-02-12,41.91,132.84,2.1698
P0001785,M01315,Free Delivery,2026-05-03,2026-05-15,31.42,57.72,0.8371
P0001786,M01317,BOGO,2026-03-10,2026-03-16,60.34,118.84,0.9694
P0001787,M01318,Free Delivery,2026-05-19,2026-05-25,145.38,257.11,0.7686
P0001788,M01319,Free Delivery,2026-04-02,2026-04-11,71.76,142.19,0.9815
P0001789,M01320,Percentage Off,2026-03-12,2026-03-26,220.11,549.47,1.4964
P0001791,M01322,Free Delivery,2026-03-16,2026-03-23,40.6,67.72,0.6679
P0001790,M01322,Sponsored Listing,2026-05-13,2026-05-20,184.36,284.67,0.5441
P0001792,M01323,Free Delivery,2026-03-06,2026-03-18,41.77,103.69,1.4825
P0001793,M01323,Sponsored Listing,2026-04-26,2026-05-09,160.43,317.33,0.9779
P0001794,M01324,Percentage Off,2026-05-19,2026-06-02,103.73,243.36,1.3461
P0001795,M01325,Sponsored Listing,2026-03-09,2026-03-16,88.2,174.78,0.9816
P0001796,M01326,BOGO,2026-02-12,2026-02-19,79.33,198.34,1.5003
P0001797,M01327,Sponsored Listing,2026-02-21,2026-03-02,52.72,105.3,0.9974
P0001798,M01328,BOGO,2026-04-12,2026-04-23,94.33,205.83,1.1821
P0001800,M01329,Sponsored Listing,2026-02-11,2026-02-20,38.97,115.3,1.9585
P0001799,M01329,BOGO,2026-03-29,2026-04-05,61.32,173.53,1.8298
P0001802,M01330,Sponsored Listing,2026-02-07,2026-02-16,142.48,322.39,1.2627
P0001801,M01330,BOGO,2026-05-08,2026-05-16,115.4,252.2,1.1854
P0001803,M01331,BOGO,2026-04-25,2026-05-06,42.06,103.52,1.4616
P0001805,M01337,BOGO,2026-02-06,2026-02-15,56.49,119.5,1.1152
P0001804,M01337,Free Delivery,2026-03-01,2026-03-08,60.91,118.49,0.9453
P0001806,M01338,Percentage Off,2026-03-14,2026-03-21,38.88,107.09,1.7546
P0001807,M01340,Percentage Off,2026-05-09,2026-05-14,36.9,89.29,1.4199
P0001808,M01341,Free Delivery,2026-04-01,2026-04-10,109.13,266.28,1.4399
P0001809,M01341,BOGO,2026-04-28,2026-05-04,72.08,83.18,0.1539
P0001810,M01342,BOGO,2026-03-16,2026-03-21,176.13,351.96,0.9983
P0001812,M01343,BOGO,2026-03-27,2026-04-05,66.2,166.47,1.5145
P0001811,M01343,Sponsored Listing,2026-04-05,2026-04-16,97.47,244.85,1.512
P0001813,M01345,BOGO,2026-04-13,2026-04-24,124.5,311.27,1.5003
P0001815,M01347,Percentage Off,2026-03-14,2026-03-23,21.65,47.14,1.1773
P0001814,M01347,Sponsored Listing,2026-03-27,2026-04-03,80.4,175.37,1.1812
P0001817,M01349,Percentage Off,2026-02-04,2026-02-09,83.19,157.59,0.8944
P0001816,M01349,BOGO,2026-04-05,2026-04-10,107.36,203.55,0.896
P0001818,M01349,Percentage Off,2026-05-17,2026-05-31,47.4,95.82,1.0213
P0001821,M01350,Percentage Off,2026-03-03,2026-03-17,89.3,286.6,2.2095
P0001822,M01350,Sponsored Listing,2026-03-30,2026-04-05,53.16,64.73,0.2175
P0001820,M01350,Free Delivery,2026-05-07,2026-05-20,70.13,185.5,1.645
P0001819,M01350,BOGO,2026-05-09,2026-05-14,221.33,238.18,0.0761
P0001823,M01351,Percentage Off,2026-02-09,2026-02-15,95.92,180.53,0.8821
P0001826,M01352,Sponsored Listing,2026-02-18,2026-02-26,99.62,251.11,1.5206
P0001824,M01352,Percentage Off,2026-04-19,2026-04-26,93.72,180.03,0.921
P0001825,M01352,Percentage Off,2026-04-27,2026-05-06,99.09,228.57,1.3066
P0001827,M01353,Sponsored Listing,2026-05-12,2026-05-19,109.56,275.15,1.5114
P0001828,M01354,Sponsored Listing,2026-02-10,2026-02-22,291.65,488.45,0.6748
P0001829,M01354,Percentage Off,2026-05-03,2026-05-10,110.41,169.62,0.5363
P0001831,M01355,Free Delivery,2026-02-20,2026-03-03,194.05,540.55,1.7857
P0001830,M01355,Percentage Off,2026-04-17,2026-04-23,86.82,183.8,1.1169
P0001832,M01358,Sponsored Listing,2026-04-26,2026-05-08,111.94,249.76,1.2311
P0001833,M01358,Sponsored Listing,2026-04-27,2026-05-09,53.89,105.63,0.9601
P0001834,M01359,BOGO,2026-04-10,2026-04-19,50.27,86.57,0.7222
P0001835,M01360,BOGO,2026-03-17,2026-03-21,125.43,322.32,1.5698
P0001837,M01361,BOGO,2026-04-07,2026-04-11,148.73,383.7,1.5799
P0001836,M01361,Free Delivery,2026-04-26,2026-05-07,79.12,216.37,1.7348
P0001838,M01362,Free Delivery,2026-03-07,2026-03-17,48.88,153.96,2.1498
P0001839,M01365,Percentage Off,2026-02-09,2026-02-14,88.98,231.97,1.6071
P0001840,M01365,Free Delivery,2026-04-24,2026-05-05,44.49,84.94,0.9093
P0001842,M01366,BOGO,2026-02-22,2026-03-04,32.0,86.75,1.7106
P0001841,M01366,Sponsored Listing,2026-04-13,2026-04-22,237.52,360.75,0.5188
P0001843,M01368,BOGO,2026-04-30,2026-05-14,136.16,307.93,1.2616
P0001844,M01369,Sponsored Listing,2026-03-26,2026-04-09,48.1,145.28,2.0202
P0001845,M01369,Sponsored Listing,2026-04-08,2026-04-20,117.33,281.62,1.4002
P0001846,M01371,Percentage Off,2026-04-17,2026-04-21,87.29,160.32,0.8366
P0001848,M01372,BOGO,2026-05-14,2026-05-25,236.01,436.75,0.8506
P0001847,M01372,Sponsored Listing,2026-05-20,2026-05-26,101.65,193.52,0.9038
P0001849,M01373,BOGO,2026-02-06,2026-02-12,39.43,74.73,0.8955
P0001851,M01375,BOGO,2026-04-25,2026-05-03,47.65,82.64,0.7343
P0001850,M01375,Free Delivery,2026-05-03,2026-05-11,132.18,305.37,1.3103
P0001853,M01376,Percentage Off,2026-02-04,2026-02-08,69.81,179.88,1.5767
P0001852,M01376,Sponsored Listing,2026-02-15,2026-02-20,96.09,215.41,1.2417
P0001854,M01377,BOGO,2026-05-08,2026-05-20,62.85,159.49,1.5375
P0001855,M01378,Percentage Off,2026-03-11,2026-03-18,66.2,134.94,1.0382
P0001856,M01378,Sponsored Listing,2026-03-26,2026-04-02,44.51,75.1,0.6872
P0001857,M01379,Sponsored Listing,2026-04-06,2026-04-15,126.57,278.69,1.2019
P0001858,M01380,BOGO,2026-04-05,2026-04-12,27.07,78.73,1.9086
P0001859,M01381,Free Delivery,2026-03-21,2026-03-30,34.85,84.96,1.4379
P0001860,M01381,Free Delivery,2026-04-08,2026-04-19,49.46,155.69,2.1479
P0001863,M01382,Sponsored Listing,2026-02-15,2026-02-26,106.39,172.72,0.6234
P0001862,M01382,Free Delivery,2026-02-17,2026-03-03,56.89,188.54,2.3143
P0001861,M01382,Free Delivery,2026-03-21,2026-03-30,95.85,252.66,1.636
P0001864,M01382,BOGO,2026-03-28,2026-04-05,84.98,133.49,0.5708
P0001865,M01383,Free Delivery,2026-02-25,2026-03-03,47.77,82.89,0.735
P0001866,M01384,Free Delivery,2026-02-13,2026-02-26,61.63,166.72,1.7053
P0001867,M01384,BOGO,2026-03-13,2026-03-20,156.68,245.63,0.5677
P0001868,M01386,Free Delivery,2026-03-17,2026-03-30,88.06,202.97,1.3048
P0001869,M01387,Percentage Off,2026-03-15,2026-03-25,50.28,106.93,1.127
P0001870,M01387,Free Delivery,2026-03-23,2026-03-27,105.76,231.68,1.1906
P0001871,M01389,Percentage Off,2026-03-28,2026-04-07,140.46,385.23,1.7427
P0001872,M01389,Sponsored Listing,2026-04-07,2026-04-13,180.14,372.85,1.0698
P0001873,M01390,BOGO,2026-02-10,2026-02-23,55.11,123.41,1.2396
P0001874,M01390,BOGO,2026-02-23,2026-03-01,118.78,204.68,0.7232
P0001875,M01390,Sponsored Listing,2026-05-18,2026-05-23,39.71,90.65,1.283
P0001877,M01392,Percentage Off,2026-02-13,2026-02-17,94.57,251.4,1.6583
P0001876,M01392,Sponsored Listing,2026-03-12,2026-03-16,66.33,209.69,2.1614
P0001878,M01393,Sponsored Listing,2026-02-03,2026-02-17,137.02,354.99,1.5908
P0001880,M01393,Sponsored Listing,2026-03-09,2026-03-17,219.81,618.74,1.8149
P0001879,M01393,Sponsored Listing,2026-04-14,2026-04-24,516.19,733.63,0.4212
P0001882,M01395,Sponsored Listing,2026-02-05,2026-02-12,178.37,339.79,0.905
P0001881,M01395,Percentage Off,2026-02-16,2026-02-25,34.99,101.34,1.8968
P0001884,M01396,BOGO,2026-02-22,2026-02-28,117.49,156.91,0.3355
P0001883,M01396,Percentage Off,2026-04-27,2026-05-10,86.26,184.08,1.1341
P0001885,M01397,BOGO,2026-03-26,2026-04-03,148.91,343.49,1.3067
P0001889,M01398,BOGO,2026-02-13,2026-02-18,87.42,121.85,0.3938
P0001886,M01398,Percentage Off,2026-02-26,2026-03-04,117.8,248.6,1.1104
P0001888,M01398,BOGO,2026-04-05,2026-04-13,86.14,226.31,1.6272
P0001887,M01398,BOGO,2026-04-23,2026-05-07,93.47,159.01,0.7013
P0001891,M01399,Sponsored Listing,2026-02-04,2026-02-11,40.55,87.4,1.1552
P0001892,M01399,BOGO,2026-03-22,2026-03-26,135.0,319.71,1.3682
P0001890,M01399,Sponsored Listing,2026-04-29,2026-05-10,53.03,110.08,1.0758
P0001893,M01401,Sponsored Listing,2026-05-20,2026-05-27,54.83,53.9,-0.0169
P0001895,M01403,Free Delivery,2026-02-26,2026-03-07,225.3,456.79,1.0275
P0001894,M01403,Percentage Off,2026-04-21,2026-05-03,56.13,169.74,2.0239
P0001902,M01406,Free Delivery,2026-02-09,2026-02-15,61.46,161.21,1.6232
P0001898,M01406,Free Delivery,2026-02-10,2026-02-15,148.51,374.33,1.5205
P0001897,M01406,Percentage Off,2026-02-23,2026-02-28,99.19,239.66,1.4161
P0001899,M01406,Sponsored Listing,2026-04-09,2026-04-15,143.49,202.57,0.4117
P0001900,M01406,BOGO,2026-04-11,2026-04-22,63.27,138.64,1.1913
P0001896,M01406,Free Delivery,2026-05-12,2026-05-23,111.73,173.56,0.5534
P0001901,M01406,Free Delivery,2026-05-16,2026-05-29,44.8,89.56,0.9993
P0001903,M01407,Sponsored Listing,2026-05-14,2026-05-27,91.76,283.88,2.0939
P0001904,M01408,Free Delivery,2026-04-09,2026-04-23,55.37,103.38,0.867
P0001905,M01408,Sponsored Listing,2026-04-15,2026-04-19,41.6,60.11,0.445
P0001906,M01409,BOGO,2026-03-07,2026-03-18,39.26,71.64,0.8249
P0001907,M01410,Percentage Off,2026-03-08,2026-03-19,33.58,85.75,1.5538
P0001908,M01411,Free Delivery,2026-02-17,2026-03-03,94.03,238.48,1.5363
P0001909,M01411,Sponsored Listing,2026-05-11,2026-05-25,102.04,181.01,0.7739
P0001912,M01412,Free Delivery,2026-02-14,2026-02-22,56.5,115.66,1.0471
P0001911,M01412,Percentage Off,2026-02-24,2026-02-28,106.39,220.28,1.0704
P0001910,M01412,Percentage Off,2026-03-25,2026-04-03,62.69,164.26,1.6201
P0001913,M01413,BOGO,2026-05-01,2026-05-06,70.18,169.24,1.4115
P0001915,M01414,Percentage Off,2026-03-29,2026-04-09,63.18,127.88,1.0239
P0001916,M01414,Free Delivery,2026-04-10,2026-04-14,52.77,131.41,1.4901
P0001914,M01414,Sponsored Listing,2026-05-17,2026-05-31,63.79,128.05,1.0073
P0001917,M01415,Sponsored Listing,2026-03-09,2026-03-19,61.49,194.28,2.1596
P0001918,M01416,Percentage Off,2026-04-05,2026-04-12,91.26,173.14,0.8971
P0001919,M01418,Free Delivery,2026-03-28,2026-04-11,45.32,76.5,0.6882
P0001920,M01418,BOGO,2026-04-16,2026-04-24,111.92,250.71,1.2401
P0001921,M01419,Percentage Off,2026-04-30,2026-05-13,301.93,792.61,1.6251
P0001922,M01420,BOGO,2026-02-09,2026-02-22,118.36,184.47,0.5586
P0001924,M01421,BOGO,2026-04-05,2026-04-18,50.9,100.73,0.979
P0001923,M01421,Sponsored Listing,2026-05-14,2026-05-23,35.09,65.43,0.8647
P0001925,M01422,Free Delivery,2026-03-13,2026-03-20,121.2,256.59,1.1171
P0001926,M01423,Sponsored Listing,2026-05-10,2026-05-15,104.28,247.63,1.3746
P0001928,M01424,Free Delivery,2026-04-06,2026-04-11,56.86,175.88,2.0929
P0001927,M01424,Free Delivery,2026-04-29,2026-05-11,34.06,96.03,1.8193
P0001929,M01425,Free Delivery,2026-03-26,2026-04-04,66.07,217.14,2.2864
P0001930,M01426,Sponsored Listing,2026-03-22,2026-03-29,65.92,163.82,1.4853
P0001931,M01427,Free Delivery,2026-04-08,2026-04-19,43.64,73.87,0.6927
P0001932,M01428,BOGO,2026-02-06,2026-02-18,14.25,35.28,1.4751
P0001933,M01428,BOGO,2026-05-14,2026-05-18,119.66,231.4,0.9337
P0001934,M01429,Percentage Off,2026-05-20,2026-05-24,51.23,178.67,2.488
P0001935,M01430,Percentage Off,2026-03-09,2026-03-17,52.75,112.69,1.1361
P0001936,M01431,Sponsored Listing,2026-02-09,2026-02-19,162.59,356.07,1.19
P0001940,M01433,Free Delivery,2026-02-11,2026-02-24,140.32,146.92,0.0471
P0001937,M01433,Free Delivery,2026-03-06,2026-03-12,62.28,99.77,0.6021
P0001938,M01433,Percentage Off,2026-05-02,2026-05-13,86.12,210.38,1.4427
P0001939,M01433,BOGO,2026-05-13,2026-05-22,400.88,927.56,1.3138
P0001941,M01434,Sponsored Listing,2026-03-17,2026-03-27,46.13,101.4,1.198
P0001942,M01434,Percentage Off,2026-04-22,2026-05-06,120.7,266.47,1.2078
P0001944,M01435,Sponsored Listing,2026-02-10,2026-02-14,119.16,199.39,0.6732
P0001943,M01435,Percentage Off,2026-04-04,2026-04-12,115.01,312.68,1.7187
P0001946,M01436,BOGO,2026-02-14,2026-02-26,45.27,111.61,1.4651
P0001945,M01436,Free Delivery,2026-04-17,2026-05-01,41.07,79.64,0.9393
P0001947,M01437,Percentage Off,2026-04-13,2026-04-26,30.63,69.23,1.2601
P0001948,M01438,Free Delivery,2026-04-17,2026-04-22,76.49,178.67,1.3359
P0001949,M01439,BOGO,2026-04-22,2026-04-30,200.89,279.95,0.3935
P0001951,M01441,BOGO,2026-02-24,2026-03-07,85.78,243.44,1.838
P0001950,M01441,Free Delivery,2026-04-07,2026-04-16,172.41,362.45,1.1023
P0001952,M01441,Percentage Off,2026-05-20,2026-05-31,137.48,357.37,1.5993
P0001954,M01442,Free Delivery,2026-02-11,2026-02-23,94.32,258.56,1.7413
P0001953,M01442,BOGO,2026-02-18,2026-02-24,106.72,208.4,0.9528
P0001955,M01442,Sponsored Listing,2026-04-26,2026-05-07,157.22,420.64,1.6755
P0001956,M01445,BOGO,2026-02-08,2026-02-22,20.11,45.2,1.2475
P0001957,M01446,BOGO,2026-03-20,2026-03-25,93.68,216.79,1.3142
P0001958,M01448,Sponsored Listing,2026-03-03,2026-03-11,29.74,72.88,1.4507
P0001959,M01448,Free Delivery,2026-04-30,2026-05-09,14.02,22.86,0.6304
P0001960,M01449,BOGO,2026-05-15,2026-05-19,120.43,307.43,1.5528
P0001961,M01450,Free Delivery,2026-02-25,2026-03-11,53.61,89.9,0.6768
P0001962,M01450,BOGO,2026-04-16,2026-04-24,287.12,614.61,1.1406
P0001963,M01451,Percentage Off,2026-05-09,2026-05-17,120.81,140.18,0.1604
P0001964,M01452,BOGO,2026-02-20,2026-03-05,90.75,266.55,1.9371
P0001965,M01452,Sponsored Listing,2026-04-12,2026-04-22,63.63,164.71,1.5887
P0001967,M01453,BOGO,2026-02-07,2026-02-14,120.4,313.07,1.6003
P0001966,M01453,BOGO,2026-02-20,2026-03-05,49.25,110.03,1.2339
P0001968,M01454,Sponsored Listing,2026-03-29,2026-04-08,74.76,163.84,1.1916
P0001970,M01455,Free Delivery,2026-04-12,2026-04-23,22.36,38.42,0.7185
P0001969,M01455,BOGO,2026-04-22,2026-04-27,160.76,375.86,1.338
P0001971,M01456,Percentage Off,2026-03-29,2026-04-06,188.64,445.02,1.3591
P0001972,M01457,BOGO,2026-04-12,2026-04-18,149.18,344.24,1.3076
P0001973,M01458,Percentage Off,2026-02-18,2026-02-28,121.35,258.37,1.1292
P0001974,M01458,Percentage Off,2026-04-21,2026-05-05,33.85,43.15,0.2747
P0001977,M01459,Free Delivery,2026-02-16,2026-02-28,78.27,72.26,-0.0768
P0001976,M01459,Free Delivery,2026-05-01,2026-05-15,600.0,1234.67,1.0578
P0001978,M01459,Sponsored Listing,2026-05-06,2026-05-19,91.35,225.75,1.4714
P0001975,M01459,Sponsored Listing,2026-05-12,2026-05-22,145.34,406.87,1.7994
P0001979,M01460,Percentage Off,2026-05-04,2026-05-08,79.54,91.99,0.1566
P0001981,M01461,Percentage Off,2026-03-11,2026-03-15,198.17,571.72,1.885
P0001980,M01461,Free Delivery,2026-04-15,2026-04-22,80.39,163.68,1.036
P0001982,M01461,BOGO,2026-05-02,2026-05-13,149.31,368.49,1.4679
P0001983,M01461,BOGO,2026-05-16,2026-05-20,30.61,37.75,0.2332
P0001985,M01462,BOGO,2026-04-01,2026-04-10,88.93,109.61,0.2326
P0001984,M01462,Percentage Off,2026-05-10,2026-05-20,46.72,167.5,2.585
P0001986,M01464,Sponsored Listing,2026-02-14,2026-02-25,50.26,109.52,1.1791
P0001988,M01465,BOGO,2026-02-12,2026-02-23,85.8,204.5,1.3835
P0001987,M01465,BOGO,2026-04-27,2026-05-08,71.09,133.66,0.8802
P0001989,M01465,Sponsored Listing,2026-04-30,2026-05-04,67.52,98.83,0.4638
P0001991,M01466,BOGO,2026-03-28,2026-04-01,32.52,69.75,1.1447
P0001990,M01466,Sponsored Listing,2026-04-30,2026-05-10,139.47,332.92,1.387
P0001992,M01467,Sponsored Listing,2026-05-04,2026-05-18,62.49,101.23,0.6199
P0001994,M01469,Percentage Off,2026-05-03,2026-05-16,17.51,34.43,0.9663
P0001993,M01469,BOGO,2026-05-17,2026-05-22,70.63,103.11,0.4597
P0001996,M01470,Sponsored Listing,2026-02-04,2026-02-16,90.91,174.21,0.9163
P0001995,M01470,Percentage Off,2026-05-06,2026-05-14,45.6,133.39,1.9255
P0001997,M01471,Percentage Off,2026-05-06,2026-05-18,137.32,292.11,1.1272
P0001998,M01471,Percentage Off,2026-05-13,2026-05-23,87.66,249.0,1.8403
P0001999,M01472,BOGO,2026-05-06,2026-05-18,173.32,237.63,0.3711
P0002001,M01473,Free Delivery,2026-04-05,2026-04-11,126.41,274.84,1.1742
P0002000,M01473,Percentage Off,2026-04-21,2026-04-27,85.86,150.87,0.7571
P0002002,M01474,Percentage Off,2026-02-27,2026-03-06,51.12,104.71,1.0484
P0002004,M01474,Percentage Off,2026-03-16,2026-03-21,79.5,185.79,1.3369
P0002005,M01474,Free Delivery,2026-04-18,2026-04-29,47.75,42.83,-0.103
P0002003,M01474,Free Delivery,2026-05-12,2026-05-18,113.99,205.99,0.8072
P0002007,M01475,Sponsored Listing,2026-03-31,2026-04-07,55.68,93.31,0.6759
P0002006,M01475,Sponsored Listing,2026-04-05,2026-04-13,164.53,294.98,0.7928
P0002011,M01476,Free Delivery,2026-03-15,2026-03-28,59.73,116.57,0.9517
P0002008,M01476,Sponsored Listing,2026-03-23,2026-04-01,89.01,187.86,1.1106
P0002010,M01476,Sponsored Listing,2026-04-24,2026-05-02,94.56,159.51,0.6869
P0002009,M01476,Percentage Off,2026-04-29,2026-05-03,98.2,181.33,0.8465
P0002012,M01477,BOGO,2026-04-22,2026-04-27,117.9,250.65,1.126
P0002015,M01478,Sponsored Listing,2026-02-02,2026-02-10,196.79,486.93,1.4744
P0002014,M01478,Free Delivery,2026-02-20,2026-03-01,238.39,590.3,1.4762
P0002013,M01478,BOGO,2026-03-26,2026-04-09,72.95,89.46,0.2263
P0002016,M01479,Sponsored Listing,2026-03-15,2026-03-19,93.26,216.69,1.3235
P0002017,M01480,Percentage Off,2026-02-14,2026-02-21,37.08,46.7,0.2596
P0002018,M01480,BOGO,2026-04-26,2026-05-06,116.47,239.04,1.0523
P0002019,M01481,BOGO,2026-04-18,2026-04-23,145.5,166.63,0.1453
P0002020,M01482,BOGO,2026-03-17,2026-03-30,222.15,366.21,0.6485
P0002021,M01483,Sponsored Listing,2026-05-04,2026-05-12,38.04,42.09,0.1064
P0002022,M01484,Free Delivery,2026-03-14,2026-03-26,158.64,272.38,0.7169
P0002023,M01485,BOGO,2026-02-13,2026-02-26,78.9,217.29,1.7542
P0002024,M01485,Sponsored Listing,2026-03-29,2026-04-05,218.23,304.08,0.3933
P0002025,M01487,BOGO,2026-02-17,2026-02-26,51.49,133.23,1.5876
P0002026,M01487,BOGO,2026-03-23,2026-03-30,91.57,225.64,1.4641
P0002027,M01490,Free Delivery,2026-04-24,2026-05-03,38.78,96.34,1.4841
P0002031,M01491,Free Delivery,2026-02-11,2026-02-17,163.63,396.69,1.4244
P0002029,M01491,Free Delivery,2026-03-28,2026-04-05,121.03,289.23,1.3897
P0002030,M01491,Percentage Off,2026-04-09,2026-04-22,39.58,52.69,0.3313
P0002028,M01491,Sponsored Listing,2026-04-18,2026-04-25,114.05,309.74,1.7159
P0002032,M01492,Free Delivery,2026-05-05,2026-05-18,326.98,728.27,1.2272
P0002033,M01493,Free Delivery,2026-03-06,2026-03-19,107.01,269.47,1.5182
P0002034,M01494,BOGO,2026-03-10,2026-03-20,59.08,78.46,0.328
P0002035,M01496,Percentage Off,2026-02-08,2026-02-16,134.44,361.22,1.6869
P0002036,M01496,Percentage Off,2026-02-27,2026-03-12,44.72,66.93,0.4966
P0002040,M01497,Sponsored Listing,2026-02-17,2026-02-28,151.11,411.11,1.7206
P0002037,M01497,BOGO,2026-03-03,2026-03-12,46.01,61.77,0.3426
P0002039,M01497,Percentage Off,2026-03-15,2026-03-27,84.84,193.5,1.2808
P0002038,M01497,BOGO,2026-04-03,2026-04-12,86.88,230.2,1.6497
P0002042,M01498,Free Delivery,2026-03-05,2026-03-14,34.73,78.7,1.2664
P0002041,M01498,Percentage Off,2026-05-10,2026-05-16,40.18,68.95,0.716
P0002043,M01499,Sponsored Listing,2026-03-27,2026-04-09,141.31,338.01,1.3919
P0002045,M01503,Sponsored Listing,2026-02-25,2026-03-05,151.28,325.14,1.1493
P0002044,M01503,Free Delivery,2026-02-28,2026-03-10,123.24,232.79,0.8889
P0002046,M01505,BOGO,2026-02-25,2026-03-08,57.67,87.92,0.5244
P0002047,M01506,Free Delivery,2026-02-08,2026-02-22,175.48,451.29,1.5718
P0002048,M01507,Free Delivery,2026-03-24,2026-03-31,73.09,132.22,0.8091
P0002049,M01508,Free Delivery,2026-03-18,2026-03-28,145.7,241.67,0.6587
P0002050,M01508,Sponsored Listing,2026-03-22,2026-03-26,68.62,198.07,1.8865
P0002051,M01509,Percentage Off,2026-03-04,2026-03-18,114.94,249.47,1.1704
P0002052,M01511,Sponsored Listing,2026-04-07,2026-04-15,31.06,73.47,1.3657
P0002053,M01514,Sponsored Listing,2026-03-30,2026-04-10,66.63,151.03,1.2667
P0002054,M01515,Sponsored Listing,2026-02-27,2026-03-10,112.09,353.21,2.1512
P0002055,M01515,Sponsored Listing,2026-05-07,2026-05-18,95.19,171.97,0.8065
P0002057,M01516,Percentage Off,2026-04-11,2026-04-19,43.27,138.49,2.2005
P0002056,M01516,Sponsored Listing,2026-05-19,2026-06-02,116.58,341.46,1.9289
P0002059,M01517,Sponsored Listing,2026-02-05,2026-02-10,98.13,290.04,1.9558
P0002058,M01517,Free Delivery,2026-02-10,2026-02-15,74.84,113.04,0.5103
P0002060,M01518,BOGO,2026-02-02,2026-02-09,84.49,175.66,1.079
P0002061,M01518,BOGO,2026-05-12,2026-05-21,115.26,55.84,-0.5155
P0002062,M01521,Free Delivery,2026-02-21,2026-02-27,76.33,140.66,0.8428
P0002063,M01521,BOGO,2026-03-21,2026-03-28,78.4,226.51,1.8892
P0002064,M01521,BOGO,2026-04-26,2026-05-03,54.31,72.33,0.3319
P0002065,M01523,Free Delivery,2026-02-19,2026-02-27,69.92,130.12,0.8611
P0002066,M01523,Percentage Off,2026-05-17,2026-05-23,202.4,434.86,1.1485
P0002067,M01524,Percentage Off,2026-02-04,2026-02-16,122.97,250.9,1.0404
P0002070,M01525,BOGO,2026-02-23,2026-02-28,73.03,176.36,1.4149
P0002068,M01525,Free Delivery,2026-03-06,2026-03-10,60.65,159.83,1.6352
P0002069,M01525,Sponsored Listing,2026-05-10,2026-05-21,76.22,149.09,0.9561
P0002071,M01528,Free Delivery,2026-02-23,2026-03-01,88.9,182.83,1.0566
P0002072,M01529,Free Delivery,2026-04-21,2026-04-27,119.05,314.26,1.6397
P0002073,M01529,Free Delivery,2026-05-10,2026-05-24,98.17,128.32,0.3071
P0002076,M01530,Percentage Off,2026-03-15,2026-03-25,127.42,272.4,1.1379
P0002077,M01530,Sponsored Listing,2026-03-18,2026-04-01,227.49,310.38,0.3644
P0002074,M01530,Percentage Off,2026-03-30,2026-04-10,97.67,63.07,-0.3542
P0002075,M01530,Free Delivery,2026-05-17,2026-05-31,82.95,143.72,0.7327
P0002078,M01531,Percentage Off,2026-04-18,2026-04-24,35.9,50.53,0.4076
P0002079,M01531,Sponsored Listing,2026-04-20,2026-04-26,46.57,122.0,1.6195
P0002081,M01532,Free Delivery,2026-02-27,2026-03-09,82.87,143.7,0.734
P0002080,M01532,Sponsored Listing,2026-03-24,2026-04-06,66.09,157.03,1.3758
P0002084,M01533,BOGO,2026-02-08,2026-02-13,167.86,391.56,1.3327
P0002085,M01533,BOGO,2026-02-28,2026-03-09,155.48,293.77,0.8895
P0002083,M01533,Sponsored Listing,2026-04-13,2026-04-17,48.68,143.07,1.9391
P0002082,M01533,Free Delivery,2026-04-21,2026-05-04,61.21,170.12,1.7793
P0002086,M01535,Percentage Off,2026-04-15,2026-04-21,89.74,206.38,1.2999
P0002087,M01536,Free Delivery,2026-05-01,2026-05-12,182.63,202.77,0.1103
P0002088,M01537,Sponsored Listing,2026-03-19,2026-03-26,94.93,222.58,1.3447
P0002090,M01539,Sponsored Listing,2026-03-22,2026-04-02,99.7,120.45,0.2082
P0002089,M01539,Free Delivery,2026-05-13,2026-05-27,95.79,256.01,1.6727
P0002091,M01540,BOGO,2026-04-28,2026-05-12,106.03,309.29,1.9171
P0002092,M01541,Sponsored Listing,2026-02-10,2026-02-14,197.79,451.0,1.2802
P0002094,M01542,Sponsored Listing,2026-03-02,2026-03-09,220.04,223.81,0.0171
P0002093,M01542,Sponsored Listing,2026-04-06,2026-04-20,237.7,214.95,-0.0957
P0002096,M01543,BOGO,2026-02-27,2026-03-06,168.32,459.57,1.7304
P0002095,M01543,Percentage Off,2026-04-03,2026-04-16,61.97,122.9,0.9832
P0002098,M01545,Free Delivery,2026-02-07,2026-02-11,123.75,399.65,2.2296
P0002097,M01545,Percentage Off,2026-03-21,2026-04-01,107.93,218.73,1.0265
P0002099,M01547,Free Delivery,2026-04-07,2026-04-13,88.68,232.11,1.6175
P0002100,M01548,Free Delivery,2026-03-15,2026-03-29,247.37,767.06,2.1008
P0002101,M01550,Sponsored Listing,2026-03-09,2026-03-21,34.02,87.12,1.5604
P0002103,M01553,Sponsored Listing,2026-02-01,2026-02-09,76.38,164.25,1.1504
P0002102,M01553,Sponsored Listing,2026-02-03,2026-02-08,60.33,116.7,0.9345
P0002105,M01553,Free Delivery,2026-04-15,2026-04-19,66.09,193.12,1.9222
P0002104,M01553,Sponsored Listing,2026-04-23,2026-04-29,34.85,109.21,2.1339
P0002107,M01554,BOGO,2026-04-12,2026-04-16,50.17,89.56,0.7849
P0002106,M01554,Sponsored Listing,2026-04-21,2026-05-03,492.86,1391.03,1.8224
P0002108,M01555,Percentage Off,2026-03-01,2026-03-06,61.9,138.36,1.2354
P0002109,M01556,Free Delivery,2026-04-28,2026-05-12,94.13,142.17,0.5104
P0002112,M01557,Percentage Off,2026-02-20,2026-02-28,75.04,120.84,0.6103
P0002111,M01557,Percentage Off,2026-04-04,2026-04-11,42.89,97.13,1.2647
P0002110,M01557,BOGO,2026-04-07,2026-04-18,63.62,193.43,2.0402
P0002113,M01559,Sponsored Listing,2026-02-07,2026-02-16,132.14,263.89,0.997
P0002114,M01559,Sponsored Listing,2026-04-20,2026-04-25,164.47,350.84,1.1332
P0002115,M01560,Sponsored Listing,2026-02-14,2026-02-26,38.42,107.71,1.8035
P0002116,M01561,Sponsored Listing,2026-02-09,2026-02-14,308.12,543.74,0.7647
P0002118,M01561,Percentage Off,2026-03-11,2026-03-16,54.53,68.08,0.2484
P0002117,M01561,Sponsored Listing,2026-05-18,2026-05-27,120.09,223.58,0.8618
P0002119,M01563,Percentage Off,2026-04-23,2026-05-05,92.75,296.85,2.2003
P0002121,M01564,Sponsored Listing,2026-02-18,2026-02-28,137.43,222.12,0.6163
P0002120,M01564,Percentage Off,2026-04-01,2026-04-13,97.07,218.09,1.2468
P0002122,M01567,Sponsored Listing,2026-03-06,2026-03-13,23.77,32.61,0.3721
P0002123,M01567,Free Delivery,2026-04-25,2026-05-01,102.02,113.41,0.1116
P0002124,M01567,BOGO,2026-04-30,2026-05-05,314.46,740.64,1.3553
P0002125,M01567,Free Delivery,2026-05-18,2026-05-27,57.01,117.1,1.054
P0002126,M01568,Free Delivery,2026-03-07,2026-03-18,85.07,174.04,1.0459
P0002127,M01568,Sponsored Listing,2026-03-23,2026-04-05,89.49,236.55,1.6434
P0002128,M01568,BOGO,2026-05-20,2026-05-24,111.09,208.73,0.879
P0002129,M01569,Free Delivery,2026-02-21,2026-03-06,123.94,263.56,1.1265
P0002131,M01569,Percentage Off,2026-02-23,2026-03-07,46.64,56.25,0.2062
P0002130,M01569,Free Delivery,2026-04-30,2026-05-07,190.85,254.47,0.3333
P0002132,M01571,Sponsored Listing,2026-04-09,2026-04-23,124.17,334.57,1.6945
P0002133,M01574,Percentage Off,2026-05-02,2026-05-10,155.7,287.61,0.8472
P0002134,M01575,Free Delivery,2026-05-04,2026-05-11,104.54,207.09,0.9809
P0002135,M01576,Sponsored Listing,2026-02-02,2026-02-14,120.39,200.73,0.6674
P0002136,M01576,BOGO,2026-02-21,2026-02-27,94.79,229.2,1.4179
P0002138,M01576,Free Delivery,2026-02-27,2026-03-03,52.85,107.08,1.0262
P0002137,M01576,Percentage Off,2026-04-12,2026-04-24,84.67,177.0,1.0905
P0002140,M01577,BOGO,2026-03-06,2026-03-14,84.65,205.36,1.4258
P0002139,M01577,Free Delivery,2026-05-14,2026-05-18,74.76,145.95,0.9522
P0002141,M01579,Free Delivery,2026-05-17,2026-05-27,71.34,170.11,1.3844
P0002143,M01580,Free Delivery,2026-02-08,2026-02-14,40.12,82.25,1.0501
P0002142,M01580,Free Delivery,2026-04-06,2026-04-17,54.27,131.93,1.4312
P0002146,M01581,Percentage Off,2026-02-16,2026-03-02,81.02,161.0,0.9872
P0002145,M01581,BOGO,2026-04-30,2026-05-12,75.44,195.38,1.5901
P0002144,M01581,Percentage Off,2026-05-18,2026-05-24,158.26,453.7,1.8668
P0002147,M01582,Percentage Off,2026-03-21,2026-03-31,87.57,242.7,1.7717
P0002150,M01584,Free Delivery,2026-03-30,2026-04-05,91.84,128.07,0.3945
P0002149,M01584,Sponsored Listing,2026-04-01,2026-04-10,140.64,230.23,0.637
P0002148,M01584,Free Delivery,2026-04-15,2026-04-21,135.65,300.78,1.2172
P0002151,M01585,Free Delivery,2026-02-26,2026-03-05,106.8,294.39,1.7566
P0002155,M01586,Sponsored Listing,2026-03-07,2026-03-14,174.8,361.25,1.0666
P0002152,M01586,Sponsored Listing,2026-03-16,2026-03-23,103.99,229.14,1.2035
P0002154,M01586,Sponsored Listing,2026-03-20,2026-03-25,143.04,290.56,1.0313
P0002153,M01586,Sponsored Listing,2026-05-18,2026-05-22,65.99,139.79,1.1184
P0002156,M01587,BOGO,2026-04-01,2026-04-15,60.86,102.76,0.6885
P0002158,M01589,Free Delivery,2026-02-13,2026-02-19,410.17,888.51,1.1662
P0002159,M01589,Percentage Off,2026-02-26,2026-03-10,130.28,226.28,0.7369
P0002157,M01589,Sponsored Listing,2026-04-26,2026-05-07,63.28,88.1,0.3923
P0002162,M01591,Sponsored Listing,2026-03-12,2026-03-24,171.97,371.4,1.1596
P0002160,M01591,Free Delivery,2026-03-25,2026-03-31,56.01,92.56,0.6525
P0002161,M01591,Free Delivery,2026-04-28,2026-05-06,132.34,310.52,1.3463
P0002163,M01592,BOGO,2026-02-08,2026-02-20,90.02,271.99,2.0215
P0002166,M01595,Percentage Off,2026-03-13,2026-03-19,189.24,328.78,0.7373
P0002165,M01595,Free Delivery,2026-03-22,2026-04-04,162.73,499.63,2.0703
P0002164,M01595,BOGO,2026-04-20,2026-04-24,85.56,225.35,1.6339
P0002169,M01596,BOGO,2026-03-03,2026-03-16,180.55,483.81,1.6796
P0002168,M01596,Percentage Off,2026-04-16,2026-04-24,108.85,230.52,1.1177
P0002167,M01596,Free Delivery,2026-05-20,2026-05-30,129.45,247.43,0.9114
P0002171,M01597,Percentage Off,2026-02-07,2026-02-20,79.95,143.35,0.793
P0002170,M01597,Sponsored Listing,2026-04-04,2026-04-14,56.63,133.48,1.3569
P0002172,M01598,BOGO,2026-03-23,2026-03-28,86.38,82.11,-0.0494
P0002175,M01599,Free Delivery,2026-02-07,2026-02-14,102.09,307.94,2.0163
P0002173,M01599,Percentage Off,2026-04-22,2026-04-28,89.01,177.45,0.9936
P0002174,M01599,Sponsored Listing,2026-05-05,2026-05-13,146.94,365.56,1.4878
P0002176,M01600,Free Delivery,2026-04-24,2026-05-04,66.04,71.68,0.0853
P0002177,M01604,Sponsored Listing,2026-03-06,2026-03-10,90.52,146.74,0.6211
P0002178,M01605,BOGO,2026-02-24,2026-03-03,49.26,126.79,1.5741
P0002179,M01606,BOGO,2026-02-26,2026-03-04,242.85,541.74,1.2307
P0002180,M01606,Percentage Off,2026-04-19,2026-04-23,43.67,113.83,1.6067
P0002181,M01606,BOGO,2026-05-15,2026-05-20,193.4,461.66,1.387
P0002182,M01607,Free Delivery,2026-03-01,2026-03-10,103.72,138.88,0.339
P0002184,M01608,BOGO,2026-02-13,2026-02-25,105.11,285.35,1.7149
P0002183,M01608,Sponsored Listing,2026-03-06,2026-03-12,108.78,219.26,1.0157
P0002185,M01610,Percentage Off,2026-05-16,2026-05-27,69.87,143.86,1.059
P0002186,M01611,Free Delivery,2026-02-03,2026-02-10,125.66,246.84,0.9644
P0002187,M01612,BOGO,2026-04-18,2026-04-22,27.87,51.57,0.8506
P0002188,M01613,Sponsored Listing,2026-02-08,2026-02-13,37.62,78.61,1.0899
P0002189,M01614,Free Delivery,2026-04-10,2026-04-20,64.69,167.81,1.5939
P0002190,M01615,Sponsored Listing,2026-02-27,2026-03-05,58.48,132.93,1.2732
P0002191,M01615,Percentage Off,2026-03-03,2026-03-09,52.86,88.09,0.6663
P0002192,M01617,Free Delivery,2026-05-08,2026-05-21,59.1,59.58,0.0081
P0002194,M01618,Free Delivery,2026-04-11,2026-04-16,126.17,266.15,1.1094
P0002193,M01618,Free Delivery,2026-04-21,2026-04-30,62.72,178.83,1.8514
P0002196,M01619,Percentage Off,2026-03-07,2026-03-17,92.38,299.07,2.2374
P0002195,M01619,BOGO,2026-05-18,2026-05-31,223.57,465.01,1.0799
P0002197,M01620,Free Delivery,2026-02-22,2026-03-02,121.59,256.05,1.1059
P0002198,M01620,BOGO,2026-04-01,2026-04-13,184.22,413.47,1.2445
P0002199,M01623,Free Delivery,2026-03-02,2026-03-06,221.11,514.61,1.3274
P0002202,M01625,Free Delivery,2026-02-25,2026-03-08,111.6,274.46,1.4594
P0002200,M01625,Percentage Off,2026-03-11,2026-03-25,93.82,293.61,2.1293
P0002201,M01625,Sponsored Listing,2026-03-23,2026-04-03,66.34,178.44,1.6898
P0002203,M01625,BOGO,2026-03-29,2026-04-06,31.53,84.69,1.6858
P0002204,M01626,Free Delivery,2026-03-31,2026-04-08,77.63,132.21,0.703
P0002205,M01627,BOGO,2026-02-06,2026-02-13,90.95,164.99,0.8142
P0002206,M01628,Percentage Off,2026-02-06,2026-02-18,242.01,418.61,0.7297
P0002207,M01630,BOGO,2026-05-01,2026-05-10,107.68,272.3,1.5288
P0002209,M01631,Sponsored Listing,2026-03-15,2026-03-27,95.23,201.47,1.1156
P0002208,M01631,Sponsored Listing,2026-05-09,2026-05-20,121.23,191.39,0.5788
P0002210,M01632,Free Delivery,2026-02-11,2026-02-15,95.3,132.07,0.3858
P0002213,M01633,Percentage Off,2026-03-26,2026-03-31,165.38,502.51,2.0386
P0002211,M01633,BOGO,2026-04-12,2026-04-18,73.37,215.39,1.9356
P0002212,M01633,BOGO,2026-04-28,2026-05-09,37.36,57.18,0.5303
P0002214,M01633,BOGO,2026-05-13,2026-05-19,38.09,91.9,1.4124
P0002215,M01634,Percentage Off,2026-04-29,2026-05-05,254.74,501.84,0.9701
P0002216,M01634,BOGO,2026-05-09,2026-05-13,97.25,236.22,1.4289
P0002217,M01635,BOGO,2026-03-19,2026-03-26,63.86,122.91,0.9246
P0002218,M01636,Free Delivery,2026-03-20,2026-04-03,114.0,257.07,1.255
P0002220,M01637,Sponsored Listing,2026-03-04,2026-03-12,153.49,315.32,1.0543
P0002219,M01637,Percentage Off,2026-05-03,2026-05-09,88.64,236.0,1.6624
P0002222,M01638,BOGO,2026-02-15,2026-02-24,36.7,85.45,1.3284
P0002223,M01638,Percentage Off,2026-03-02,2026-03-13,77.5,106.28,0.3713
P0002221,M01638,Sponsored Listing,2026-03-31,2026-04-07,98.09,170.42,0.7373
P0002224,M01640,Free Delivery,2026-02-15,2026-02-23,70.21,74.65,0.0633
P0002226,M01642,Free Delivery,2026-03-10,2026-03-15,65.61,203.38,2.0997
P0002225,M01642,Sponsored Listing,2026-04-03,2026-04-17,137.22,212.19,0.5463
P0002229,M01643,Sponsored Listing,2026-02-10,2026-02-22,24.77,64.37,1.5988
P0002227,M01643,Percentage Off,2026-03-30,2026-04-12,205.36,281.96,0.373
P0002228,M01643,Free Delivery,2026-05-02,2026-05-06,74.25,217.29,1.9264
P0002231,M01645,Sponsored Listing,2026-03-28,2026-04-02,32.64,67.71,1.0742
P0002230,M01645,Free Delivery,2026-04-30,2026-05-08,201.27,242.02,0.2025
P0002232,M01646,Free Delivery,2026-02-22,2026-02-28,54.6,129.29,1.3678
P0002233,M01647,Free Delivery,2026-02-24,2026-03-10,96.49,274.04,1.8401
P0002234,M01648,Free Delivery,2026-02-05,2026-02-11,485.13,1165.29,1.402
P0002236,M01648,Sponsored Listing,2026-03-15,2026-03-24,95.05,218.3,1.2966
P0002235,M01648,Free Delivery,2026-03-25,2026-04-02,109.19,347.54,2.1828
P0002237,M01649,BOGO,2026-02-19,2026-03-04,85.56,159.78,0.8674
P0002238,M01651,Free Delivery,2026-02-28,2026-03-05,76.81,201.62,1.6248
P0002239,M01652,Sponsored Listing,2026-04-23,2026-05-03,68.41,156.24,1.284
P0002240,M01653,Sponsored Listing,2026-03-03,2026-03-13,92.91,173.4,0.8664
P0002241,M01655,Sponsored Listing,2026-05-10,2026-05-24,70.13,123.83,0.7657
P0002242,M01657,Sponsored Listing,2026-05-07,2026-05-12,137.46,244.84,0.7811
P0002243,M01658,BOGO,2026-02-25,2026-03-10,25.21,68.37,1.7123
P0002244,M01658,Percentage Off,2026-04-12,2026-04-22,80.57,126.39,0.5687
P0002245,M01659,Free Delivery,2026-04-24,2026-05-07,32.32,70.64,1.186
P0002246,M01661,BOGO,2026-02-04,2026-02-16,54.32,79.44,0.4624
P0002247,M01662,Sponsored Listing,2026-03-22,2026-04-04,50.48,98.81,0.9573
P0002248,M01663,Sponsored Listing,2026-04-10,2026-04-20,180.09,404.87,1.2481
P0002249,M01664,BOGO,2026-02-02,2026-02-12,49.0,74.2,0.5144
P0002250,M01664,Sponsored Listing,2026-02-19,2026-03-02,105.95,211.77,0.9988
P0002251,M01664,BOGO,2026-02-25,2026-03-03,104.41,249.47,1.3894
P0002253,M01665,BOGO,2026-03-07,2026-03-19,80.24,228.33,1.8454
P0002254,M01665,Free Delivery,2026-04-06,2026-04-19,39.19,66.99,0.7093
P0002252,M01665,Percentage Off,2026-04-15,2026-04-28,27.58,52.19,0.8924
P0002257,M01666,Percentage Off,2026-02-09,2026-02-13,116.3,264.32,1.2728
P0002255,M01666,Sponsored Listing,2026-02-21,2026-03-05,77.01,210.66,1.7355
P0002256,M01666,Percentage Off,2026-04-05,2026-04-12,91.72,201.31,1.1949
P0002258,M01666,Percentage Off,2026-05-04,2026-05-08,103.14,272.63,1.6434
P0002259,M01668,BOGO,2026-05-10,2026-05-23,27.75,40.51,0.4599
P0002261,M01669,BOGO,2026-02-15,2026-02-24,136.72,246.52,0.8031
P0002260,M01669,Sponsored Listing,2026-05-19,2026-05-28,115.56,310.99,1.6911
P0002262,M01673,Percentage Off,2026-03-29,2026-04-06,122.34,356.26,1.9121
P0002263,M01674,Percentage Off,2026-02-09,2026-02-23,119.94,175.82,0.4659
P0002264,M01674,BOGO,2026-03-06,2026-03-19,327.5,757.67,1.3135
P0002265,M01675,BOGO,2026-03-18,2026-03-30,120.98,186.98,0.5456
P0002266,M01676,Sponsored Listing,2026-03-10,2026-03-16,93.78,155.51,0.6582
P0002267,M01677,Free Delivery,2026-02-12,2026-02-24,89.52,219.09,1.4473
P0002269,M01678,Percentage Off,2026-02-04,2026-02-10,88.6,274.96,2.1035
P0002270,M01678,BOGO,2026-03-13,2026-03-20,66.64,88.71,0.3312
P0002268,M01678,Sponsored Listing,2026-03-17,2026-03-28,42.6,116.54,1.7356
P0002271,M01680,BOGO,2026-04-19,2026-04-27,46.95,104.71,1.2301
P0002272,M01682,Percentage Off,2026-03-27,2026-04-03,74.45,110.83,0.4887
P0002273,M01683,Free Delivery,2026-03-08,2026-03-17,180.19,334.21,0.8547
P0002276,M01684,BOGO,2026-02-10,2026-02-19,77.93,170.02,1.1816
P0002275,M01684,BOGO,2026-03-19,2026-04-01,95.22,60.77,-0.3618
P0002274,M01684,Percentage Off,2026-04-29,2026-05-07,45.59,84.76,0.8593
P0002277,M01686,Percentage Off,2026-02-24,2026-03-10,134.53,297.26,1.2097
P0002278,M01687,Free Delivery,2026-03-26,2026-04-08,83.41,197.85,1.3719
P0002280,M01687,Free Delivery,2026-04-13,2026-04-25,105.04,248.83,1.369
P0002279,M01687,Percentage Off,2026-04-30,2026-05-13,312.25,949.07,2.0394
P0002282,M01688,Percentage Off,2026-04-02,2026-04-11,107.08,220.01,1.0547
P0002281,M01688,Free Delivery,2026-04-08,2026-04-21,49.49,73.53,0.4859
P0002284,M01689,Free Delivery,2026-03-14,2026-03-28,49.98,101.55,1.032
P0002283,M01689,Percentage Off,2026-04-09,2026-04-15,139.15,425.89,2.0607
P0002285,M01693,Sponsored Listing,2026-04-20,2026-04-29,55.36,91.16,0.6466
P0002288,M01694,Percentage Off,2026-02-04,2026-02-10,39.06,82.66,1.1162
P0002286,M01694,Sponsored Listing,2026-02-27,2026-03-06,283.5,446.07,0.5734
P0002289,M01694,BOGO,2026-03-06,2026-03-13,80.93,119.31,0.4744
P0002287,M01694,BOGO,2026-05-02,2026-05-13,124.05,169.31,0.3649
P0002291,M01695,Free Delivery,2026-02-08,2026-02-12,72.01,100.65,0.3976
P0002292,M01695,Sponsored Listing,2026-02-11,2026-02-24,103.24,213.91,1.0719
P0002290,M01695,Sponsored Listing,2026-02-20,2026-02-25,191.64,288.83,0.5071
P0002293,M01695,Sponsored Listing,2026-02-23,2026-03-02,57.55,179.41,2.1177
P0002295,M01696,Sponsored Listing,2026-03-06,2026-03-12,120.47,230.48,0.9132
P0002296,M01696,Free Delivery,2026-03-17,2026-03-31,42.38,111.2,1.6241
P0002294,M01696,BOGO,2026-05-01,2026-05-08,93.43,285.0,2.0502
P0002297,M01697,BOGO,2026-04-07,2026-04-11,217.27,580.72,1.6728
P0002298,M01698,BOGO,2026-03-26,2026-03-31,104.09,173.79,0.6696
P0002300,M01699,Percentage Off,2026-02-24,2026-03-01,67.95,171.34,1.5217
P0002299,M01699,Free Delivery,2026-05-16,2026-05-24,25.89,70.75,1.7325
P0002301,M01700,BOGO,2026-04-14,2026-04-19,125.15,398.04,2.1806
P0002302,M01701,Sponsored Listing,2026-05-06,2026-05-13,100.17,144.83,0.446
P0002304,M01702,BOGO,2026-02-28,2026-03-13,37.2,92.19,1.4781
P0002303,M01702,Sponsored Listing,2026-03-01,2026-03-05,117.57,213.25,0.8138
P0002305,M01703,BOGO,2026-03-23,2026-04-02,19.03,38.97,1.0476
P0002306,M01703,Sponsored Listing,2026-03-29,2026-04-06,16.33,37.25,1.2815
P0002307,M01704,Percentage Off,2026-04-18,2026-04-27,51.78,63.06,0.2178
P0002309,M01705,Percentage Off,2026-03-02,2026-03-15,122.13,296.59,1.4284
P0002308,M01705,BOGO,2026-05-08,2026-05-20,25.88,48.98,0.8929
P0002310,M01707,Percentage Off,2026-02-01,2026-02-06,123.05,218.65,0.7769
P0002311,M01707,Sponsored Listing,2026-05-15,2026-05-24,65.88,65.13,-0.0113
P0002312,M01708,Free Delivery,2026-02-02,2026-02-14,156.31,338.26,1.1641
P0002313,M01708,Free Delivery,2026-03-26,2026-04-04,108.32,191.13,0.7645
P0002314,M01709,Free Delivery,2026-03-31,2026-04-04,75.73,134.78,0.7797
P0002316,M01710,Percentage Off,2026-02-26,2026-03-10,77.24,128.54,0.6642
P0002315,M01710,Free Delivery,2026-03-15,2026-03-21,110.26,199.13,0.8059
P0002317,M01710,Sponsored Listing,2026-04-07,2026-04-11,208.75,514.32,1.4639
P0002318,M01711,Free Delivery,2026-02-04,2026-02-13,62.73,91.76,0.4628
P0002319,M01712,BOGO,2026-03-12,2026-03-21,54.14,133.09,1.4583
P0002320,M01712,Percentage Off,2026-04-25,2026-05-06,21.26,49.96,1.3494
P0002322,M01713,BOGO,2026-02-06,2026-02-18,41.74,47.55,0.1392
P0002321,M01713,Percentage Off,2026-05-16,2026-05-24,82.31,254.27,2.0891
P0002323,M01715,BOGO,2026-03-21,2026-03-28,130.41,385.74,1.9579
P0002324,M01716,BOGO,2026-04-05,2026-04-16,112.41,144.41,0.2847
P0002327,M01718,BOGO,2026-02-09,2026-02-16,69.08,213.63,2.0924
P0002326,M01718,Sponsored Listing,2026-03-04,2026-03-10,54.45,115.47,1.1209
P0002325,M01718,Percentage Off,2026-04-10,2026-04-22,116.16,243.54,1.0967
P0002329,M01719,BOGO,2026-02-18,2026-03-03,154.94,387.46,1.5007
P0002330,M01719,Percentage Off,2026-04-30,2026-05-08,146.74,274.77,0.8725
P0002328,M01719,Percentage Off,2026-05-05,2026-05-12,69.84,167.14,1.3932
P0002331,M01720,Free Delivery,2026-04-29,2026-05-05,76.24,206.98,1.7149
P0002333,M01722,Percentage Off,2026-02-09,2026-02-16,134.26,286.35,1.1328
P0002332,M01722,Percentage Off,2026-04-21,2026-05-01,64.97,120.27,0.8511
P0002335,M01723,BOGO,2026-04-01,2026-04-06,41.09,87.49,1.1291
P0002334,M01723,BOGO,2026-04-28,2026-05-08,76.12,141.08,0.8535
P0002337,M01725,Sponsored Listing,2026-05-04,2026-05-12,233.97,479.58,1.0498
P0002336,M01725,Percentage Off,2026-05-19,2026-05-30,62.41,200.09,2.206
P0002339,M01727,Sponsored Listing,2026-02-21,2026-03-01,179.4,435.24,1.4261
P0002338,M01727,Percentage Off,2026-03-05,2026-03-13,449.31,946.47,1.1065
P0002340,M01727,Sponsored Listing,2026-03-29,2026-04-02,63.83,96.14,0.5062
P0002341,M01727,BOGO,2026-04-17,2026-04-23,201.15,448.2,1.2281
P0002343,M01728,Percentage Off,2026-03-17,2026-03-22,66.96,150.16,1.2425
P0002344,M01728,Sponsored Listing,2026-03-28,2026-04-06,216.22,508.38,1.3513
P0002342,M01728,BOGO,2026-04-29,2026-05-07,27.7,74.43,1.6872
P0002345,M01729,BOGO,2026-05-10,2026-05-15,111.0,196.4,0.7693
P0002346,M01729,BOGO,2026-05-14,2026-05-28,85.88,227.95,1.6542
P0002347,M01730,Free Delivery,2026-05-16,2026-05-21,39.82,93.04,1.3365
P0002350,M01731,Free Delivery,2026-02-04,2026-02-18,65.15,179.98,1.7626
P0002352,M01731,Sponsored Listing,2026-02-23,2026-03-04,131.53,247.23,0.8796
P0002351,M01731,Free Delivery,2026-03-04,2026-03-18,82.42,130.97,0.5891
P0002348,M01731,Sponsored Listing,2026-04-08,2026-04-21,198.33,428.67,1.1613
P0002349,M01731,BOGO,2026-04-25,2026-04-30,101.88,152.0,0.492
P0002353,M01732,Free Delivery,2026-05-06,2026-05-14,58.22,168.08,1.8869
P0002354,M01733,BOGO,2026-02-16,2026-02-23,176.83,281.04,0.5893
P0002355,M01733,Percentage Off,2026-02-23,2026-03-09,142.63,265.61,0.8623
P0002356,M01734,BOGO,2026-02-03,2026-02-08,80.11,145.17,0.812
P0002358,M01734,Percentage Off,2026-03-02,2026-03-11,179.24,363.16,1.0262
P0002357,M01734,Free Delivery,2026-03-08,2026-03-18,139.53,312.83,1.242
P0002360,M01735,Free Delivery,2026-03-08,2026-03-21,96.93,237.7,1.4522
P0002359,M01735,BOGO,2026-03-11,2026-03-21,72.77,137.3,0.8867
P0002361,M01736,Sponsored Listing,2026-03-28,2026-04-03,113.73,185.79,0.6336
P0002364,M01737,Sponsored Listing,2026-02-14,2026-02-28,139.84,223.46,0.5979
P0002362,M01737,Free Delivery,2026-02-24,2026-03-10,136.82,219.38,0.6034
P0002365,M01737,Sponsored Listing,2026-03-02,2026-03-06,51.01,156.36,2.0651
P0002363,M01737,Percentage Off,2026-05-20,2026-05-24,169.5,561.35,2.3118
P0002366,M01739,Sponsored Listing,2026-04-16,2026-04-26,82.14,236.47,1.879
P0002367,M01740,Percentage Off,2026-02-02,2026-02-13,132.96,212.57,0.5988
P0002368,M01741,Free Delivery,2026-04-03,2026-04-14,70.78,188.3,1.6603
P0002369,M01741,Free Delivery,2026-05-17,2026-05-26,126.16,174.71,0.3848
P0002370,M01741,Free Delivery,2026-05-20,2026-06-03,65.92,150.27,1.2798
P0002371,M01743,BOGO,2026-02-14,2026-02-20,73.34,87.65,0.1952
P0002372,M01743,Sponsored Listing,2026-02-19,2026-03-01,55.5,78.01,0.4054
P0002374,M01744,Free Delivery,2026-02-08,2026-02-17,38.23,38.0,-0.0061
P0002375,M01744,Free Delivery,2026-03-14,2026-03-24,43.26,131.75,2.0457
P0002373,M01744,Percentage Off,2026-04-25,2026-05-03,27.49,54.1,0.968
P0002376,M01745,Free Delivery,2026-04-05,2026-04-10,112.05,202.08,0.8035
P0002378,M01747,BOGO,2026-02-13,2026-02-25,50.07,128.81,1.5727
P0002379,M01747,BOGO,2026-03-19,2026-03-24,49.58,86.17,0.738
P0002377,M01747,BOGO,2026-04-10,2026-04-20,58.03,148.38,1.5568
P0002380,M01750,BOGO,2026-02-14,2026-02-22,206.41,339.05,0.6427
P0002382,M01750,Percentage Off,2026-03-06,2026-03-17,108.99,222.71,1.0435
P0002381,M01750,BOGO,2026-03-17,2026-03-28,40.89,75.47,0.8455
P0002383,M01751,Percentage Off,2026-02-23,2026-03-07,201.6,446.52,1.2149
P0002384,M01751,Sponsored Listing,2026-03-20,2026-03-28,275.72,490.05,0.7773
P0002385,M01752,BOGO,2026-02-22,2026-02-28,71.11,163.27,1.296
P0002386,M01752,Sponsored Listing,2026-03-19,2026-03-25,183.41,517.01,1.8189
P0002387,M01753,Free Delivery,2026-05-04,2026-05-14,83.02,184.13,1.2179
P0002388,M01753,Sponsored Listing,2026-05-05,2026-05-17,115.44,283.45,1.4554
P0002389,M01754,Percentage Off,2026-05-05,2026-05-18,54.29,100.03,0.8425
P0002390,M01756,BOGO,2026-04-28,2026-05-05,88.28,226.26,1.563
P0002391,M01757,Free Delivery,2026-03-12,2026-03-26,65.72,171.74,1.613
P0002392,M01764,Free Delivery,2026-02-13,2026-02-19,61.19,130.2,1.1277
P0002394,M01765,Free Delivery,2026-04-02,2026-04-10,59.93,62.21,0.038
P0002393,M01765,Percentage Off,2026-05-20,2026-05-30,33.59,66.78,0.988
P0002396,M01767,Percentage Off,2026-03-07,2026-03-12,35.58,70.43,0.9793
P0002395,M01767,Free Delivery,2026-05-06,2026-05-17,117.79,156.99,0.3327
P0002397,M01768,Sponsored Listing,2026-03-16,2026-03-23,70.81,140.47,0.9837
P0002398,M01770,Sponsored Listing,2026-02-27,2026-03-05,72.05,90.25,0.2526
P0002399,M01772,BOGO,2026-04-16,2026-04-21,142.35,167.68,0.178
P0002401,M01774,Sponsored Listing,2026-02-26,2026-03-05,66.49,212.01,2.1886
P0002402,M01774,Percentage Off,2026-02-26,2026-03-11,73.67,158.41,1.1502
P0002400,M01774,Percentage Off,2026-03-30,2026-04-13,122.22,350.31,1.8662
P0002404,M01774,Sponsored Listing,2026-04-26,2026-05-09,43.44,90.83,1.0912
P0002403,M01774,Sponsored Listing,2026-05-08,2026-05-14,59.58,113.46,0.9044
P0002405,M01775,Sponsored Listing,2026-02-07,2026-02-12,290.44,474.34,0.6332
P0002406,M01775,Sponsored Listing,2026-04-17,2026-04-27,72.62,261.63,2.6027
P0002407,M01776,BOGO,2026-03-23,2026-03-31,74.34,154.21,1.0743
P0002410,M01777,BOGO,2026-05-09,2026-05-15,83.36,171.18,1.0534
P0002409,M01777,Percentage Off,2026-05-16,2026-05-25,44.33,71.18,0.6056
P0002408,M01777,Sponsored Listing,2026-05-17,2026-05-23,15.11,29.26,0.9363
P0002412,M01778,Percentage Off,2026-04-06,2026-04-14,72.92,145.03,0.9887
P0002411,M01778,Free Delivery,2026-05-12,2026-05-25,94.58,265.46,1.8067
P0002413,M01781,BOGO,2026-03-11,2026-03-23,64.71,96.74,0.495
P0002414,M01782,BOGO,2026-02-22,2026-02-26,194.17,470.57,1.4235
P0002415,M01782,Percentage Off,2026-04-01,2026-04-12,384.49,913.89,1.3769
P0002416,M01784,BOGO,2026-02-12,2026-02-19,92.51,168.33,0.8196
P0002417,M01785,BOGO,2026-02-14,2026-02-18,98.38,136.0,0.3823
P0002418,M01786,BOGO,2026-04-16,2026-04-24,41.91,85.31,1.0353
P0002420,M01787,Free Delivery,2026-03-09,2026-03-18,122.81,175.14,0.4261
P0002419,M01787,Sponsored Listing,2026-04-22,2026-04-29,79.35,189.79,1.392
P0002421,M01788,Percentage Off,2026-03-19,2026-03-30,94.66,167.25,0.7668
P0002422,M01788,Sponsored Listing,2026-03-30,2026-04-12,277.0,628.31,1.2683
P0002423,M01789,BOGO,2026-05-15,2026-05-29,28.86,64.68,1.241
P0002424,M01790,Free Delivery,2026-03-04,2026-03-09,61.98,119.7,0.9312
P0002426,M01792,Percentage Off,2026-02-14,2026-02-19,114.58,255.11,1.2264
P0002427,M01792,Free Delivery,2026-03-02,2026-03-11,54.52,138.24,1.5356
P0002425,M01792,BOGO,2026-04-01,2026-04-15,65.44,161.07,1.4614
P0002428,M01793,Percentage Off,2026-02-06,2026-02-18,60.55,120.64,0.9926
P0002429,M01797,Percentage Off,2026-05-12,2026-05-21,53.75,131.78,1.4519
P0002430,M01798,Sponsored Listing,2026-03-08,2026-03-21,44.38,94.42,1.1273
P0002431,M01800,BOGO,2026-02-13,2026-02-22,203.2,394.56,0.9417
P0002432,M01801,Sponsored Listing,2026-03-12,2026-03-16,150.83,288.15,0.9105
P0002433,M01804,Sponsored Listing,2026-05-13,2026-05-24,81.95,173.1,1.1122
P0002434,M01805,Free Delivery,2026-03-08,2026-03-17,173.89,428.72,1.4654
P0002435,M01806,BOGO,2026-02-01,2026-02-06,143.61,334.24,1.3274
P0002436,M01807,Percentage Off,2026-03-12,2026-03-17,254.76,595.4,1.3371
P0002438,M01809,BOGO,2026-03-08,2026-03-19,80.6,114.67,0.4227
P0002439,M01809,Sponsored Listing,2026-04-03,2026-04-12,150.78,213.75,0.4176
P0002437,M01809,Free Delivery,2026-05-11,2026-05-19,137.92,551.47,2.9984
P0002440,M01810,BOGO,2026-03-24,2026-04-04,104.04,263.43,1.532
P0002441,M01810,Free Delivery,2026-04-19,2026-04-23,54.67,101.17,0.8505
P0002443,M01811,Sponsored Listing,2026-02-18,2026-03-04,58.47,110.8,0.8948
P0002442,M01811,BOGO,2026-04-06,2026-04-14,139.83,302.79,1.1653
P0002445,M01812,Sponsored Listing,2026-02-19,2026-03-01,64.17,122.67,0.9115
P0002446,M01812,Free Delivery,2026-04-05,2026-04-14,63.57,148.18,1.3309
P0002444,M01812,Percentage Off,2026-04-13,2026-04-27,167.37,201.9,0.2063
P0002448,M01813,Percentage Off,2026-03-12,2026-03-18,92.07,207.8,1.2569
P0002447,M01813,Sponsored Listing,2026-04-19,2026-04-26,87.35,144.69,0.6565
P0002450,M01814,Free Delivery,2026-02-09,2026-02-15,94.81,241.75,1.5499
P0002449,M01814,BOGO,2026-02-12,2026-02-20,373.57,740.05,0.981
P0002452,M01815,Percentage Off,2026-03-08,2026-03-17,113.5,202.07,0.7803
P0002451,M01815,Free Delivery,2026-05-16,2026-05-21,47.34,18.94,-0.6
P0002453,M01816,BOGO,2026-03-09,2026-03-14,109.26,294.27,1.6933
P0002454,M01818,Free Delivery,2026-05-18,2026-05-28,56.11,137.46,1.4499
P0002455,M01819,BOGO,2026-02-06,2026-02-14,14.44,14.46,0.001
P0002457,M01819,Sponsored Listing,2026-03-10,2026-03-24,67.14,135.68,1.0209
P0002458,M01819,BOGO,2026-03-23,2026-04-01,80.26,178.56,1.2248
P0002456,M01819,Percentage Off,2026-04-08,2026-04-14,122.18,273.8,1.2409
P0002459,M01819,Percentage Off,2026-05-08,2026-05-18,322.75,605.01,0.8746
P0002460,M01820,Sponsored Listing,2026-05-10,2026-05-19,25.68,70.22,1.734
P0002462,M01821,Free Delivery,2026-04-22,2026-04-28,98.61,150.22,0.5234
P0002461,M01821,Free Delivery,2026-04-29,2026-05-04,29.06,66.76,1.2971
P0002463,M01821,Percentage Off,2026-04-30,2026-05-04,46.38,71.64,0.5448
P0002464,M01822,Sponsored Listing,2026-02-06,2026-02-10,57.79,182.36,2.1553
P0002466,M01823,Percentage Off,2026-03-01,2026-03-08,48.86,88.77,0.8166
P0002465,M01823,Free Delivery,2026-04-08,2026-04-14,105.11,235.53,1.2408
P0002467,M01824,Percentage Off,2026-02-04,2026-02-15,111.51,342.94,2.0754
P0002468,M01824,Free Delivery,2026-02-22,2026-02-28,63.28,137.24,1.1688
P0002469,M01826,Free Delivery,2026-02-07,2026-02-20,133.64,286.28,1.1422
P0002470,M01828,BOGO,2026-03-17,2026-03-24,201.31,475.41,1.3616
P0002471,M01829,BOGO,2026-02-05,2026-02-14,100.22,287.07,1.8642
P0002472,M01830,BOGO,2026-04-30,2026-05-07,130.86,225.67,0.7245
P0002474,M01832,Percentage Off,2026-04-07,2026-04-21,53.81,109.86,1.0415
P0002473,M01832,Sponsored Listing,2026-04-13,2026-04-24,57.41,156.66,1.7287
P0002476,M01833,Sponsored Listing,2026-02-27,2026-03-04,102.93,229.28,1.2276
P0002475,M01833,Percentage Off,2026-04-10,2026-04-19,59.06,149.29,1.5279
P0002478,M01834,BOGO,2026-02-07,2026-02-13,114.95,364.44,2.1703
P0002477,M01834,Free Delivery,2026-04-03,2026-04-13,35.38,96.61,1.7308
P0002479,M01836,BOGO,2026-03-14,2026-03-22,134.57,282.38,1.0984
P0002480,M01837,Sponsored Listing,2026-05-03,2026-05-17,31.55,57.86,0.8336
P0002482,M01838,BOGO,2026-03-10,2026-03-20,84.35,156.46,0.8547
P0002481,M01838,Free Delivery,2026-05-03,2026-05-09,29.5,73.53,1.4924
P0002483,M01839,BOGO,2026-04-28,2026-05-08,31.8,33.01,0.0379
P0002484,M01840,Free Delivery,2026-02-11,2026-02-17,154.32,441.43,1.8604
P0002485,M01841,BOGO,2026-02-22,2026-02-27,83.2,131.34,0.5786
P0002487,M01842,BOGO,2026-02-02,2026-02-06,77.74,158.45,1.0382
P0002486,M01842,BOGO,2026-03-19,2026-03-31,22.99,65.08,1.8313
P0002491,M01843,BOGO,2026-02-13,2026-02-22,41.75,101.75,1.437
P0002489,M01843,Free Delivery,2026-02-20,2026-03-05,67.79,157.84,1.3283
P0002490,M01843,Sponsored Listing,2026-03-14,2026-03-21,132.4,354.23,1.6754
P0002492,M01843,Percentage Off,2026-04-10,2026-04-22,53.46,76.04,0.4224
P0002488,M01843,Percentage Off,2026-05-03,2026-05-16,50.34,126.92,1.5211
P0002493,M01844,Percentage Off,2026-04-17,2026-04-28,62.65,98.39,0.5704
P0002494,M01846,BOGO,2026-02-24,2026-03-03,103.21,292.41,1.8331
P0002495,M01847,BOGO,2026-02-04,2026-02-12,112.09,245.0,1.1857
P0002496,M01848,Free Delivery,2026-04-01,2026-04-06,32.46,58.65,0.807
P0002497,M01849,Percentage Off,2026-02-06,2026-02-10,46.31,79.22,0.7107
P0002498,M01850,BOGO,2026-04-17,2026-04-23,127.8,178.05,0.3932
P0002499,M01851,Percentage Off,2026-05-03,2026-05-11,132.03,343.14,1.599
P0002500,M01852,Sponsored Listing,2026-03-21,2026-03-28,22.18,56.97,1.5686
P0002503,M01853,Percentage Off,2026-03-06,2026-03-10,58.71,150.46,1.5628
P0002501,M01853,BOGO,2026-04-13,2026-04-17,85.22,150.63,0.7675
P0002502,M01853,Percentage Off,2026-04-16,2026-04-20,92.25,197.57,1.1416
P0002504,M01854,BOGO,2026-04-04,2026-04-16,123.36,285.98,1.3183
P0002505,M01855,Sponsored Listing,2026-03-16,2026-03-21,88.48,228.82,1.586
P0002506,M01855,Sponsored Listing,2026-05-18,2026-05-23,81.15,181.29,1.2341
P0002507,M01856,Percentage Off,2026-02-28,2026-03-05,61.07,111.89,0.832
P0002508,M01858,Free Delivery,2026-03-19,2026-03-31,82.28,191.07,1.3221
P0002510,M01859,BOGO,2026-02-08,2026-02-16,96.97,89.54,-0.0766
P0002512,M01859,Sponsored Listing,2026-02-12,2026-02-21,286.2,666.04,1.3272
P0002509,M01859,BOGO,2026-02-28,2026-03-06,118.98,299.73,1.5191
P0002511,M01859,Sponsored Listing,2026-04-09,2026-04-21,114.02,335.73,1.9445
P0002513,M01860,Sponsored Listing,2026-03-03,2026-03-13,194.73,312.03,0.6024
P0002514,M01860,Sponsored Listing,2026-05-19,2026-05-23,108.39,306.27,1.8255
P0002515,M01862,BOGO,2026-03-22,2026-04-04,83.91,171.5,1.044
P0002516,M01862,Sponsored Listing,2026-05-12,2026-05-19,76.91,251.98,2.2763
P0002517,M01862,Free Delivery,2026-05-15,2026-05-29,33.4,85.24,1.5517
P0002518,M01863,Free Delivery,2026-04-18,2026-04-28,37.74,65.63,0.7392
P0002519,M01864,Free Delivery,2026-02-07,2026-02-19,58.98,137.08,1.3243
P0002520,M01866,BOGO,2026-04-12,2026-04-20,55.11,152.59,1.7687
P0002521,M01867,BOGO,2026-03-15,2026-03-27,120.67,306.7,1.5417
P0002522,M01868,Sponsored Listing,2026-02-05,2026-02-18,130.62,327.21,1.5051
P0002524,M01869,BOGO,2026-02-17,2026-02-24,81.6,260.1,2.1875
P0002523,M01869,Free Delivery,2026-04-11,2026-04-21,187.55,223.02,0.1891
P0002525,M01871,Sponsored Listing,2026-04-28,2026-05-09,107.58,217.86,1.025
P0002527,M01873,Sponsored Listing,2026-02-05,2026-02-18,38.82,91.93,1.3679
P0002526,M01873,Free Delivery,2026-03-18,2026-03-30,77.51,129.0,0.6644
P0002530,M01875,Sponsored Listing,2026-02-18,2026-03-03,73.84,169.88,1.3005
P0002529,M01875,Percentage Off,2026-02-27,2026-03-07,75.77,89.64,0.183
P0002528,M01875,Sponsored Listing,2026-03-23,2026-03-30,57.05,141.12,1.4738
P0002532,M01876,Sponsored Listing,2026-02-12,2026-02-18,131.52,212.22,0.6135
P0002533,M01876,Sponsored Listing,2026-04-06,2026-04-11,71.52,79.25,0.1082
P0002531,M01876,Percentage Off,2026-04-20,2026-04-24,37.37,84.86,1.2709
P0002534,M01877,BOGO,2026-03-03,2026-03-10,79.7,190.17,1.386
P0002535,M01877,Sponsored Listing,2026-03-18,2026-03-24,100.39,324.81,2.2355
P0002536,M01879,Percentage Off,2026-03-15,2026-03-29,19.72,46.57,1.362
P0002537,M01879,Percentage Off,2026-03-24,2026-03-30,38.04,62.22,0.6357
P0002539,M01880,Free Delivery,2026-03-07,2026-03-15,193.11,281.91,0.4598
P0002540,M01880,Percentage Off,2026-04-02,2026-04-10,146.57,298.08,1.0338
P0002538,M01880,BOGO,2026-05-01,2026-05-11,48.25,52.19,0.0816
P0002541,M01881,BOGO,2026-04-25,2026-05-01,205.37,538.12,1.6203
P0002542,M01882,Free Delivery,2026-03-28,2026-04-08,73.83,127.24,0.7233
P0002543,M01882,Free Delivery,2026-05-09,2026-05-17,89.62,68.53,-0.2354
P0002546,M01883,Sponsored Listing,2026-02-22,2026-03-03,74.97,216.7,1.8903
P0002545,M01883,Percentage Off,2026-04-05,2026-04-15,122.4,108.47,-0.1139
P0002544,M01883,Percentage Off,2026-05-12,2026-05-22,38.75,92.31,1.3821
P0002547,M01884,Percentage Off,2026-03-18,2026-03-25,194.79,347.79,0.7855
P0002548,M01887,BOGO,2026-03-12,2026-03-19,28.85,43.42,0.5049
P0002549,M01887,Sponsored Listing,2026-04-22,2026-04-30,68.93,157.81,1.2895
P0002550,M01888,Percentage Off,2026-03-22,2026-03-28,207.6,532.09,1.5631
P0002552,M01890,Sponsored Listing,2026-02-28,2026-03-04,195.53,277.82,0.4209
P0002551,M01890,Free Delivery,2026-04-19,2026-04-29,64.79,165.87,1.5603
P0002553,M01891,BOGO,2026-02-13,2026-02-18,163.63,444.4,1.716
P0002554,M01893,Free Delivery,2026-02-11,2026-02-15,176.45,457.91,1.5952
P0002555,M01893,BOGO,2026-03-11,2026-03-18,128.12,323.23,1.523
P0002559,M01895,Percentage Off,2026-02-14,2026-02-26,135.45,401.19,1.962
P0002558,M01895,BOGO,2026-02-28,2026-03-08,23.65,58.69,1.4814
P0002557,M01895,Sponsored Listing,2026-03-21,2026-03-31,44.42,68.75,0.5476
P0002556,M01895,Free Delivery,2026-03-27,2026-03-31,127.09,243.19,0.9135
P0002560,M01896,Sponsored Listing,2026-03-24,2026-03-29,81.38,154.89,0.9033
P0002561,M01896,Sponsored Listing,2026-04-04,2026-04-16,54.66,183.71,2.3609
P0002562,M01896,Percentage Off,2026-04-23,2026-04-28,51.1,122.18,1.3911
P0002563,M01900,Percentage Off,2026-03-18,2026-04-01,375.67,325.86,-0.1326
P0002564,M01903,Sponsored Listing,2026-05-15,2026-05-25,78.13,143.76,0.84
P0002565,M01904,Sponsored Listing,2026-04-07,2026-04-12,200.01,612.35,2.0616
P0002567,M01906,BOGO,2026-03-19,2026-03-30,94.21,207.91,1.207
P0002568,M01906,BOGO,2026-04-13,2026-04-21,52.86,59.67,0.1289
P0002566,M01906,Percentage Off,2026-05-16,2026-05-23,73.9,100.2,0.3558
P0002570,M01907,BOGO,2026-02-25,2026-03-06,61.28,147.6,1.4088
P0002569,M01907,Percentage Off,2026-03-25,2026-04-04,144.6,231.81,0.6031
P0002571,M01909,Percentage Off,2026-04-09,2026-04-18,37.18,88.12,1.3705
P0002572,M01909,Free Delivery,2026-04-09,2026-04-21,20.13,42.66,1.1188
P0002573,M01910,BOGO,2026-04-25,2026-05-07,87.81,139.66,0.5904
P0002575,M01911,Free Delivery,2026-04-22,2026-05-02,34.06,83.5,1.4513
P0002574,M01911,Sponsored Listing,2026-05-06,2026-05-14,38.74,132.24,2.4134
P0002576,M01912,Sponsored Listing,2026-03-22,2026-04-01,142.45,326.51,1.292
P0002577,M01913,Percentage Off,2026-02-24,2026-03-02,85.19,196.25,1.3037
P0002578,M01913,Sponsored Listing,2026-03-27,2026-04-03,179.05,502.91,1.8087
P0002581,M01914,Sponsored Listing,2026-03-11,2026-03-21,274.45,884.05,2.2212
P0002579,M01914,Sponsored Listing,2026-04-17,2026-04-22,90.41,220.77,1.4418
P0002580,M01914,Percentage Off,2026-05-04,2026-05-11,72.14,136.78,0.8961
P0002582,M01917,Sponsored Listing,2026-02-22,2026-03-07,78.66,178.5,1.2692
P0002583,M01917,Percentage Off,2026-03-04,2026-03-15,24.28,62.92,1.5915
P0002585,M01919,Free Delivery,2026-02-07,2026-02-19,45.32,85.87,0.8947
P0002584,M01919,Free Delivery,2026-02-24,2026-03-07,66.43,120.63,0.8159
P0002586,M01919,BOGO,2026-04-25,2026-05-07,94.81,184.83,0.9493
P0002587,M01919,Free Delivery,2026-04-26,2026-05-08,35.68,81.28,1.2778
P0002588,M01920,BOGO,2026-03-17,2026-03-24,43.49,82.35,0.8938
P0002589,M01921,BOGO,2026-03-17,2026-03-25,58.8,173.9,1.9574
P0002590,M01921,BOGO,2026-05-19,2026-06-01,98.23,250.48,1.5499
P0002591,M01922,Free Delivery,2026-02-08,2026-02-14,108.67,331.29,2.0486
P0002593,M01925,Free Delivery,2026-03-11,2026-03-20,38.9,77.6,0.9946
P0002592,M01925,Free Delivery,2026-04-04,2026-04-16,54.06,98.49,0.8217
P0002595,M01926,Percentage Off,2026-03-11,2026-03-21,66.43,128.9,0.9404
P0002594,M01926,Percentage Off,2026-05-20,2026-05-30,27.65,50.23,0.8167
P0002596,M01927,Percentage Off,2026-02-06,2026-02-17,77.77,173.93,1.2364
P0002598,M01928,Free Delivery,2026-02-18,2026-02-24,127.54,327.86,1.5707
P0002597,M01928,Free Delivery,2026-03-10,2026-03-18,81.81,125.6,0.5352
P0002599,M01932,Free Delivery,2026-05-09,2026-05-19,92.87,157.57,0.6966
P0002600,M01933,Free Delivery,2026-02-13,2026-02-25,42.67,71.53,0.6765
P0002602,M01934,Percentage Off,2026-02-07,2026-02-13,167.4,492.0,1.9391
P0002601,M01934,Percentage Off,2026-03-01,2026-03-05,18.82,50.46,1.6814
P0002603,M01935,Free Delivery,2026-03-11,2026-03-15,32.19,87.72,1.7249
P0002604,M01935,Percentage Off,2026-03-15,2026-03-19,122.22,221.76,0.8144
P0002605,M01937,Percentage Off,2026-02-01,2026-02-10,46.12,102.89,1.2307
P0002606,M01937,Percentage Off,2026-05-06,2026-05-15,203.94,426.74,1.0925
P0002607,M01938,Free Delivery,2026-02-07,2026-02-21,199.2,406.85,1.0425
P0002609,M01938,BOGO,2026-03-22,2026-03-29,69.59,192.66,1.7684
P0002608,M01938,Percentage Off,2026-03-31,2026-04-05,110.36,146.69,0.3292
P0002610,M01938,Percentage Off,2026-04-06,2026-04-20,37.32,127.38,2.4129
P0002611,M01939,BOGO,2026-03-03,2026-03-09,32.49,90.61,1.7886
P0002612,M01940,BOGO,2026-03-17,2026-03-30,203.2,682.85,2.3605
P0002614,M01942,BOGO,2026-03-21,2026-03-29,177.97,445.15,1.5012
P0002613,M01942,BOGO,2026-04-24,2026-05-08,41.21,85.53,1.0755
P0002615,M01945,Free Delivery,2026-04-20,2026-04-24,84.86,187.41,1.2085
P0002616,M01945,Free Delivery,2026-04-25,2026-05-07,162.74,388.11,1.3848
P0002617,M01946,BOGO,2026-02-25,2026-03-11,211.59,436.92,1.065
P0002619,M01947,Sponsored Listing,2026-04-14,2026-04-22,198.85,381.0,0.916
P0002618,M01947,BOGO,2026-05-07,2026-05-19,52.69,148.75,1.8231
P0002620,M01948,BOGO,2026-04-02,2026-04-09,139.42,318.91,1.2874
P0002621,M01949,BOGO,2026-03-27,2026-04-02,57.77,159.93,1.7683
P0002622,M01949,Percentage Off,2026-04-07,2026-04-15,138.08,255.6,0.8511
P0002623,M01950,Percentage Off,2026-02-28,2026-03-11,82.24,178.18,1.1667
P0002626,M01951,Sponsored Listing,2026-02-08,2026-02-18,134.24,413.76,2.0822
P0002624,M01951,Percentage Off,2026-04-18,2026-04-30,113.29,214.74,0.8955
P0002625,M01951,Percentage Off,2026-05-06,2026-05-12,223.36,531.36,1.379
P0002627,M01953,Sponsored Listing,2026-02-27,2026-03-06,107.19,230.86,1.1537
P0002628,M01953,Free Delivery,2026-04-14,2026-04-20,34.44,59.7,0.7336
P0002629,M01954,BOGO,2026-05-13,2026-05-23,71.23,172.71,1.4247
P0002630,M01955,Free Delivery,2026-04-25,2026-05-09,66.19,129.59,0.9579
P0002631,M01956,Percentage Off,2026-02-08,2026-02-13,87.53,208.63,1.3834
P0002634,M01957,Percentage Off,2026-02-10,2026-02-21,139.98,270.25,0.9306
P0002635,M01957,Percentage Off,2026-03-09,2026-03-15,135.87,230.98,0.7
P0002632,M01957,Percentage Off,2026-03-31,2026-04-11,43.47,71.02,0.6337
P0002633,M01957,Percentage Off,2026-04-14,2026-04-27,35.44,107.29,2.0275
P0002637,M01960,Free Delivery,2026-04-09,2026-04-20,151.88,388.55,1.5584
P0002639,M01960,Percentage Off,2026-04-27,2026-05-09,128.08,248.6,0.9411
P0002636,M01960,Sponsored Listing,2026-05-01,2026-05-15,117.91,287.49,1.4383
P0002638,M01960,BOGO,2026-05-16,2026-05-29,67.11,163.77,1.4402
P0002640,M01961,Free Delivery,2026-04-19,2026-04-28,207.49,443.05,1.1353
P0002641,M01962,BOGO,2026-02-23,2026-03-03,15.61,35.38,1.2668
P0002642,M01963,BOGO,2026-04-18,2026-04-27,69.07,168.25,1.4358
P0002644,M01964,BOGO,2026-03-15,2026-03-23,21.36,45.07,1.1104
P0002643,M01964,Sponsored Listing,2026-05-18,2026-06-01,103.4,174.44,0.6869
P0002645,M01966,BOGO,2026-03-04,2026-03-09,149.86,432.28,1.8846
P0002648,M01967,BOGO,2026-02-20,2026-03-03,289.4,732.38,1.5307
P0002647,M01967,Sponsored Listing,2026-03-26,2026-03-31,129.2,178.86,0.3843
P0002646,M01967,Sponsored Listing,2026-04-30,2026-05-10,60.05,91.12,0.5175
P0002649,M01969,Free Delivery,2026-02-18,2026-03-04,151.56,424.33,1.7998
P0002650,M01970,Sponsored Listing,2026-05-16,2026-05-24,94.85,265.22,1.7961
P0002651,M01971,BOGO,2026-03-20,2026-03-31,131.18,269.35,1.0533
P0002652,M01972,Sponsored Listing,2026-04-23,2026-05-03,179.97,168.97,-0.0611
P0002653,M01973,Free Delivery,2026-02-13,2026-02-21,39.5,96.8,1.4507
P0002654,M01974,Sponsored Listing,2026-04-26,2026-04-30,111.8,234.09,1.0939
P0002655,M01975,Percentage Off,2026-03-26,2026-03-30,95.52,212.05,1.2201
P0002657,M01977,Free Delivery,2026-03-01,2026-03-15,147.27,297.1,1.0174
P0002658,M01977,Sponsored Listing,2026-03-30,2026-04-13,70.35,165.75,1.3561
P0002659,M01977,Free Delivery,2026-05-10,2026-05-17,196.59,320.75,0.6315
P0002656,M01977,Sponsored Listing,2026-05-15,2026-05-26,62.64,110.37,0.762
P0002660,M01978,Sponsored Listing,2026-02-28,2026-03-05,209.01,423.51,1.0262
P0002661,M01980,Sponsored Listing,2026-02-01,2026-02-12,175.46,275.62,0.5708
P0002662,M01980,Sponsored Listing,2026-03-07,2026-03-18,87.28,134.95,0.5462
P0002663,M01980,Sponsored Listing,2026-04-15,2026-04-29,83.68,140.5,0.6791
P0002664,M01981,Percentage Off,2026-05-14,2026-05-18,114.9,315.12,1.7425
P0002665,M01982,BOGO,2026-02-26,2026-03-11,222.33,403.05,0.8129
P0002666,M01982,Free Delivery,2026-04-09,2026-04-18,66.64,123.61,0.855
P0002667,M01983,Sponsored Listing,2026-04-08,2026-04-12,223.38,548.56,1.4558
P0002668,M01986,BOGO,2026-03-14,2026-03-26,84.67,188.5,1.2264
P0002669,M01987,BOGO,2026-02-05,2026-02-19,79.4,164.7,1.0745
P0002671,M01988,Percentage Off,2026-02-07,2026-02-16,236.42,361.8,0.5304
P0002670,M01988,Sponsored Listing,2026-03-24,2026-04-01,168.96,424.38,1.5117
P0002672,M01990,Free Delivery,2026-03-17,2026-03-23,157.55,256.34,0.6271
P0002673,M01990,Percentage Off,2026-04-03,2026-04-15,29.02,52.22,0.7994
P0002674,M01993,Sponsored Listing,2026-02-17,2026-02-23,143.0,243.75,0.7045
P0002675,M01996,BOGO,2026-02-27,2026-03-08,44.77,84.03,0.8771
P0002676,M01996,BOGO,2026-04-27,2026-05-09,118.7,311.68,1.6259
P0002677,M01996,Sponsored Listing,2026-05-06,2026-05-11,85.66,74.1,-0.1349
P0002678,M01997,Free Delivery,2026-02-05,2026-02-15,100.88,194.63,0.9292
P0002679,M01997,BOGO,2026-02-05,2026-02-14,122.06,269.56,1.2084
P0002681,M01998,BOGO,2026-03-29,2026-04-05,164.96,211.48,0.282
P0002680,M01998,Free Delivery,2026-05-12,2026-05-24,61.67,100.15,0.6241
P0002682,M01999,BOGO,2026-03-18,2026-03-24,66.65,102.32,0.535
P0002683,M01999,Free Delivery,2026-04-06,2026-04-13,87.47,127.08,0.4528
P0002684,M02000,BOGO,2026-04-08,2026-04-14,228.51,429.39,0.8791
P0002687,M02000,Percentage Off,2026-04-26,2026-05-09,71.82,58.66,-0.1831
P0002686,M02000,Percentage Off,2026-04-27,2026-05-07,158.96,410.04,1.5795
P0002685,M02000,Percentage Off,2026-05-01,2026-05-07,163.55,426.06,1.6051
