ticket_id,merchant_id,created_at,issue_type,resolved_flag,resolved_at,resolution_hours,merchant_satisfaction_score
T0000001,M00001,2026-03-08 19:00:00,Payment,1,2026-03-09 05:18:07.535545664,10.3,4.0
T0000002,M00001,2026-03-27 14:00:00,Technical,1,2026-03-28 15:28:14.897698078,25.47,4.0
T0000005,M00002,2026-02-08 11:00:00,Account,1,2026-02-09 13:20:49.678207267,26.35,3.0
T0000003,M00002,2026-03-21 18:00:00,Operations,1,2026-03-22 11:31:31.198083333,17.53,4.0
T0000004,M00002,2026-04-13 17:00:00,Payment,1,2026-04-14 23:56:11.772047349,30.94,5.0
T0000007,M00003,2026-04-21 12:00:00,Account,1,2026-04-22 08:04:25.620630880,20.07,5.0
T0000006,M00003,2026-04-29 10:00:00,Payment,1,2026-04-29 21:00:57.050087237,11.02,5.0
T0000009,M00004,2026-05-28 13:00:00,Payment,1,2026-05-29 01:30:57.031027279,12.52,4.0
T0000008,M00004,2026-05-31 10:00:00,Technical,0,,,
T0000010,M00005,2026-03-18 20:00:00,Technical,1,2026-03-19 05:02:02.676590361,9.03,5.0
T0000011,M00005,2026-04-13 08:00:00,Account,1,2026-04-14 04:42:16.139844874,20.7,4.0
T0000012,M00006,2026-04-22 09:00:00,Technical,1,2026-04-22 18:36:18.243309171,9.61,4.0
T0000013,M00007,2026-02-05 17:00:00,Payment,1,2026-02-06 03:22:58.063791633,10.38,5.0
T0000014,M00008,2026-04-01 18:00:00,Account,1,2026-04-02 10:04:36.158600218,16.08,4.0
T0000015,M00008,2026-05-14 11:00:00,Technical,0,,,
T0000016,M00009,2026-03-01 15:00:00,Refund/Dispute,1,2026-03-02 23:05:01.685775440,32.08,4.0
T0000017,M00009,2026-04-16 11:00:00,Technical,1,2026-04-18 03:03:36.494413599,40.06,3.0
T0000018,M00009,2026-05-11 09:00:00,Operations,1,2026-05-12 17:04:06.495192670,32.07,4.0
T0000020,M00010,2026-05-21 09:00:00,Refund/Dispute,1,2026-05-22 08:54:00.890570325,23.9,3.0
T0000019,M00010,2026-05-24 09:00:00,Refund/Dispute,1,2026-05-24 23:47:32.720251747,14.79,5.0
T0000021,M00011,2026-02-17 11:00:00,Operations,1,2026-02-18 09:01:54.299705556,22.03,4.0
T0000022,M00011,2026-03-28 13:00:00,Account,1,2026-03-30 00:57:50.168839075,35.96,4.0
T0000024,M00012,2026-04-10 08:00:00,Technical,1,2026-04-10 19:27:16.652883322,11.45,5.0
T0000023,M00012,2026-05-26 12:00:00,Payment,1,2026-05-26 19:42:26.981815334,7.71,4.0
T0000025,M00013,2026-02-17 16:00:00,Payment,1,2026-02-18 11:37:24.623056671,19.62,4.0
T0000028,M00013,2026-02-28 10:00:00,Technical,1,2026-02-28 20:10:56.436301174,10.18,4.0
T0000026,M00013,2026-03-24 14:00:00,Technical,0,,,
T0000027,M00013,2026-04-23 08:00:00,Technical,1,2026-04-24 22:25:17.602834944,38.42,4.0
T0000031,M00014,2026-02-04 17:00:00,Operations,1,2026-02-05 01:39:00.751050237,8.65,5.0
T0000029,M00014,2026-03-22 08:00:00,Account,1,2026-03-24 02:42:20.112162375,42.71,4.0
T0000030,M00014,2026-04-16 18:00:00,Technical,0,,,
T0000032,M00014,2026-05-27 18:00:00,Account,1,2026-05-30 00:25:35.017261269,54.43,3.0
T0000033,M00015,2026-02-09 18:00:00,Refund/Dispute,1,2026-02-10 02:26:24.395556512,8.44,5.0
T0000034,M00015,2026-05-27 19:00:00,Account,0,,,
T0000035,M00016,2026-04-26 11:00:00,Technical,1,2026-04-27 02:33:14.336305160,15.55,5.0
T0000037,M00017,2026-03-04 13:00:00,Technical,0,,,
T0000036,M00017,2026-03-07 15:00:00,Refund/Dispute,0,,,
T0000038,M00017,2026-03-08 17:00:00,Payment,0,,,
T0000039,M00018,2026-03-05 09:00:00,Technical,1,2026-03-06 11:20:23.645040770,26.34,3.0
T0000040,M00019,2026-04-24 09:00:00,Operations,1,2026-04-24 23:26:53.725115806,14.45,5.0
T0000041,M00019,2026-05-22 16:00:00,Refund/Dispute,1,2026-05-23 12:20:46.805662993,20.35,4.0
T0000043,M00020,2026-03-10 20:00:00,Refund/Dispute,1,2026-03-12 07:20:14.663867920,35.34,4.0
T0000042,M00020,2026-05-09 10:00:00,Refund/Dispute,1,2026-05-10 12:59:27.712455248,26.99,5.0
T0000047,M00021,2026-02-04 18:00:00,Payment,0,,,
T0000046,M00021,2026-03-05 20:00:00,Account,1,2026-03-07 02:01:26.908656502,30.02,3.0
T0000045,M00021,2026-04-21 18:00:00,Refund/Dispute,1,2026-04-22 06:25:22.993589125,12.42,5.0
T0000044,M00021,2026-05-28 18:00:00,Payment,1,2026-05-29 06:34:50.956537699,12.58,4.0
T0000051,M00022,2026-03-05 11:00:00,Operations,0,,,
T0000048,M00022,2026-03-09 20:00:00,Payment,1,2026-03-10 11:56:30.128087108,15.94,4.0
T0000052,M00022,2026-04-05 13:00:00,Refund/Dispute,1,2026-04-06 18:51:01.552834724,29.85,4.0
T0000053,M00022,2026-04-15 18:00:00,Operations,0,,,
T0000049,M00022,2026-05-04 16:00:00,Operations,1,2026-05-05 20:17:24.927859500,28.29,5.0
T0000050,M00022,2026-05-15 20:00:00,Account,1,2026-05-16 16:58:40.982589174,20.98,5.0
T0000056,M00023,2026-02-02 09:00:00,Payment,1,2026-02-03 11:32:06.323339277,26.54,4.0
T0000054,M00023,2026-03-01 20:00:00,Account,1,2026-03-02 20:15:42.917125618,24.26,5.0
T0000057,M00023,2026-03-27 08:00:00,Technical,1,2026-03-27 22:23:31.389673128,14.39,5.0
T0000055,M00023,2026-05-02 19:00:00,Technical,1,2026-05-03 22:52:16.709387152,27.87,4.0
T0000060,M00024,2026-03-02 10:00:00,Account,1,2026-03-03 16:08:47.535471178,30.15,3.0
T0000059,M00024,2026-04-11 15:00:00,Account,1,2026-04-12 11:54:08.688857155,20.9,4.0
T0000061,M00024,2026-05-09 18:00:00,Account,1,2026-05-10 15:33:09.357355350,21.55,4.0
T0000058,M00024,2026-05-19 20:00:00,Payment,1,2026-05-21 23:17:33.414870415,51.29,4.0
T0000064,M00025,2026-02-13 10:00:00,Technical,0,,,
T0000062,M00025,2026-02-15 12:00:00,Operations,1,2026-02-17 10:39:10.439970886,46.65,4.0
T0000063,M00025,2026-03-06 14:00:00,Technical,1,2026-03-08 04:12:55.408007260,38.22,3.0
T0000065,M00026,2026-02-08 15:00:00,Refund/Dispute,1,2026-02-08 23:35:48.711781985,8.6,5.0
T0000066,M00026,2026-03-09 18:00:00,Refund/Dispute,0,,,
T0000067,M00026,2026-03-10 19:00:00,Payment,0,,,
T0000069,M00026,2026-04-12 18:00:00,Payment,1,2026-04-15 02:50:56.326241220,56.85,3.0
T0000068,M00026,2026-05-16 09:00:00,Operations,1,2026-05-16 16:51:27.582988863,7.86,4.0
T0000071,M00027,2026-03-11 08:00:00,Payment,1,2026-03-11 20:35:53.257401232,12.6,4.0
T0000070,M00027,2026-05-29 18:00:00,Refund/Dispute,1,2026-05-30 16:35:45.812338411,22.6,5.0
T0000072,M00028,2026-02-05 18:00:00,Payment,1,2026-02-07 12:45:51.827640753,42.76,3.0
T0000076,M00028,2026-04-08 20:00:00,Refund/Dispute,1,2026-04-09 16:47:59.724974616,20.8,5.0
T0000074,M00028,2026-04-15 15:00:00,Refund/Dispute,1,2026-04-16 03:23:21.448507376,12.39,4.0
T0000075,M00028,2026-04-20 20:00:00,Refund/Dispute,1,2026-04-22 01:56:05.164386208,29.93,5.0
T0000073,M00028,2026-05-12 10:00:00,Account,0,,,
T0000077,M00030,2026-02-07 09:00:00,Payment,1,2026-02-07 17:36:06.511349602,8.6,4.0
T0000078,M00031,2026-03-04 17:00:00,Payment,0,,,
T0000079,M00032,2026-05-29 10:00:00,Refund/Dispute,0,,,
T0000083,M00033,2026-04-02 14:00:00,Refund/Dispute,1,2026-04-04 03:40:56.775322311,37.68,2.0
T0000082,M00033,2026-04-14 10:00:00,Operations,0,,,
T0000080,M00033,2026-04-18 13:00:00,Operations,0,,,
T0000081,M00033,2026-04-19 20:00:00,Account,1,2026-04-20 18:38:27.311340584,22.64,5.0
T0000088,M00034,2026-02-06 08:00:00,Refund/Dispute,1,2026-02-06 13:35:39.063382144,5.59,4.0
T0000086,M00034,2026-03-23 12:00:00,Payment,1,2026-03-24 03:08:29.708202346,15.14,4.0
T0000085,M00034,2026-04-04 16:00:00,Account,1,2026-04-05 16:48:28.918745582,24.81,4.0
T0000084,M00034,2026-04-27 20:00:00,Payment,1,2026-04-29 08:51:17.855243888,36.85,4.0
T0000087,M00034,2026-05-05 20:00:00,Payment,1,2026-05-06 10:14:08.024542306,14.24,5.0
T0000089,M00035,2026-03-12 14:00:00,Account,0,,,
T0000090,M00036,2026-02-08 13:00:00,Technical,0,,,
T0000092,M00036,2026-02-27 10:00:00,Refund/Dispute,1,2026-02-27 15:40:14.309566960,5.67,4.0
T0000091,M00036,2026-05-20 14:00:00,Account,1,2026-05-21 13:33:52.512141546,23.56,4.0
T0000094,M00037,2026-02-09 10:00:00,Account,1,2026-02-10 07:04:11.844326125,21.07,3.0
T0000095,M00037,2026-02-14 17:00:00,Refund/Dispute,1,2026-02-15 21:28:21.251217115,28.47,5.0
T0000093,M00037,2026-05-24 12:00:00,Refund/Dispute,1,2026-05-25 21:31:43.248055882,33.53,4.0
T0000096,M00037,2026-05-28 13:00:00,Operations,1,2026-05-29 06:56:18.247418066,17.94,4.0
T0000097,M00038,2026-02-14 16:00:00,Refund/Dispute,0,,,
T0000101,M00038,2026-04-11 15:00:00,Payment,1,2026-04-12 14:14:23.933890485,23.24,4.0
T0000099,M00038,2026-04-15 08:00:00,Payment,1,2026-04-15 23:32:49.695766004,15.55,5.0
T0000100,M00038,2026-05-13 19:00:00,Technical,1,2026-05-15 02:35:39.058049414,31.59,5.0
T0000098,M00038,2026-05-31 09:00:00,Payment,1,2026-06-01 09:03:04.899208348,24.05,4.0
T0000102,M00039,2026-03-28 19:00:00,Operations,1,2026-03-29 14:25:42.459352518,19.43,5.0
T0000103,M00039,2026-04-17 19:00:00,Technical,1,2026-04-18 02:22:05.405081664,7.37,5.0
T0000104,M00039,2026-05-04 16:00:00,Payment,1,2026-05-05 08:58:11.216642545,16.97,5.0
T0000107,M00040,2026-04-07 09:00:00,Operations,0,,,
T0000106,M00040,2026-05-04 12:00:00,Account,1,2026-05-05 05:51:16.268521147,17.85,4.0
T0000105,M00040,2026-05-12 11:00:00,Technical,0,,,
T0000109,M00042,2026-03-17 09:00:00,Refund/Dispute,1,2026-03-18 03:23:22.884398311,18.39,5.0
T0000108,M00042,2026-04-04 15:00:00,Refund/Dispute,1,2026-04-05 10:46:12.350655775,19.77,4.0
T0000113,M00043,2026-02-10 16:00:00,Refund/Dispute,1,2026-02-12 07:24:09.241925803,39.4,4.0
T0000114,M00043,2026-02-21 17:00:00,Refund/Dispute,1,2026-02-22 11:36:27.689779512,18.61,4.0
T0000118,M00043,2026-02-27 10:00:00,Technical,0,,,
T0000119,M00043,2026-03-01 15:00:00,Payment,1,2026-03-02 18:31:22.078218903,27.52,4.0
T0000117,M00043,2026-04-13 15:00:00,Technical,0,,,
T0000112,M00043,2026-04-23 09:00:00,Operations,0,,,
T0000116,M00043,2026-04-23 16:00:00,Refund/Dispute,0,,,
T0000110,M00043,2026-05-03 09:00:00,Payment,1,2026-05-05 17:41:52.915974097,56.7,3.0
T0000111,M00043,2026-05-07 15:00:00,Payment,1,2026-05-08 18:02:43.463741024,27.05,5.0
T0000115,M00043,2026-05-27 16:00:00,Technical,0,,,
T0000122,M00044,2026-03-16 14:00:00,Technical,1,2026-03-18 04:06:45.959320854,38.11,3.0
T0000121,M00044,2026-04-26 08:00:00,Operations,0,,,
T0000120,M00044,2026-05-14 16:00:00,Payment,1,2026-05-15 07:27:50.806512964,15.46,5.0
T0000124,M00046,2026-03-06 10:00:00,Refund/Dispute,1,2026-03-08 21:47:09.643462134,59.79,3.0
T0000123,M00046,2026-05-21 19:00:00,Refund/Dispute,0,,,
T0000127,M00047,2026-02-02 12:00:00,Refund/Dispute,1,2026-02-02 20:52:39.578197764,8.88,4.0
T0000125,M00047,2026-03-30 10:00:00,Payment,1,2026-03-30 17:46:47.904903645,7.78,5.0
T0000126,M00047,2026-05-15 20:00:00,Payment,1,2026-05-16 07:22:22.907309858,11.37,5.0
T0000129,M00048,2026-04-19 11:00:00,Payment,0,,,
T0000128,M00048,2026-05-25 19:00:00,Technical,0,,,
T0000130,M00049,2026-02-16 08:00:00,Payment,1,2026-02-17 09:39:22.745558631,25.66,4.0
T0000132,M00049,2026-03-09 11:00:00,Technical,1,2026-03-10 00:49:18.810815901,13.82,5.0
T0000131,M00049,2026-04-24 15:00:00,Account,1,2026-04-26 06:37:44.896870570,39.63,4.0
T0000136,M00050,2026-02-18 11:00:00,Operations,1,2026-02-20 13:15:23.436366584,50.26,3.0
T0000134,M00050,2026-04-25 12:00:00,Operations,1,2026-04-29 12:30:52.353507960,96.51,2.0
T0000135,M00050,2026-05-01 17:00:00,Refund/Dispute,1,2026-05-02 18:21:09.309507955,25.35,5.0
T0000133,M00050,2026-05-02 11:00:00,Technical,0,,,
T0000137,M00051,2026-05-20 09:00:00,Payment,1,2026-05-21 06:53:27.954939728,21.89,4.0
T0000138,M00052,2026-05-24 11:00:00,Operations,1,2026-05-24 20:06:08.556798794,9.1,4.0
T0000142,M00053,2026-02-06 20:00:00,Technical,1,2026-02-08 01:12:42.353802730,29.21,4.0
T0000139,M00053,2026-03-15 13:00:00,Refund/Dispute,1,2026-03-16 21:22:50.712263317,32.38,4.0
T0000141,M00053,2026-04-20 10:00:00,Technical,1,2026-04-21 10:28:18.107388177,24.47,5.0
T0000140,M00053,2026-05-14 09:00:00,Technical,1,2026-05-16 09:52:59.983864075,48.88,3.0
T0000144,M00054,2026-04-03 15:00:00,Account,1,2026-04-05 11:49:57.478186678,44.83,4.0
T0000145,M00054,2026-04-13 17:00:00,Account,1,2026-04-13 21:19:49.914439262,4.33,5.0
T0000143,M00054,2026-05-05 19:00:00,Operations,0,,,
T0000146,M00055,2026-02-08 19:00:00,Account,1,2026-02-10 06:21:44.777854785,35.36,4.0
T0000147,M00055,2026-02-12 08:00:00,Account,1,2026-02-12 20:54:06.449731196,12.9,5.0
T0000150,M00056,2026-02-01 10:00:00,Technical,1,2026-02-02 01:55:41.857718480,15.93,4.0
T0000149,M00056,2026-02-05 15:00:00,Refund/Dispute,1,2026-02-06 21:35:09.757527612,30.59,3.0
T0000152,M00056,2026-03-23 18:00:00,Refund/Dispute,1,2026-03-25 02:06:13.934806524,32.1,4.0
T0000151,M00056,2026-05-13 13:00:00,Operations,1,2026-05-14 12:17:37.555616508,23.29,4.0
T0000148,M00056,2026-05-22 20:00:00,Refund/Dispute,0,,,
T0000156,M00057,2026-02-11 14:00:00,Operations,1,2026-02-12 08:11:11.644306324,18.19,4.0
T0000154,M00057,2026-04-16 08:00:00,Technical,0,,,
T0000153,M00057,2026-04-27 10:00:00,Refund/Dispute,1,2026-04-27 23:36:32.409284781,13.61,5.0
T0000155,M00057,2026-05-19 18:00:00,Payment,0,,,
T0000158,M00058,2026-03-09 11:00:00,Operations,0,,,
T0000157,M00058,2026-04-10 10:00:00,Payment,1,2026-04-11 03:42:49.984566379,17.71,5.0
T0000159,M00058,2026-05-01 10:00:00,Technical,0,,,
T0000160,M00059,2026-05-05 18:00:00,Operations,1,2026-05-06 10:45:28.476534243,16.76,4.0
T0000164,M00060,2026-03-28 20:00:00,Technical,1,2026-03-29 08:33:35.488740600,12.56,3.0
T0000161,M00060,2026-04-02 17:00:00,Technical,1,2026-04-03 03:19:45.524733412,10.33,3.0
T0000162,M00060,2026-04-10 15:00:00,Technical,1,2026-04-12 19:20:29.975578040,52.34,3.0
T0000163,M00060,2026-05-01 13:00:00,Refund/Dispute,1,2026-05-02 05:41:29.975368740,16.69,5.0
T0000165,M00060,2026-05-04 11:00:00,Account,1,2026-05-04 19:04:39.521952678,8.08,5.0
T0000166,M00060,2026-05-07 15:00:00,Payment,1,2026-05-08 07:37:47.501656932,16.63,4.0
T0000167,M00061,2026-02-24 12:00:00,Technical,1,2026-02-24 21:17:38.152016167,9.29,4.0
T0000169,M00062,2026-02-04 18:00:00,Technical,1,2026-02-06 07:02:16.896833887,37.04,4.0
T0000168,M00062,2026-02-20 08:00:00,Payment,1,2026-02-23 05:30:30.090761038,69.51,1.0
T0000170,M00062,2026-02-25 13:00:00,Account,1,2026-02-26 03:59:20.712592964,14.99,5.0
T0000171,M00063,2026-04-29 12:00:00,Account,1,2026-04-30 02:57:36.485797633,14.96,4.0
T0000172,M00063,2026-04-29 15:00:00,Payment,1,2026-04-30 14:36:08.029343325,23.6,4.0
T0000173,M00063,2026-05-11 18:00:00,Technical,1,2026-05-12 23:22:15.257172259,29.37,5.0
T0000174,M00064,2026-02-10 12:00:00,Payment,1,2026-02-10 19:56:05.998955722,7.93,4.0
T0000175,M00064,2026-05-19 12:00:00,Payment,1,2026-05-20 02:47:49.742053944,14.8,5.0
T0000177,M00067,2026-04-04 09:00:00,Account,1,2026-04-04 20:00:45.991742511,11.01,3.0
T0000176,M00067,2026-04-08 20:00:00,Refund/Dispute,1,2026-04-09 17:44:54.088580547,21.75,4.0
T0000179,M00068,2026-05-03 15:00:00,Operations,1,2026-05-05 01:23:35.806139149,34.39,3.0
T0000178,M00068,2026-05-08 18:00:00,Operations,1,2026-05-11 19:27:24.698616667,73.46,2.0
T0000180,M00069,2026-02-01 18:00:00,Payment,1,2026-02-02 11:33:10.852502353,17.55,5.0
T0000181,M00069,2026-02-21 19:00:00,Technical,1,2026-02-22 10:47:30.561329565,15.79,5.0
T0000182,M00071,2026-02-11 08:00:00,Technical,0,,,
T0000187,M00073,2026-02-08 14:00:00,Payment,0,,,
T0000185,M00073,2026-05-09 15:00:00,Account,0,,,
T0000186,M00073,2026-05-12 17:00:00,Account,0,,,
T0000183,M00073,2026-05-13 20:00:00,Technical,1,2026-05-14 07:11:10.289681617,11.19,4.0
T0000184,M00073,2026-05-16 09:00:00,Refund/Dispute,1,2026-05-16 18:08:42.951570795,9.15,4.0
T0000188,M00074,2026-03-29 12:00:00,Refund/Dispute,1,2026-03-30 07:35:28.041405561,19.59,5.0
T0000189,M00074,2026-04-13 14:00:00,Payment,1,2026-04-14 01:22:54.051701718,11.38,5.0
T0000190,M00074,2026-05-01 18:00:00,Operations,0,,,
T0000191,M00074,2026-05-08 20:00:00,Technical,1,2026-05-09 04:31:00.489884692,8.52,4.0
T0000196,M00075,2026-02-01 08:00:00,Account,1,2026-02-03 03:45:00.333442418,43.75,3.0
T0000192,M00075,2026-02-11 09:00:00,Operations,1,2026-02-12 05:43:28.671052245,20.72,4.0
T0000195,M00075,2026-02-18 08:00:00,Account,0,,,
T0000194,M00075,2026-02-25 08:00:00,Account,1,2026-02-28 11:20:46.460290592,75.35,3.0
T0000197,M00075,2026-04-07 17:00:00,Operations,1,2026-04-09 19:45:28.198691254,50.76,3.0
T0000193,M00075,2026-05-06 14:00:00,Payment,1,2026-05-07 00:42:47.793953718,10.71,4.0
T0000202,M00076,2026-02-09 20:00:00,Payment,1,2026-02-10 14:00:17.855575297,18.0,4.0
T0000199,M00076,2026-02-15 16:00:00,Technical,1,2026-02-16 04:08:56.789985328,12.15,4.0
T0000198,M00076,2026-02-21 08:00:00,Operations,1,2026-02-22 02:35:28.033149800,18.59,4.0
T0000200,M00076,2026-05-06 12:00:00,Payment,1,2026-05-07 04:03:19.935995616,16.06,5.0
T0000201,M00076,2026-05-28 09:00:00,Refund/Dispute,1,2026-05-28 16:54:12.581457174,7.9,5.0
T0000203,M00078,2026-04-10 18:00:00,Payment,1,2026-04-11 09:38:26.474187660,15.64,4.0
T0000204,M00078,2026-05-13 08:00:00,Operations,1,2026-05-14 11:25:38.971545171,27.43,4.0
T0000205,M00079,2026-05-05 09:00:00,Refund/Dispute,1,2026-05-06 01:59:51.804797917,17.0,4.0
T0000207,M00080,2026-02-02 12:00:00,Operations,1,2026-02-02 21:13:10.154253576,9.22,5.0
T0000208,M00080,2026-05-18 14:00:00,Payment,0,,,
T0000206,M00080,2026-05-30 19:00:00,Payment,0,,,
T0000210,M00081,2026-02-15 11:00:00,Account,0,,,
T0000209,M00081,2026-03-09 18:00:00,Account,1,2026-03-10 03:38:24.197667543,9.64,5.0
T0000211,M00081,2026-05-24 18:00:00,Payment,1,2026-05-26 05:52:38.137723240,35.88,4.0
T0000213,M00082,2026-02-25 11:00:00,Operations,1,2026-02-26 20:25:11.045306233,33.42,4.0
T0000212,M00082,2026-05-11 10:00:00,Technical,1,2026-05-12 22:30:44.238161433,36.51,3.0
T0000217,M00083,2026-03-30 18:00:00,Technical,1,2026-03-31 15:21:18.855243446,21.36,4.0
T0000214,M00083,2026-04-25 18:00:00,Technical,0,,,
T0000216,M00083,2026-04-26 15:00:00,Technical,1,2026-04-27 21:48:49.881556314,30.81,4.0
T0000215,M00083,2026-04-28 17:00:00,Operations,1,2026-04-29 04:29:26.184255230,11.49,4.0
T0000219,M00084,2026-05-12 16:00:00,Refund/Dispute,1,2026-05-13 07:11:09.889935025,15.19,5.0
T0000218,M00084,2026-05-22 09:00:00,Account,1,2026-05-23 12:33:02.219088538,27.55,3.0
T0000220,M00085,2026-02-06 17:00:00,Technical,1,2026-02-07 08:41:54.483963759,15.7,4.0
T0000222,M00085,2026-03-14 15:00:00,Refund/Dispute,0,,,
T0000221,M00085,2026-03-22 09:00:00,Operations,1,2026-03-22 15:26:53.582480235,6.45,4.0
T0000224,M00085,2026-03-23 16:00:00,Operations,1,2026-03-24 07:23:02.783964332,15.38,5.0
T0000223,M00085,2026-04-10 19:00:00,Refund/Dispute,1,2026-04-12 04:07:12.823897231,33.12,4.0
T0000226,M00086,2026-02-14 13:00:00,Operations,1,2026-02-15 09:23:07.890373582,20.39,3.0
T0000225,M00086,2026-02-24 18:00:00,Operations,1,2026-02-25 03:13:46.068682490,9.23,4.0
T0000227,M00086,2026-05-31 08:00:00,Account,0,,,
T0000228,M00087,2026-05-04 14:00:00,Technical,1,2026-05-05 08:43:25.313735694,18.72,4.0
T0000229,M00087,2026-05-29 18:00:00,Operations,0,,,
T0000230,M00089,2026-02-28 20:00:00,Account,1,2026-03-01 05:49:04.721030896,9.82,5.0
T0000231,M00089,2026-03-23 12:00:00,Operations,1,2026-03-24 02:39:37.750886467,14.66,5.0
T0000233,M00090,2026-04-10 10:00:00,Operations,1,2026-04-11 14:44:02.951267967,28.73,4.0
T0000232,M00090,2026-05-28 19:00:00,Account,1,2026-05-29 20:56:22.078904103,25.94,4.0
T0000235,M00091,2026-02-24 20:00:00,Operations,1,2026-02-25 06:45:04.857552478,10.75,4.0
T0000234,M00091,2026-03-30 15:00:00,Account,1,2026-03-31 11:23:42.511302250,20.4,5.0
T0000238,M00092,2026-03-03 09:00:00,Operations,1,2026-03-04 07:00:21.934404583,22.01,4.0
T0000237,M00092,2026-03-23 18:00:00,Payment,1,2026-03-24 22:34:29.128158688,28.57,5.0
T0000236,M00092,2026-04-03 10:00:00,Operations,1,2026-04-05 18:35:01.906379437,56.58,3.0
T0000239,M00092,2026-04-18 17:00:00,Payment,0,,,
T0000240,M00092,2026-04-21 13:00:00,Refund/Dispute,1,2026-04-22 02:51:26.393252540,13.86,4.0
T0000242,M00093,2026-03-02 17:00:00,Operations,1,2026-03-03 17:26:58.338992180,24.45,5.0
T0000241,M00093,2026-03-22 17:00:00,Payment,1,2026-03-23 00:51:50.065093083,7.86,4.0
T0000243,M00094,2026-03-12 17:00:00,Refund/Dispute,1,2026-03-13 15:09:40.867841592,22.16,3.0
T0000244,M00094,2026-04-07 19:00:00,Refund/Dispute,1,2026-04-08 08:40:32.271600039,13.68,5.0
T0000245,M00094,2026-05-05 09:00:00,Account,1,2026-05-05 16:34:42.558099607,7.58,5.0
T0000246,M00095,2026-02-03 09:00:00,Operations,1,2026-02-04 00:33:52.029957193,15.56,4.0
T0000247,M00095,2026-03-22 09:00:00,Operations,1,2026-03-23 10:30:59.369117594,25.52,5.0
T0000248,M00096,2026-04-06 12:00:00,Account,1,2026-04-07 05:09:09.021535293,17.15,4.0
T0000250,M00097,2026-02-01 17:00:00,Account,1,2026-02-02 05:49:55.441129234,12.83,5.0
T0000251,M00097,2026-02-08 16:00:00,Operations,1,2026-02-09 08:34:27.271443165,16.57,4.0
T0000253,M00097,2026-04-18 19:00:00,Operations,1,2026-04-19 10:11:09.074446594,15.19,4.0
T0000249,M00097,2026-05-18 17:00:00,Technical,0,,,
T0000252,M00097,2026-05-30 17:00:00,Payment,1,2026-05-31 13:25:26.494224466,20.42,5.0
T0000256,M00098,2026-02-03 13:00:00,Technical,1,2026-02-04 08:16:04.401940306,19.27,4.0
T0000257,M00098,2026-02-10 09:00:00,Technical,1,2026-02-10 20:45:19.490821470,11.76,5.0
T0000258,M00098,2026-02-10 20:00:00,Operations,1,2026-02-12 08:05:03.679672340,36.08,4.0
T0000254,M00098,2026-02-25 12:00:00,Operations,1,2026-02-27 12:17:15.655700853,48.29,2.0
T0000255,M00098,2026-04-18 20:00:00,Account,1,2026-04-19 12:48:45.671779728,16.81,4.0
T0000259,M00099,2026-02-01 15:00:00,Refund/Dispute,1,2026-02-02 04:39:50.546959786,13.66,5.0
T0000261,M00099,2026-02-12 09:00:00,Operations,1,2026-02-13 01:59:09.581211592,16.99,5.0
T0000260,M00099,2026-05-01 13:00:00,Technical,1,2026-05-04 16:39:33.605388007,75.66,2.0
T0000263,M00100,2026-02-24 19:00:00,Payment,1,2026-02-25 08:06:23.109986674,13.11,5.0
T0000262,M00100,2026-05-01 16:00:00,Account,1,2026-05-02 03:52:22.557917366,11.87,5.0
T0000264,M00101,2026-02-28 10:00:00,Technical,1,2026-02-28 18:22:25.370940669,8.37,4.0
T0000265,M00101,2026-03-25 10:00:00,Refund/Dispute,1,2026-03-26 05:39:50.287938339,19.66,5.0
T0000266,M00101,2026-05-12 18:00:00,Payment,1,2026-05-13 12:46:50.310500646,18.78,5.0
T0000267,M00102,2026-02-21 13:00:00,Payment,0,,,
T0000268,M00102,2026-05-18 18:00:00,Technical,1,2026-05-19 15:14:22.790258865,21.24,3.0
T0000271,M00103,2026-02-04 10:00:00,Account,1,2026-02-05 14:48:09.819516772,28.8,4.0
T0000269,M00103,2026-02-06 16:00:00,Operations,1,2026-02-07 03:33:12.530119942,11.55,3.0
T0000270,M00103,2026-05-22 18:00:00,Technical,1,2026-05-23 15:25:14.070429786,21.42,5.0
T0000273,M00104,2026-03-02 11:00:00,Technical,1,2026-03-02 20:51:49.119861610,9.86,5.0
T0000272,M00104,2026-05-18 20:00:00,Payment,1,2026-05-19 00:47:56.168847121,4.8,4.0
T0000274,M00105,2026-04-20 17:00:00,Refund/Dispute,1,2026-04-21 07:31:30.276454130,14.53,4.0
T0000276,M00107,2026-04-23 13:00:00,Account,1,2026-04-24 05:51:15.719247014,16.85,4.0
T0000275,M00107,2026-05-12 11:00:00,Refund/Dispute,1,2026-05-12 22:39:33.029531618,11.66,3.0
T0000277,M00108,2026-03-17 09:00:00,Account,1,2026-03-19 14:26:19.929696183,53.44,3.0
T0000278,M00108,2026-04-17 12:00:00,Operations,1,2026-04-18 06:21:53.565665504,18.36,5.0
T0000279,M00108,2026-05-03 20:00:00,Payment,1,2026-05-04 10:12:30.690634158,14.21,5.0
T0000281,M00109,2026-02-11 16:00:00,Payment,1,2026-02-12 14:01:41.800881810,22.03,5.0
T0000280,M00109,2026-04-04 18:00:00,Account,1,2026-04-05 17:16:37.586171262,23.28,4.0
T0000283,M00110,2026-02-26 13:00:00,Technical,1,2026-02-26 18:20:16.805371920,5.34,4.0
T0000282,M00110,2026-03-20 14:00:00,Technical,1,2026-03-22 04:36:04.714735100,38.6,4.0
T0000284,M00111,2026-03-10 08:00:00,Payment,1,2026-03-11 07:43:44.763863098,23.73,3.0
T0000285,M00111,2026-03-11 08:00:00,Technical,1,2026-03-12 01:06:09.898314559,17.1,5.0
T0000286,M00111,2026-03-28 09:00:00,Technical,0,,,
T0000288,M00112,2026-03-27 13:00:00,Payment,1,2026-03-27 22:23:57.855737670,9.4,5.0
T0000287,M00112,2026-03-27 17:00:00,Operations,1,2026-03-28 13:18:40.925229267,20.31,4.0
T0000289,M00112,2026-04-28 08:00:00,Technical,1,2026-04-28 17:24:17.423749771,9.4,4.0
T0000291,M00113,2026-03-11 17:00:00,Account,1,2026-03-13 21:42:43.178506862,52.71,3.0
T0000290,M00113,2026-04-06 15:00:00,Technical,0,,,
T0000292,M00114,2026-03-27 19:00:00,Technical,0,,,
T0000293,M00114,2026-03-28 08:00:00,Refund/Dispute,1,2026-03-28 23:15:13.480922152,15.25,4.0
T0000295,M00114,2026-04-08 10:00:00,Refund/Dispute,1,2026-04-09 04:15:49.423299609,18.26,5.0
T0000294,M00114,2026-05-07 20:00:00,Technical,1,2026-05-09 05:38:36.084453460,33.64,5.0
T0000298,M00115,2026-03-12 10:00:00,Account,0,,,
T0000297,M00115,2026-04-28 16:00:00,Technical,1,2026-04-29 18:23:00.432645806,26.38,4.0
T0000296,M00115,2026-04-30 20:00:00,Payment,1,2026-05-01 16:55:01.694704940,20.92,4.0
T0000299,M00116,2026-03-28 14:00:00,Technical,1,2026-03-29 17:39:50.393550916,27.66,3.0
T0000301,M00117,2026-02-14 16:00:00,Payment,0,,,
T0000300,M00117,2026-02-15 18:00:00,Account,1,2026-02-16 11:03:57.762363016,17.07,4.0
T0000302,M00118,2026-05-08 16:00:00,Operations,1,2026-05-09 14:10:01.707637324,22.17,4.0
T0000304,M00119,2026-02-22 13:00:00,Payment,1,2026-02-23 08:32:03.456182662,19.53,3.0
T0000306,M00119,2026-02-24 18:00:00,Operations,1,2026-02-25 16:15:29.492671183,22.26,4.0
T0000305,M00119,2026-04-09 19:00:00,Operations,0,,,
T0000303,M00119,2026-05-27 14:00:00,Refund/Dispute,1,2026-05-29 07:26:46.490873578,41.45,4.0
T0000309,M00120,2026-04-15 15:00:00,Operations,1,2026-04-16 12:11:28.775679324,21.19,4.0
T0000307,M00120,2026-04-23 18:00:00,Account,1,2026-04-24 04:18:45.338599767,10.31,4.0
T0000308,M00120,2026-04-24 12:00:00,Operations,1,2026-04-25 08:29:08.196502974,20.49,5.0
T0000312,M00121,2026-02-20 17:00:00,Payment,1,2026-02-21 13:13:48.126360277,20.23,4.0
T0000310,M00121,2026-02-27 19:00:00,Technical,0,,,
T0000311,M00121,2026-04-29 08:00:00,Payment,1,2026-04-30 02:21:45.911907140,18.36,5.0
T0000314,M00122,2026-03-17 10:00:00,Payment,1,2026-03-17 21:55:51.367392123,11.93,5.0
T0000315,M00122,2026-03-29 20:00:00,Account,1,2026-03-30 14:53:02.111827405,18.88,3.0
T0000313,M00122,2026-04-16 19:00:00,Payment,1,2026-04-17 15:38:24.891649512,20.64,3.0
T0000317,M00123,2026-05-15 20:00:00,Payment,1,2026-05-16 10:11:13.046855514,14.19,4.0
T0000316,M00123,2026-05-24 14:00:00,Operations,1,2026-05-26 22:10:46.486309584,56.18,4.0
T0000318,M00124,2026-02-06 14:00:00,Technical,1,2026-02-07 04:27:52.109334460,14.46,3.0
T0000319,M00126,2026-03-26 08:00:00,Refund/Dispute,1,2026-03-28 16:35:20.685083665,56.59,2.0
T0000320,M00126,2026-04-05 09:00:00,Refund/Dispute,1,2026-04-06 02:45:01.423179964,17.75,5.0
T0000321,M00126,2026-04-11 18:00:00,Technical,1,2026-04-12 09:05:19.688682735,15.09,3.0
T0000322,M00127,2026-02-09 08:00:00,Technical,1,2026-02-10 01:28:15.424226659,17.47,4.0
T0000324,M00127,2026-03-21 19:00:00,Technical,1,2026-03-22 01:42:41.871362364,6.71,4.0
T0000323,M00127,2026-03-31 09:00:00,Refund/Dispute,1,2026-03-31 18:15:47.016005612,9.26,4.0
T0000325,M00128,2026-02-11 18:00:00,Payment,1,2026-02-12 07:31:43.002085494,13.53,5.0
T0000327,M00128,2026-03-07 20:00:00,Account,1,2026-03-08 04:41:34.577715966,8.69,4.0
T0000326,M00128,2026-03-13 08:00:00,Technical,1,2026-03-14 03:42:29.754513547,19.71,4.0
T0000328,M00129,2026-05-04 18:00:00,Payment,1,2026-05-05 22:04:32.389136839,28.08,3.0
T0000329,M00130,2026-04-09 11:00:00,Payment,1,2026-04-10 22:55:59.617803349,35.93,4.0
T0000332,M00131,2026-02-16 19:00:00,Operations,0,,,
T0000331,M00131,2026-03-28 14:00:00,Technical,1,2026-03-28 20:50:33.634295854,6.84,4.0
T0000330,M00131,2026-04-03 08:00:00,Account,0,,,
T0000334,M00133,2026-03-15 10:00:00,Technical,1,2026-03-16 17:48:19.203417244,31.81,4.0
T0000333,M00133,2026-05-01 09:00:00,Technical,1,2026-05-01 21:55:03.227450926,12.92,5.0
T0000335,M00134,2026-03-27 19:00:00,Operations,1,2026-03-28 09:53:12.548145123,14.89,4.0
T0000336,M00134,2026-04-14 14:00:00,Payment,1,2026-04-15 13:25:46.698781630,23.43,4.0
T0000337,M00134,2026-05-18 12:00:00,Technical,1,2026-05-19 00:36:55.708138681,12.62,4.0
T0000338,M00135,2026-02-19 12:00:00,Refund/Dispute,1,2026-02-20 07:59:22.798756302,19.99,5.0
T0000340,M00136,2026-02-03 12:00:00,Refund/Dispute,1,2026-02-04 03:41:58.560672393,15.7,4.0
T0000342,M00136,2026-03-15 18:00:00,Payment,1,2026-03-17 05:01:11.234399318,35.02,5.0
T0000339,M00136,2026-03-29 09:00:00,Refund/Dispute,1,2026-03-30 04:28:14.296701219,19.47,5.0
T0000341,M00136,2026-05-10 19:00:00,Account,1,2026-05-11 02:43:06.399963714,7.72,4.0
T0000348,M00137,2026-02-01 13:00:00,Account,1,2026-02-02 02:52:48.388333072,13.88,4.0
T0000343,M00137,2026-02-09 13:00:00,Account,1,2026-02-09 22:07:07.038369422,9.12,4.0
T0000345,M00137,2026-02-26 13:00:00,Payment,1,2026-02-28 14:53:05.650688047,49.88,3.0
T0000347,M00137,2026-02-27 09:00:00,Refund/Dispute,1,2026-02-28 02:42:21.314090595,17.71,5.0
T0000346,M00137,2026-03-13 18:00:00,Operations,1,2026-03-14 08:36:24.245500183,14.61,4.0
T0000344,M00137,2026-04-21 10:00:00,Account,1,2026-04-22 13:01:33.050849293,27.03,3.0
T0000349,M00137,2026-05-22 11:00:00,Payment,1,2026-05-23 12:24:07.936522956,25.4,5.0
T0000350,M00138,2026-02-18 12:00:00,Payment,1,2026-02-19 00:11:38.651281116,12.19,5.0
T0000351,M00138,2026-03-01 17:00:00,Operations,1,2026-03-02 00:31:55.923720060,7.53,3.0
T0000352,M00139,2026-02-04 20:00:00,Account,1,2026-02-05 18:00:32.395437435,22.01,5.0
T0000354,M00139,2026-05-17 15:00:00,Technical,0,,,
T0000353,M00139,2026-05-24 15:00:00,Payment,1,2026-05-24 23:20:52.644614776,8.35,5.0
T0000355,M00140,2026-02-12 12:00:00,Account,1,2026-02-13 08:58:46.889638140,20.98,5.0
T0000358,M00141,2026-02-16 16:00:00,Operations,1,2026-02-17 02:39:51.745772361,10.66,5.0
T0000359,M00141,2026-04-10 17:00:00,Payment,1,2026-04-11 18:24:52.639010809,25.41,4.0
T0000356,M00141,2026-04-12 12:00:00,Payment,1,2026-04-13 14:57:31.219024381,26.96,5.0
T0000357,M00141,2026-05-29 08:00:00,Refund/Dispute,1,2026-05-30 19:13:22.628225834,35.22,4.0
T0000361,M00142,2026-04-08 10:00:00,Refund/Dispute,1,2026-04-09 00:18:14.495219884,14.3,5.0
T0000360,M00142,2026-04-11 13:00:00,Technical,1,2026-04-14 10:10:26.329409374,69.17,3.0
T0000362,M00143,2026-04-05 11:00:00,Payment,1,2026-04-05 22:59:26.649181986,11.99,5.0
T0000363,M00143,2026-04-24 11:00:00,Operations,1,2026-04-24 20:55:39.196018664,9.93,5.0
T0000364,M00144,2026-02-28 12:00:00,Payment,1,2026-03-01 06:28:39.627963008,18.48,4.0
T0000366,M00144,2026-03-25 08:00:00,Technical,1,2026-03-25 12:38:50.841945391,4.65,4.0
T0000365,M00144,2026-05-27 17:00:00,Technical,0,,,
T0000367,M00145,2026-03-12 20:00:00,Account,1,2026-03-14 03:13:56.902051524,31.23,4.0
T0000368,M00145,2026-03-16 13:00:00,Account,1,2026-03-17 05:29:31.517040516,16.49,5.0
T0000371,M00146,2026-02-22 20:00:00,Operations,1,2026-02-24 06:52:40.710001047,34.88,5.0
T0000369,M00146,2026-04-20 15:00:00,Operations,1,2026-04-20 21:17:32.002283374,6.29,5.0
T0000370,M00146,2026-05-22 08:00:00,Refund/Dispute,1,2026-05-23 20:04:59.392200442,36.08,5.0
T0000373,M00147,2026-02-05 19:00:00,Operations,0,,,
T0000372,M00147,2026-05-07 15:00:00,Refund/Dispute,1,2026-05-08 06:53:13.738867378,15.89,5.0
T0000374,M00147,2026-05-15 09:00:00,Account,1,2026-05-15 19:22:36.004992016,10.38,5.0
T0000375,M00148,2026-05-01 08:00:00,Operations,1,2026-05-01 10:56:01.326864328,2.93,5.0
T0000376,M00149,2026-02-21 19:00:00,Refund/Dispute,1,2026-02-22 10:59:02.409343677,15.98,5.0
T0000378,M00150,2026-02-26 11:00:00,Operations,1,2026-03-02 07:05:19.119101643,92.09,1.0
T0000377,M00150,2026-03-07 08:00:00,Account,0,,,
T0000382,M00151,2026-03-02 11:00:00,Payment,1,2026-03-03 07:55:48.449432654,20.93,5.0
T0000380,M00151,2026-04-04 16:00:00,Operations,1,2026-04-05 18:17:04.812872431,26.28,4.0
T0000379,M00151,2026-05-17 13:00:00,Technical,0,,,
T0000381,M00151,2026-05-26 14:00:00,Operations,1,2026-05-27 14:08:20.654115349,24.14,3.0
T0000384,M00152,2026-02-18 09:00:00,Technical,1,2026-02-18 21:19:11.399961457,12.32,4.0
T0000383,M00152,2026-04-10 13:00:00,Account,1,2026-04-11 02:47:48.568229462,13.8,4.0
T0000385,M00153,2026-05-07 18:00:00,Refund/Dispute,1,2026-05-08 08:43:08.146680751,14.72,5.0
T0000386,M00153,2026-05-09 19:00:00,Account,1,2026-05-10 08:36:38.899157360,13.61,5.0
T0000387,M00154,2026-04-29 11:00:00,Operations,1,2026-04-30 01:40:19.886529975,14.67,4.0
T0000388,M00154,2026-05-07 09:00:00,Payment,1,2026-05-07 20:22:39.265135744,11.38,5.0
T0000391,M00155,2026-02-01 11:00:00,Operations,1,2026-02-01 15:46:53.278688776,4.78,4.0
T0000393,M00155,2026-02-02 15:00:00,Technical,1,2026-02-03 15:02:39.440789523,24.04,4.0
T0000394,M00155,2026-02-18 19:00:00,Account,1,2026-02-19 14:59:00.585667870,19.98,4.0
T0000390,M00155,2026-03-04 16:00:00,Operations,1,2026-03-05 05:25:54.143953417,13.43,5.0
T0000395,M00155,2026-04-11 10:00:00,Operations,1,2026-04-12 04:18:00.497998940,18.3,5.0
T0000392,M00155,2026-05-11 19:00:00,Refund/Dispute,1,2026-05-13 14:17:28.435527999,43.29,3.0
T0000389,M00155,2026-05-16 08:00:00,Operations,1,2026-05-16 18:14:49.347683700,10.25,5.0
T0000398,M00157,2026-02-24 14:00:00,Account,1,2026-02-25 16:10:00.461235918,26.17,5.0
T0000397,M00157,2026-04-24 16:00:00,Account,1,2026-04-25 04:56:51.562338435,12.95,5.0
T0000396,M00157,2026-05-19 09:00:00,Account,1,2026-05-19 20:39:28.472010937,11.66,5.0
T0000399,M00157,2026-05-27 15:00:00,Operations,1,2026-05-28 08:49:32.718888051,17.83,5.0
T0000400,M00158,2026-05-30 13:00:00,Operations,1,2026-05-30 20:55:56.449073827,7.93,5.0
T0000401,M00160,2026-02-01 09:00:00,Account,1,2026-02-01 20:17:33.814570466,11.29,5.0
T0000402,M00161,2026-03-15 11:00:00,Technical,1,2026-03-16 16:55:37.179347642,29.93,4.0
T0000403,M00162,2026-05-29 09:00:00,Refund/Dispute,1,2026-05-30 08:45:46.579679330,23.76,4.0
T0000404,M00162,2026-05-30 10:00:00,Payment,1,2026-05-31 06:36:41.919165230,20.61,5.0
T0000405,M00163,2026-05-14 18:00:00,Account,1,2026-05-15 23:28:41.283933945,29.48,4.0
T0000406,M00164,2026-05-22 16:00:00,Technical,0,,,
T0000407,M00164,2026-05-23 17:00:00,Technical,1,2026-05-24 16:05:29.857188206,23.09,5.0
T0000410,M00165,2026-02-22 16:00:00,Account,1,2026-02-23 03:31:17.737769222,11.52,5.0
T0000408,M00165,2026-04-04 13:00:00,Operations,1,2026-04-05 07:03:24.221299071,18.06,5.0
T0000411,M00165,2026-05-07 20:00:00,Operations,1,2026-05-08 23:00:34.729830975,27.01,4.0
T0000409,M00165,2026-05-15 08:00:00,Technical,0,,,
T0000413,M00166,2026-03-07 08:00:00,Payment,1,2026-03-07 21:36:28.760531940,13.61,5.0
T0000414,M00166,2026-04-23 12:00:00,Payment,1,2026-04-23 23:56:18.947487501,11.94,4.0
T0000412,M00166,2026-05-14 09:00:00,Technical,1,2026-05-15 11:19:07.169612347,26.32,4.0
T0000415,M00167,2026-03-09 14:00:00,Technical,1,2026-03-11 05:51:15.095340039,39.85,5.0
T0000416,M00167,2026-05-01 18:00:00,Refund/Dispute,0,,,
T0000418,M00168,2026-02-15 13:00:00,Refund/Dispute,1,2026-02-15 19:01:14.372888062,6.02,5.0
T0000419,M00168,2026-05-02 11:00:00,Payment,1,2026-05-02 23:16:30.672474207,12.28,5.0
T0000417,M00168,2026-05-07 17:00:00,Technical,1,2026-05-09 04:46:25.557215912,35.77,5.0
T0000421,M00169,2026-03-31 09:00:00,Operations,1,2026-03-31 13:09:05.298599433,4.15,5.0
T0000420,M00169,2026-05-22 14:00:00,Account,1,2026-05-23 05:23:03.941821867,15.38,5.0
T0000423,M00170,2026-02-07 09:00:00,Refund/Dispute,1,2026-02-09 01:14:39.482464506,40.24,3.0
T0000425,M00170,2026-02-17 13:00:00,Operations,1,2026-02-18 00:09:25.224342847,11.16,5.0
T0000424,M00170,2026-03-09 16:00:00,Account,1,2026-03-10 01:17:29.749985664,9.29,5.0
T0000426,M00170,2026-05-02 12:00:00,Technical,1,2026-05-03 06:09:18.445980758,18.16,4.0
T0000422,M00170,2026-05-26 20:00:00,Account,0,,,
T0000428,M00171,2026-02-01 09:00:00,Refund/Dispute,1,2026-02-02 10:22:10.710106939,25.37,5.0
T0000429,M00171,2026-02-24 13:00:00,Operations,1,2026-02-27 14:56:35.429108294,73.94,3.0
T0000433,M00171,2026-03-13 12:00:00,Refund/Dispute,1,2026-03-14 18:41:51.189623962,30.7,4.0
T0000432,M00171,2026-03-22 08:00:00,Operations,1,2026-03-23 13:29:53.053503874,29.5,3.0
T0000430,M00171,2026-03-28 09:00:00,Payment,1,2026-03-29 03:23:24.755273811,18.39,3.0
T0000431,M00171,2026-04-22 09:00:00,Operations,1,2026-04-23 00:26:53.877181693,15.45,4.0
T0000427,M00171,2026-04-28 19:00:00,Refund/Dispute,1,2026-04-30 19:20:21.305676177,48.34,3.0
T0000434,M00172,2026-03-05 17:00:00,Payment,1,2026-03-05 21:27:15.186903598,4.45,5.0
T0000435,M00172,2026-05-07 13:00:00,Account,1,2026-05-08 05:17:33.967821749,16.29,3.0
T0000436,M00173,2026-02-16 19:00:00,Refund/Dispute,1,2026-02-17 10:42:27.125789799,15.71,4.0
T0000439,M00174,2026-02-04 17:00:00,Payment,1,2026-02-06 18:27:52.821283514,49.46,3.0
T0000438,M00174,2026-03-07 15:00:00,Payment,1,2026-03-08 16:03:14.334162998,25.05,4.0
T0000437,M00174,2026-04-02 13:00:00,Refund/Dispute,1,2026-04-05 05:08:25.484076031,64.14,3.0
T0000441,M00175,2026-04-15 08:00:00,Account,1,2026-04-16 22:38:54.595668375,38.65,3.0
T0000440,M00175,2026-05-29 15:00:00,Refund/Dispute,1,2026-05-30 16:32:34.007952022,25.54,4.0
T0000443,M00176,2026-02-05 20:00:00,Refund/Dispute,1,2026-02-06 12:31:44.932888614,16.53,5.0
T0000442,M00176,2026-04-04 13:00:00,Payment,1,2026-04-05 04:19:07.179606386,15.32,4.0
T0000445,M00177,2026-03-22 10:00:00,Account,1,2026-03-23 22:54:41.227977589,36.91,4.0
T0000444,M00177,2026-04-17 09:00:00,Refund/Dispute,1,2026-04-19 20:37:21.806079168,59.62,3.0
T0000447,M00178,2026-04-09 20:00:00,Payment,0,,,
T0000446,M00178,2026-04-10 08:00:00,Payment,1,2026-04-10 13:59:20.712815246,5.99,4.0
T0000452,M00179,2026-02-07 19:00:00,Technical,1,2026-02-08 01:26:08.764265626,6.44,4.0
T0000450,M00179,2026-02-20 10:00:00,Operations,1,2026-02-21 04:20:24.259535682,18.34,5.0
T0000449,M00179,2026-03-01 16:00:00,Account,1,2026-03-02 11:33:24.355300726,19.56,4.0
T0000448,M00179,2026-03-22 19:00:00,Account,1,2026-03-23 14:10:56.353012111,19.18,4.0
T0000453,M00179,2026-05-12 10:00:00,Technical,1,2026-05-12 18:17:44.711735762,8.3,5.0
T0000451,M00179,2026-05-12 11:00:00,Technical,1,2026-05-13 22:41:18.725488231,35.69,4.0
T0000454,M00180,2026-04-23 08:00:00,Account,1,2026-04-23 17:22:14.190763162,9.37,5.0
T0000455,M00180,2026-04-25 19:00:00,Operations,1,2026-04-26 13:42:58.598174023,18.72,4.0
T0000458,M00181,2026-02-04 14:00:00,Refund/Dispute,1,2026-02-05 16:47:09.056674057,26.79,5.0
T0000457,M00181,2026-04-07 19:00:00,Operations,1,2026-04-09 00:26:21.926335833,29.44,4.0
T0000456,M00181,2026-05-20 15:00:00,Refund/Dispute,1,2026-05-21 12:38:55.524290640,21.65,4.0
T0000460,M00182,2026-03-18 09:00:00,Refund/Dispute,0,,,
T0000459,M00182,2026-03-22 08:00:00,Technical,1,2026-03-22 19:53:41.373090769,11.89,3.0
T0000462,M00182,2026-04-12 12:00:00,Refund/Dispute,1,2026-04-14 07:47:31.152761923,43.79,4.0
T0000461,M00182,2026-04-16 15:00:00,Payment,1,2026-04-17 04:42:13.798243958,13.7,5.0
T0000463,M00183,2026-02-27 13:00:00,Account,1,2026-02-27 22:35:05.695614207,9.58,4.0
T0000464,M00183,2026-05-31 12:00:00,Account,1,2026-05-31 21:04:32.775632612,9.08,4.0
T0000465,M00184,2026-04-19 11:00:00,Refund/Dispute,1,2026-04-20 12:43:21.250530267,25.72,4.0
T0000467,M00185,2026-02-01 19:00:00,Operations,1,2026-02-04 00:26:23.577796287,53.44,2.0
T0000466,M00185,2026-02-17 09:00:00,Technical,1,2026-02-17 16:29:40.814301602,7.49,5.0
T0000470,M00185,2026-03-04 20:00:00,Refund/Dispute,1,2026-03-06 21:08:07.660474303,49.14,4.0
T0000468,M00185,2026-04-04 13:00:00,Refund/Dispute,1,2026-04-05 09:19:10.936690726,20.32,5.0
T0000469,M00185,2026-05-22 13:00:00,Payment,1,2026-05-22 23:29:34.871413153,10.49,5.0
T0000473,M00186,2026-02-05 17:00:00,Account,1,2026-02-06 13:14:37.516275909,20.24,5.0
T0000472,M00186,2026-02-13 12:00:00,Account,1,2026-02-14 03:45:58.365752385,15.77,4.0
T0000471,M00186,2026-03-09 13:00:00,Account,0,,,
T0000475,M00186,2026-04-12 14:00:00,Technical,0,,,
T0000474,M00186,2026-05-20 12:00:00,Technical,0,,,
T0000477,M00187,2026-02-16 09:00:00,Refund/Dispute,1,2026-02-17 03:24:04.954276684,18.4,4.0
T0000476,M00187,2026-03-01 14:00:00,Refund/Dispute,1,2026-03-03 16:31:11.385382951,50.52,3.0
T0000478,M00188,2026-03-12 12:00:00,Refund/Dispute,1,2026-03-13 08:42:50.202816760,20.71,5.0
T0000479,M00188,2026-05-30 18:00:00,Payment,1,2026-05-31 18:53:48.979200426,24.9,4.0
T0000481,M00189,2026-03-05 13:00:00,Refund/Dispute,1,2026-03-05 23:02:21.811596777,10.04,4.0
T0000480,M00189,2026-04-26 14:00:00,Operations,1,2026-04-26 23:06:06.529922146,9.1,5.0
T0000485,M00190,2026-02-07 10:00:00,Payment,1,2026-02-08 02:32:23.709014408,16.54,5.0
T0000483,M00190,2026-03-17 10:00:00,Account,0,,,
T0000482,M00190,2026-04-16 08:00:00,Refund/Dispute,1,2026-04-16 18:49:53.300327725,10.83,5.0
T0000484,M00190,2026-05-09 19:00:00,Refund/Dispute,1,2026-05-10 01:24:59.291302305,6.42,5.0
T0000487,M00191,2026-03-07 19:00:00,Operations,0,,,
T0000486,M00191,2026-04-04 15:00:00,Refund/Dispute,1,2026-04-05 12:04:00.842221509,21.07,4.0
T0000492,M00192,2026-02-02 20:00:00,Refund/Dispute,0,,,
T0000489,M00192,2026-02-28 19:00:00,Account,1,2026-03-01 10:36:33.429977197,15.61,4.0
T0000490,M00192,2026-03-22 17:00:00,Refund/Dispute,0,,,
T0000491,M00192,2026-04-07 18:00:00,Payment,1,2026-04-08 18:11:45.145839102,24.2,5.0
T0000488,M00192,2026-04-22 14:00:00,Account,1,2026-04-23 00:37:10.577333600,10.62,5.0
T0000493,M00193,2026-04-18 09:00:00,Refund/Dispute,1,2026-04-20 05:33:17.878095334,44.55,2.0
T0000494,M00194,2026-02-25 13:00:00,Refund/Dispute,1,2026-02-26 00:48:12.718355094,11.8,5.0
T0000495,M00194,2026-05-30 11:00:00,Operations,1,2026-05-30 20:23:12.484074591,9.39,5.0
T0000496,M00195,2026-02-05 17:00:00,Refund/Dispute,0,,,
T0000497,M00196,2026-04-13 15:00:00,Operations,1,2026-04-14 09:37:36.000356210,18.63,5.0
T0000499,M00197,2026-02-14 12:00:00,Technical,1,2026-02-15 13:25:38.264182723,25.43,5.0
T0000500,M00197,2026-02-26 18:00:00,Account,1,2026-02-27 07:22:26.608640757,13.37,5.0
T0000498,M00197,2026-04-15 11:00:00,Operations,1,2026-04-16 02:19:20.687218770,15.32,3.0
T0000501,M00197,2026-05-30 19:00:00,Technical,1,2026-05-31 07:41:36.982380429,12.69,4.0
T0000503,M00198,2026-03-30 17:00:00,Refund/Dispute,1,2026-03-31 10:00:04.752492476,17.0,5.0
T0000502,M00198,2026-05-13 14:00:00,Technical,1,2026-05-14 17:44:33.185497761,27.74,4.0
T0000504,M00199,2026-02-26 12:00:00,Refund/Dispute,1,2026-02-27 20:12:44.918343352,32.21,4.0
T0000505,M00199,2026-04-25 20:00:00,Technical,1,2026-04-26 05:38:43.386008917,9.65,5.0
T0000507,M00201,2026-02-06 18:00:00,Operations,1,2026-02-07 01:36:07.882079101,7.6,4.0
T0000506,M00201,2026-04-07 11:00:00,Technical,1,2026-04-09 17:30:59.559213798,54.52,4.0
T0000508,M00201,2026-04-14 08:00:00,Refund/Dispute,1,2026-04-14 19:03:47.240724128,11.06,5.0
T0000510,M00202,2026-02-11 17:00:00,Refund/Dispute,1,2026-02-12 00:23:59.305459606,7.4,5.0
T0000509,M00202,2026-05-27 11:00:00,Operations,1,2026-05-28 17:26:36.308188672,30.44,4.0
T0000511,M00203,2026-05-21 18:00:00,Technical,1,2026-05-22 14:00:06.734077682,20.0,3.0
T0000512,M00204,2026-04-04 19:00:00,Payment,1,2026-04-05 11:48:29.664608349,16.81,5.0
T0000514,M00204,2026-04-12 16:00:00,Operations,1,2026-04-13 11:26:13.401491708,19.44,5.0
T0000513,M00204,2026-04-12 19:00:00,Operations,1,2026-04-13 22:00:19.102875566,27.01,4.0
T0000516,M00205,2026-04-01 13:00:00,Operations,1,2026-04-02 07:54:15.255984207,18.9,4.0
T0000515,M00205,2026-05-16 14:00:00,Account,1,2026-05-18 15:17:52.300854970,49.3,4.0
T0000518,M00206,2026-03-17 08:00:00,Technical,1,2026-03-18 02:00:29.829799274,18.01,3.0
T0000517,M00206,2026-04-07 10:00:00,Account,1,2026-04-07 22:45:21.353002743,12.76,5.0
T0000519,M00207,2026-03-12 17:00:00,Technical,0,,,
T0000521,M00207,2026-04-12 16:00:00,Operations,0,,,
T0000520,M00207,2026-05-17 20:00:00,Refund/Dispute,0,,,
T0000524,M00208,2026-03-08 20:00:00,Account,1,2026-03-13 11:48:16.359806451,111.8,2.0
T0000523,M00208,2026-04-26 08:00:00,Payment,1,2026-04-27 04:13:48.032343944,20.23,5.0
T0000522,M00208,2026-05-12 15:00:00,Operations,0,,,
T0000527,M00209,2026-02-04 15:00:00,Technical,1,2026-02-06 15:23:27.550698360,48.39,3.0
T0000525,M00209,2026-03-06 14:00:00,Payment,0,,,
T0000526,M00209,2026-05-10 15:00:00,Account,0,,,
T0000529,M00211,2026-05-01 12:00:00,Technical,1,2026-05-02 08:57:03.422182460,20.95,5.0
T0000530,M00211,2026-05-29 12:00:00,Account,1,2026-05-30 00:16:12.938503951,12.27,5.0
T0000531,M00211,2026-05-29 18:00:00,Payment,1,2026-05-30 13:38:57.402344331,19.65,4.0
T0000528,M00211,2026-05-31 16:00:00,Operations,1,2026-06-01 00:16:33.415265535,8.28,5.0
T0000532,M00213,2026-03-16 12:00:00,Technical,1,2026-03-17 08:05:36.624589677,20.09,4.0
T0000533,M00213,2026-05-14 19:00:00,Account,1,2026-05-15 08:24:57.870963680,13.42,4.0
T0000534,M00213,2026-05-19 08:00:00,Refund/Dispute,1,2026-05-20 11:58:17.340656502,27.97,4.0
T0000538,M00214,2026-02-11 19:00:00,Refund/Dispute,1,2026-02-12 14:54:25.680428780,19.91,5.0
T0000535,M00214,2026-02-26 09:00:00,Technical,1,2026-02-28 16:44:16.953030027,55.74,3.0
T0000539,M00214,2026-03-04 16:00:00,Refund/Dispute,1,2026-03-05 12:25:34.618293843,20.43,5.0
T0000540,M00214,2026-03-04 17:00:00,Technical,0,,,
T0000537,M00214,2026-04-08 12:00:00,Technical,1,2026-04-09 15:42:11.367325810,27.7,5.0
T0000541,M00214,2026-04-13 08:00:00,Account,1,2026-04-15 08:13:57.160298593,48.23,4.0
T0000536,M00214,2026-05-16 16:00:00,Operations,1,2026-05-19 05:05:21.518166829,61.09,3.0
T0000542,M00215,2026-05-24 20:00:00,Refund/Dispute,1,2026-05-25 19:34:49.712476191,23.58,4.0
T0000543,M00216,2026-02-26 10:00:00,Operations,1,2026-02-27 01:46:49.554303891,15.78,4.0
T0000544,M00216,2026-05-27 18:00:00,Account,1,2026-05-28 20:55:57.079964593,26.93,3.0
T0000546,M00220,2026-02-13 13:00:00,Account,1,2026-02-14 14:35:05.048849756,25.58,5.0
T0000545,M00220,2026-04-10 09:00:00,Account,1,2026-04-10 18:08:18.416127055,9.14,5.0
T0000547,M00221,2026-03-15 12:00:00,Account,1,2026-03-16 03:42:09.744970842,15.7,4.0
T0000548,M00222,2026-04-11 10:00:00,Operations,1,2026-04-12 06:05:55.241249186,20.1,5.0
T0000549,M00222,2026-05-21 11:00:00,Operations,1,2026-05-23 02:20:24.941552067,39.34,4.0
T0000550,M00223,2026-02-18 15:00:00,Account,0,,,
T0000551,M00223,2026-03-25 17:00:00,Technical,1,2026-03-26 04:48:57.054552555,11.82,5.0
T0000556,M00224,2026-02-22 13:00:00,Account,1,2026-02-23 09:05:26.767006396,20.09,5.0
T0000554,M00224,2026-02-26 13:00:00,Account,1,2026-02-27 14:18:56.209617446,25.32,5.0
T0000552,M00224,2026-03-05 17:00:00,Technical,1,2026-03-07 03:20:46.267950418,34.35,4.0
T0000557,M00224,2026-03-06 14:00:00,Payment,1,2026-03-07 02:45:07.762305423,12.75,5.0
T0000553,M00224,2026-03-08 12:00:00,Payment,1,2026-03-08 23:24:56.465181021,11.42,5.0
T0000555,M00224,2026-03-27 11:00:00,Technical,1,2026-03-28 17:40:50.498018605,30.68,4.0
T0000560,M00225,2026-02-12 19:00:00,Account,1,2026-02-13 08:52:47.486894383,13.88,5.0
T0000559,M00225,2026-02-23 16:00:00,Account,1,2026-02-24 10:31:50.882985724,18.53,5.0
T0000558,M00225,2026-04-22 13:00:00,Account,1,2026-04-23 12:08:44.409047006,23.15,5.0
T0000562,M00226,2026-03-21 15:00:00,Refund/Dispute,1,2026-03-22 05:13:16.143668101,14.22,5.0
T0000561,M00226,2026-05-02 11:00:00,Operations,0,,,
T0000564,M00227,2026-03-21 18:00:00,Payment,1,2026-03-22 19:20:48.628063446,25.35,5.0
T0000563,M00227,2026-04-06 08:00:00,Operations,1,2026-04-07 11:10:26.091187395,27.17,5.0
T0000569,M00228,2026-02-06 12:00:00,Payment,1,2026-02-08 06:59:24.314044261,42.99,3.0
T0000566,M00228,2026-03-21 18:00:00,Account,1,2026-03-23 00:34:20.531274996,30.57,4.0
T0000567,M00228,2026-04-29 17:00:00,Technical,1,2026-04-30 08:15:45.712840888,15.26,4.0
T0000568,M00228,2026-05-07 10:00:00,Refund/Dispute,1,2026-05-08 08:10:14.999981754,22.17,4.0
T0000565,M00228,2026-05-26 18:00:00,Operations,1,2026-05-27 02:21:29.039135349,8.36,5.0
T0000571,M00229,2026-02-10 13:00:00,Technical,0,,,
T0000570,M00229,2026-04-23 14:00:00,Account,1,2026-04-24 07:16:40.841877784,17.28,4.0
T0000572,M00230,2026-03-21 14:00:00,Account,1,2026-03-22 01:17:24.515184321,11.29,5.0
T0000576,M00231,2026-02-26 18:00:00,Operations,1,2026-02-27 02:09:11.096017909,8.15,5.0
T0000573,M00231,2026-03-15 18:00:00,Technical,0,,,
T0000574,M00231,2026-05-04 20:00:00,Operations,1,2026-05-05 03:55:12.470425154,7.92,5.0
T0000575,M00231,2026-05-14 16:00:00,Technical,1,2026-05-15 15:32:43.802240632,23.55,4.0
T0000578,M00232,2026-03-06 09:00:00,Refund/Dispute,1,2026-03-08 16:26:00.464518780,55.43,4.0
T0000577,M00232,2026-04-11 15:00:00,Operations,1,2026-04-13 07:49:28.084298113,40.82,4.0
T0000579,M00232,2026-05-17 12:00:00,Account,1,2026-05-18 11:07:57.542164492,23.13,3.0
T0000581,M00233,2026-02-25 19:00:00,Refund/Dispute,1,2026-02-25 22:24:28.873988805,3.41,5.0
T0000580,M00233,2026-03-19 12:00:00,Account,1,2026-03-20 03:59:04.416393724,15.98,5.0
T0000582,M00234,2026-02-08 19:00:00,Technical,1,2026-02-09 06:36:46.837550278,11.61,4.0
T0000584,M00234,2026-02-15 11:00:00,Payment,1,2026-02-16 13:11:05.387986474,26.18,3.0
T0000583,M00234,2026-03-23 17:00:00,Account,1,2026-03-26 07:07:03.445113133,62.12,3.0
T0000585,M00235,2026-04-26 08:00:00,Technical,1,2026-04-27 04:35:01.601898687,20.58,5.0
T0000586,M00235,2026-05-01 14:00:00,Refund/Dispute,1,2026-05-02 01:13:48.193683718,11.23,5.0
T0000588,M00236,2026-02-24 16:00:00,Payment,1,2026-02-25 01:25:09.308963524,9.42,5.0
T0000587,M00236,2026-05-21 18:00:00,Account,1,2026-05-23 03:20:32.104608205,33.34,5.0
T0000589,M00238,2026-02-20 16:00:00,Payment,1,2026-02-21 12:53:52.438712316,20.9,5.0
T0000590,M00239,2026-04-03 09:00:00,Operations,0,,,
T0000591,M00239,2026-04-30 10:00:00,Technical,1,2026-05-03 13:55:41.939516190,75.93,4.0
T0000597,M00240,2026-04-13 17:00:00,Payment,1,2026-04-14 10:14:58.361856352,17.25,5.0
T0000594,M00240,2026-04-25 17:00:00,Refund/Dispute,1,2026-04-26 02:07:48.287485070,9.13,5.0
T0000596,M00240,2026-05-11 13:00:00,Payment,1,2026-05-12 16:04:43.833579852,27.08,4.0
T0000595,M00240,2026-05-16 11:00:00,Technical,1,2026-05-17 14:01:27.561166860,27.02,3.0
T0000592,M00240,2026-05-17 19:00:00,Account,0,,,
T0000593,M00240,2026-05-30 20:00:00,Payment,1,2026-05-31 21:29:22.593418436,25.49,4.0
T0000598,M00242,2026-03-15 19:00:00,Operations,1,2026-03-16 11:31:25.373628998,16.52,4.0
T0000599,M00243,2026-03-08 08:00:00,Technical,1,2026-03-08 22:00:29.149069644,14.01,5.0
T0000601,M00243,2026-04-09 10:00:00,Payment,1,2026-04-09 22:21:05.873584154,12.35,4.0
T0000602,M00243,2026-04-19 19:00:00,Refund/Dispute,1,2026-04-20 14:10:03.281276740,19.17,5.0
T0000603,M00243,2026-04-30 17:00:00,Technical,1,2026-05-01 11:04:00.936198058,18.07,5.0
T0000600,M00243,2026-05-10 12:00:00,Refund/Dispute,1,2026-05-10 18:16:23.302388211,6.27,5.0
T0000606,M00244,2026-03-01 09:00:00,Technical,0,,,
T0000605,M00244,2026-05-07 20:00:00,Operations,0,,,
T0000604,M00244,2026-05-31 10:00:00,Refund/Dispute,1,2026-06-01 03:11:51.140887796,17.2,5.0
T0000607,M00245,2026-03-16 09:00:00,Payment,1,2026-03-16 14:35:59.404450232,5.6,5.0
T0000608,M00246,2026-02-11 16:00:00,Operations,1,2026-02-12 04:57:50.043101968,12.96,5.0
T0000610,M00246,2026-02-15 08:00:00,Refund/Dispute,0,,,
T0000611,M00246,2026-02-17 17:00:00,Account,0,,,
T0000609,M00246,2026-04-03 20:00:00,Refund/Dispute,0,,,
T0000614,M00247,2026-03-06 14:00:00,Account,1,2026-03-07 00:08:46.657309592,10.15,5.0
T0000613,M00247,2026-04-11 17:00:00,Payment,0,,,
T0000612,M00247,2026-04-24 14:00:00,Refund/Dispute,1,2026-04-25 19:52:57.432763405,29.88,3.0
T0000615,M00247,2026-05-21 08:00:00,Operations,1,2026-05-21 20:21:22.928241913,12.36,4.0
T0000616,M00248,2026-04-03 15:00:00,Refund/Dispute,1,2026-04-04 18:42:43.702809130,27.71,4.0
T0000617,M00249,2026-02-04 10:00:00,Refund/Dispute,1,2026-02-05 00:32:03.701064620,14.53,5.0
T0000619,M00249,2026-04-14 10:00:00,Account,1,2026-04-16 23:06:16.197404864,61.1,3.0
T0000618,M00249,2026-04-21 12:00:00,Technical,1,2026-04-22 18:52:05.223731541,30.87,4.0
T0000620,M00249,2026-04-21 16:00:00,Account,1,2026-04-22 05:40:28.608112812,13.67,4.0
T0000623,M00250,2026-03-04 16:00:00,Technical,1,2026-03-06 10:39:10.547411101,42.65,4.0
T0000622,M00250,2026-03-17 10:00:00,Payment,1,2026-03-18 14:49:07.913427924,28.82,4.0
T0000625,M00250,2026-05-13 11:00:00,Payment,1,2026-05-14 13:21:12.591432720,26.35,5.0
T0000621,M00250,2026-05-26 12:00:00,Account,1,2026-05-29 09:48:46.015861309,69.81,1.0
T0000624,M00250,2026-05-30 20:00:00,Operations,1,2026-05-31 22:46:29.876500570,26.77,4.0
T0000626,M00251,2026-04-22 15:00:00,Payment,0,,,
T0000627,M00251,2026-05-05 09:00:00,Refund/Dispute,1,2026-05-06 00:30:14.021572258,15.5,5.0
T0000629,M00252,2026-04-02 17:00:00,Operations,1,2026-04-03 07:01:04.636298658,14.02,5.0
T0000628,M00252,2026-05-23 19:00:00,Account,1,2026-05-24 05:54:50.244788023,10.91,4.0
T0000630,M00253,2026-05-28 20:00:00,Refund/Dispute,1,2026-05-29 17:22:13.241670139,21.37,4.0
T0000634,M00254,2026-02-08 19:00:00,Account,1,2026-02-11 08:35:08.319356836,61.59,2.0
T0000636,M00254,2026-03-11 20:00:00,Operations,1,2026-03-13 08:44:28.773092925,36.74,4.0
T0000631,M00254,2026-03-12 16:00:00,Operations,1,2026-03-13 00:36:39.092365029,8.61,5.0
T0000635,M00254,2026-03-29 14:00:00,Refund/Dispute,1,2026-03-31 11:49:41.847167913,45.83,4.0
T0000633,M00254,2026-04-17 18:00:00,Refund/Dispute,1,2026-04-19 12:09:24.420037330,42.16,3.0
T0000632,M00254,2026-05-10 14:00:00,Payment,1,2026-05-11 18:18:20.274715648,28.31,4.0
T0000637,M00255,2026-02-01 16:00:00,Technical,1,2026-02-02 13:20:38.613228612,21.34,4.0
T0000638,M00255,2026-02-05 18:00:00,Operations,1,2026-02-08 10:05:55.163206586,64.1,3.0
T0000639,M00255,2026-03-30 16:00:00,Account,1,2026-04-01 03:16:26.955225350,35.27,4.0
T0000641,M00255,2026-04-18 12:00:00,Operations,0,,,
T0000640,M00255,2026-05-17 15:00:00,Payment,0,,,
T0000642,M00256,2026-04-01 16:00:00,Operations,1,2026-04-02 01:04:32.958696619,9.08,5.0
T0000644,M00257,2026-02-06 11:00:00,Account,1,2026-02-06 18:26:45.375822992,7.45,5.0
T0000643,M00257,2026-02-12 17:00:00,Payment,1,2026-02-13 07:01:54.525325569,14.03,5.0
T0000646,M00257,2026-03-01 14:00:00,Refund/Dispute,1,2026-03-02 04:09:19.455901300,14.16,5.0
T0000645,M00257,2026-05-26 11:00:00,Account,1,2026-05-26 19:37:33.519365133,8.63,5.0
T0000647,M00257,2026-05-29 11:00:00,Operations,1,2026-05-29 19:34:16.418883414,8.57,4.0
T0000649,M00258,2026-02-26 10:00:00,Technical,1,2026-02-27 12:12:04.391802723,26.2,5.0
T0000648,M00258,2026-03-03 12:00:00,Operations,1,2026-03-04 16:41:29.155872339,28.69,4.0
T0000650,M00259,2026-02-18 09:00:00,Refund/Dispute,1,2026-02-18 21:26:05.958490416,12.43,5.0
T0000651,M00259,2026-05-13 20:00:00,Operations,1,2026-05-13 23:51:54.245244243,3.87,4.0
T0000652,M00261,2026-04-18 18:00:00,Account,1,2026-04-19 10:26:12.156012625,16.44,3.0
T0000653,M00261,2026-04-19 18:00:00,Account,1,2026-04-20 21:24:44.338288464,27.41,3.0
T0000654,M00262,2026-04-05 16:00:00,Payment,1,2026-04-06 04:30:07.434169891,12.5,4.0
T0000655,M00263,2026-03-21 12:00:00,Operations,1,2026-03-23 22:01:49.400046984,58.03,3.0
T0000657,M00263,2026-03-23 15:00:00,Technical,1,2026-03-24 07:05:43.230693976,16.1,4.0
T0000656,M00263,2026-05-06 09:00:00,Payment,1,2026-05-07 03:33:23.679018136,18.56,4.0
T0000659,M00264,2026-02-08 13:00:00,Payment,1,2026-02-10 05:09:06.779039896,40.15,4.0
T0000658,M00264,2026-05-15 10:00:00,Account,1,2026-05-16 18:32:19.203567691,32.54,3.0
T0000660,M00265,2026-04-27 13:00:00,Refund/Dispute,0,,,
T0000662,M00266,2026-05-04 11:00:00,Technical,1,2026-05-05 07:33:20.444218264,20.56,4.0
T0000661,M00266,2026-05-13 16:00:00,Technical,0,,,
T0000663,M00267,2026-05-31 17:00:00,Account,1,2026-06-01 02:26:23.812116424,9.44,5.0
T0000664,M00268,2026-04-22 16:00:00,Technical,1,2026-04-23 08:01:00.186956493,16.02,5.0
T0000666,M00269,2026-02-03 18:00:00,Operations,1,2026-02-04 19:42:56.310801253,25.72,4.0
T0000673,M00269,2026-02-10 15:00:00,Refund/Dispute,1,2026-02-11 02:04:58.136206652,11.08,5.0
T0000672,M00269,2026-02-12 16:00:00,Refund/Dispute,1,2026-02-14 08:07:45.960447694,40.13,3.0
T0000665,M00269,2026-03-14 16:00:00,Technical,1,2026-03-15 23:57:14.334487027,31.95,5.0
T0000668,M00269,2026-03-21 13:00:00,Payment,0,,,
T0000671,M00269,2026-03-25 18:00:00,Refund/Dispute,1,2026-03-25 23:39:52.754907520,5.66,5.0
T0000669,M00269,2026-03-29 11:00:00,Account,1,2026-03-30 23:02:19.054737463,36.04,4.0
T0000667,M00269,2026-05-01 18:00:00,Payment,1,2026-05-04 06:23:41.535044556,60.39,2.0
T0000670,M00269,2026-05-27 19:00:00,Account,1,2026-05-28 05:44:19.078347195,10.74,4.0
T0000674,M00270,2026-02-07 20:00:00,Account,1,2026-02-08 11:46:49.887141013,15.78,5.0
T0000675,M00270,2026-04-11 18:00:00,Account,1,2026-04-13 08:01:50.874966138,38.03,4.0
T0000676,M00270,2026-04-20 12:00:00,Account,1,2026-04-21 08:21:54.251807065,20.37,5.0
T0000677,M00271,2026-02-05 15:00:00,Technical,1,2026-02-06 10:25:54.189951776,19.43,4.0
T0000678,M00271,2026-03-04 12:00:00,Refund/Dispute,1,2026-03-04 20:32:56.189831262,8.55,5.0
T0000679,M00271,2026-05-30 15:00:00,Technical,1,2026-05-31 02:46:09.681678238,11.77,4.0
T0000680,M00272,2026-03-30 20:00:00,Payment,1,2026-03-31 03:21:49.561864146,7.36,5.0
T0000681,M00273,2026-04-01 15:00:00,Operations,1,2026-04-03 22:20:43.696324334,55.35,3.0
T0000682,M00273,2026-05-25 12:00:00,Refund/Dispute,1,2026-05-26 04:18:22.900937148,16.31,4.0
T0000684,M00274,2026-02-15 08:00:00,Refund/Dispute,1,2026-02-16 14:13:16.335092373,30.22,4.0
T0000686,M00274,2026-03-08 12:00:00,Refund/Dispute,0,,,
T0000685,M00274,2026-03-21 16:00:00,Refund/Dispute,1,2026-03-22 19:50:39.943634787,27.84,4.0
T0000683,M00274,2026-03-31 09:00:00,Payment,1,2026-04-01 06:11:54.409692901,21.2,5.0
T0000687,M00274,2026-05-02 10:00:00,Operations,1,2026-05-03 11:43:57.742989567,25.73,4.0
T0000688,M00275,2026-05-11 09:00:00,Operations,0,,,
T0000689,M00276,2026-03-11 14:00:00,Payment,1,2026-03-11 23:12:55.968949854,9.22,5.0
T0000690,M00276,2026-03-14 08:00:00,Operations,1,2026-03-15 04:16:27.391561514,20.27,4.0
T0000694,M00277,2026-02-14 17:00:00,Operations,1,2026-02-15 17:57:59.004154616,24.97,4.0
T0000691,M00277,2026-02-16 12:00:00,Operations,1,2026-02-17 01:53:29.031790754,13.89,4.0
T0000692,M00277,2026-05-07 10:00:00,Account,0,,,
T0000695,M00277,2026-05-09 12:00:00,Account,0,,,
T0000693,M00277,2026-05-24 14:00:00,Account,1,2026-05-25 01:10:22.237199932,11.17,5.0
T0000699,M00278,2026-02-17 16:00:00,Refund/Dispute,0,,,
T0000696,M00278,2026-03-21 18:00:00,Account,1,2026-03-22 02:45:13.377082806,8.75,5.0
T0000698,M00278,2026-03-28 14:00:00,Operations,1,2026-03-30 20:11:41.800277166,54.19,3.0
T0000700,M00278,2026-04-02 16:00:00,Account,1,2026-04-03 10:07:09.129601624,18.12,4.0
T0000697,M00278,2026-05-25 10:00:00,Operations,1,2026-05-28 14:00:13.015669168,76.0,2.0
T0000703,M00279,2026-02-05 14:00:00,Refund/Dispute,1,2026-02-06 13:46:51.896168968,23.78,5.0
T0000702,M00279,2026-03-01 14:00:00,Payment,0,,,
T0000701,M00279,2026-05-25 14:00:00,Technical,1,2026-05-26 02:52:47.857598835,12.88,5.0
T0000705,M00280,2026-02-14 12:00:00,Payment,1,2026-02-14 21:59:39.847766510,9.99,4.0
T0000704,M00280,2026-03-03 12:00:00,Account,1,2026-03-04 04:20:47.328865598,16.35,4.0
T0000706,M00281,2026-02-15 15:00:00,Operations,0,,,
T0000707,M00281,2026-03-12 10:00:00,Operations,1,2026-03-13 14:15:15.810712390,28.25,3.0
T0000708,M00281,2026-04-25 16:00:00,Refund/Dispute,0,,,
T0000710,M00282,2026-03-24 14:00:00,Refund/Dispute,1,2026-03-24 23:21:34.699006267,9.36,3.0
T0000709,M00282,2026-03-27 19:00:00,Technical,1,2026-03-29 22:37:02.901956422,51.62,3.0
T0000711,M00282,2026-04-12 14:00:00,Technical,1,2026-04-13 06:49:13.958905242,16.82,4.0
T0000712,M00283,2026-02-16 15:00:00,Account,1,2026-02-18 05:43:53.985841518,38.73,3.0
T0000714,M00283,2026-02-18 14:00:00,Refund/Dispute,1,2026-02-20 13:54:16.514490204,47.9,3.0
T0000713,M00283,2026-03-02 14:00:00,Technical,0,,,
T0000715,M00283,2026-05-18 13:00:00,Payment,1,2026-05-19 19:00:22.661907012,30.01,4.0
T0000716,M00283,2026-05-24 08:00:00,Account,1,2026-05-26 00:24:42.412560735,40.41,3.0
T0000719,M00285,2026-03-05 20:00:00,Payment,1,2026-03-06 08:39:59.276104441,12.67,4.0
T0000717,M00285,2026-03-31 13:00:00,Account,1,2026-03-31 19:37:42.686701017,6.63,5.0
T0000718,M00285,2026-04-10 08:00:00,Refund/Dispute,0,,,
T0000720,M00286,2026-02-21 15:00:00,Account,1,2026-02-22 06:32:10.587936242,15.54,4.0
T0000722,M00287,2026-02-13 19:00:00,Technical,1,2026-02-14 20:44:15.276568495,25.74,4.0
T0000721,M00287,2026-04-26 10:00:00,Technical,0,,,
T0000724,M00288,2026-02-17 14:00:00,Refund/Dispute,1,2026-02-17 20:56:21.912467503,6.94,4.0
T0000723,M00288,2026-02-28 18:00:00,Technical,1,2026-03-01 04:13:27.295914316,10.22,3.0
T0000725,M00288,2026-03-17 09:00:00,Operations,1,2026-03-18 07:44:30.887463951,22.74,4.0
T0000728,M00289,2026-02-18 11:00:00,Operations,1,2026-02-19 15:19:53.863742992,28.33,4.0
T0000726,M00289,2026-03-23 18:00:00,Technical,1,2026-03-24 18:37:08.682489519,24.62,4.0
T0000727,M00289,2026-05-09 18:00:00,Refund/Dispute,1,2026-05-10 05:56:16.852818026,11.94,5.0
T0000729,M00289,2026-05-18 14:00:00,Refund/Dispute,1,2026-05-19 10:57:26.245728957,20.96,4.0
T0000730,M00290,2026-05-14 15:00:00,Technical,1,2026-05-15 03:06:13.425130497,12.1,4.0
T0000731,M00291,2026-02-22 14:00:00,Technical,0,,,
T0000732,M00291,2026-03-29 09:00:00,Payment,1,2026-03-29 18:46:13.881698151,9.77,4.0
T0000734,M00292,2026-04-17 12:00:00,Payment,1,2026-04-18 10:52:55.144011158,22.88,4.0
T0000733,M00292,2026-05-20 09:00:00,Account,1,2026-05-20 18:58:04.373523865,9.97,5.0
T0000735,M00293,2026-02-06 14:00:00,Refund/Dispute,1,2026-02-07 05:14:45.624482678,15.25,5.0
T0000736,M00293,2026-05-10 10:00:00,Payment,1,2026-05-12 05:52:27.345749347,43.87,4.0
T0000737,M00294,2026-05-23 15:00:00,Refund/Dispute,1,2026-05-24 05:58:10.924816796,14.97,5.0
T0000738,M00295,2026-02-04 19:00:00,Operations,1,2026-02-06 13:10:29.050406022,42.17,3.0
T0000743,M00295,2026-02-05 15:00:00,Operations,1,2026-02-06 17:42:30.947563810,26.71,4.0
T0000740,M00295,2026-03-18 08:00:00,Technical,1,2026-03-19 15:11:47.997399555,31.2,4.0
T0000742,M00295,2026-03-20 16:00:00,Operations,1,2026-03-21 18:19:43.091003924,26.33,4.0
T0000739,M00295,2026-03-21 08:00:00,Payment,1,2026-03-22 19:58:04.755121572,35.97,4.0
T0000744,M00295,2026-04-29 08:00:00,Account,1,2026-04-30 16:43:34.670310045,32.73,5.0
T0000741,M00295,2026-05-24 09:00:00,Account,1,2026-05-24 20:55:38.049833514,11.93,4.0
T0000745,M00296,2026-02-17 16:00:00,Refund/Dispute,1,2026-02-18 03:54:49.226504947,11.91,4.0
T0000747,M00296,2026-02-24 15:00:00,Technical,0,,,
T0000746,M00296,2026-03-11 08:00:00,Refund/Dispute,1,2026-03-12 00:24:58.947516990,16.42,4.0
T0000749,M00297,2026-03-06 20:00:00,Account,1,2026-03-07 13:18:34.026039914,17.31,5.0
T0000752,M00297,2026-03-08 16:00:00,Refund/Dispute,1,2026-03-11 08:56:45.423888270,64.95,3.0
T0000751,M00297,2026-03-28 15:00:00,Account,1,2026-03-29 10:18:46.290845736,19.31,4.0
T0000748,M00297,2026-05-16 12:00:00,Refund/Dispute,0,,,
T0000750,M00297,2026-05-29 17:00:00,Technical,1,2026-05-30 15:56:06.493045549,22.94,4.0
T0000753,M00298,2026-03-21 08:00:00,Payment,1,2026-03-21 16:52:17.978710533,8.87,4.0
T0000755,M00299,2026-02-08 19:00:00,Account,1,2026-02-09 04:26:09.061765587,9.44,5.0
T0000754,M00299,2026-04-13 11:00:00,Operations,1,2026-04-14 04:53:06.468518238,17.89,5.0
T0000758,M00300,2026-02-28 19:00:00,Payment,1,2026-03-04 21:14:44.410401031,98.25,3.0
T0000760,M00300,2026-03-03 10:00:00,Payment,1,2026-03-05 07:18:19.184704394,45.31,3.0
T0000759,M00300,2026-05-04 14:00:00,Refund/Dispute,1,2026-05-05 04:00:07.609969641,14.0,5.0
T0000757,M00300,2026-05-08 15:00:00,Payment,1,2026-05-08 22:33:39.247855513,7.56,5.0
T0000756,M00300,2026-05-08 16:00:00,Refund/Dispute,1,2026-05-09 03:22:32.185853713,11.38,4.0
T0000763,M00301,2026-02-08 10:00:00,Technical,0,,,
T0000761,M00301,2026-03-26 16:00:00,Refund/Dispute,1,2026-03-27 01:52:25.687667312,9.87,5.0
T0000762,M00301,2026-04-20 14:00:00,Refund/Dispute,0,,,
T0000764,M00302,2026-05-24 16:00:00,Refund/Dispute,0,,,
T0000765,M00303,2026-03-08 13:00:00,Refund/Dispute,1,2026-03-09 14:16:08.896154588,25.27,5.0
T0000766,M00303,2026-03-22 12:00:00,Account,1,2026-03-23 13:57:03.717370238,25.95,4.0
T0000767,M00303,2026-05-06 14:00:00,Account,1,2026-05-07 04:21:21.653224416,14.36,5.0
T0000769,M00304,2026-03-03 19:00:00,Refund/Dispute,1,2026-03-08 19:00:00.000000000,120.0,1.0
T0000770,M00304,2026-04-12 15:00:00,Technical,1,2026-04-13 22:04:51.537176349,31.08,4.0
T0000768,M00304,2026-05-20 08:00:00,Operations,0,,,
T0000772,M00305,2026-03-03 15:00:00,Operations,1,2026-03-04 10:54:32.388572005,19.91,4.0
T0000771,M00305,2026-04-10 19:00:00,Technical,1,2026-04-12 07:52:40.804737765,36.88,4.0
T0000773,M00305,2026-04-21 16:00:00,Refund/Dispute,1,2026-04-23 02:31:05.789237401,34.52,3.0
T0000774,M00305,2026-05-28 15:00:00,Operations,0,,,
T0000777,M00306,2026-02-13 16:00:00,Technical,1,2026-02-15 14:08:30.542325849,46.14,3.0
T0000776,M00306,2026-04-27 11:00:00,Technical,1,2026-04-27 13:22:00.438196231,2.37,5.0
T0000775,M00306,2026-05-25 10:00:00,Payment,1,2026-05-25 20:58:18.944896378,10.97,3.0
T0000778,M00308,2026-05-31 10:00:00,Refund/Dispute,1,2026-06-02 04:24:08.015837637,42.4,4.0
T0000780,M00309,2026-02-06 08:00:00,Operations,1,2026-02-06 10:18:14.333537905,2.3,3.0
T0000779,M00309,2026-04-18 17:00:00,Operations,1,2026-04-19 08:19:44.411864872,15.33,5.0
T0000781,M00310,2026-04-16 18:00:00,Technical,1,2026-04-18 12:21:15.781240958,42.35,3.0
T0000782,M00310,2026-05-19 08:00:00,Technical,1,2026-05-20 01:33:41.140761778,17.56,3.0
T0000783,M00311,2026-05-15 16:00:00,Account,1,2026-05-16 16:45:53.093945379,24.76,4.0
T0000785,M00312,2026-02-03 11:00:00,Refund/Dispute,1,2026-02-03 22:42:09.483151867,11.7,3.0
T0000788,M00312,2026-02-18 13:00:00,Payment,1,2026-02-19 07:15:16.533054021,18.25,5.0
T0000784,M00312,2026-02-20 18:00:00,Payment,1,2026-02-21 11:11:48.990336003,17.2,5.0
T0000786,M00312,2026-03-23 15:00:00,Refund/Dispute,1,2026-03-24 09:15:10.701415940,18.25,4.0
T0000787,M00312,2026-04-10 16:00:00,Account,1,2026-04-11 07:24:24.205615200,15.41,5.0
T0000789,M00313,2026-02-27 20:00:00,Payment,1,2026-02-28 04:45:31.588955035,8.76,4.0
T0000790,M00313,2026-04-03 18:00:00,Operations,1,2026-04-04 23:57:33.905671704,29.96,3.0
T0000793,M00315,2026-02-05 09:00:00,Payment,0,,,
T0000791,M00315,2026-03-27 16:00:00,Account,1,2026-03-28 17:02:13.236149241,25.04,4.0
T0000792,M00315,2026-05-10 12:00:00,Technical,1,2026-05-10 23:02:37.306074440,11.04,4.0
T0000794,M00316,2026-05-11 17:00:00,Payment,1,2026-05-12 12:19:42.260586895,19.33,5.0
T0000796,M00317,2026-02-08 15:00:00,Technical,1,2026-02-09 07:29:12.002810960,16.49,5.0
T0000795,M00317,2026-02-14 19:00:00,Refund/Dispute,1,2026-02-15 16:28:23.761455481,21.47,5.0
T0000797,M00317,2026-03-23 14:00:00,Account,1,2026-03-25 18:12:41.838273464,52.21,3.0
T0000798,M00317,2026-05-15 17:00:00,Account,1,2026-05-19 10:37:00.796683417,89.62,2.0
T0000800,M00318,2026-04-16 20:00:00,Account,1,2026-04-17 16:35:39.153607296,20.59,5.0
T0000799,M00318,2026-04-17 18:00:00,Refund/Dispute,1,2026-04-19 15:54:31.884930878,45.91,4.0
T0000803,M00319,2026-02-17 15:00:00,Account,1,2026-02-19 02:30:54.696639916,35.52,3.0
T0000805,M00319,2026-02-20 09:00:00,Refund/Dispute,1,2026-02-21 07:20:13.539711879,22.34,4.0
T0000801,M00319,2026-03-22 11:00:00,Operations,1,2026-03-23 11:33:23.531092041,24.56,3.0
T0000806,M00319,2026-04-14 16:00:00,Account,1,2026-04-15 18:27:18.615087637,26.46,4.0
T0000802,M00319,2026-04-30 13:00:00,Account,0,,,
T0000804,M00319,2026-05-11 18:00:00,Account,1,2026-05-14 11:00:23.280807225,65.01,3.0
T0000808,M00320,2026-03-10 08:00:00,Refund/Dispute,1,2026-03-10 23:46:18.584483491,15.77,5.0
T0000807,M00320,2026-05-24 10:00:00,Payment,1,2026-05-25 02:27:48.166127924,16.46,5.0
T0000812,M00321,2026-02-02 08:00:00,Refund/Dispute,1,2026-02-03 05:13:28.867913878,21.22,4.0
T0000810,M00321,2026-03-19 08:00:00,Technical,1,2026-03-21 22:30:15.675590109,62.5,4.0
T0000811,M00321,2026-05-12 16:00:00,Technical,1,2026-05-13 18:46:20.918817336,26.77,3.0
T0000809,M00321,2026-05-18 13:00:00,Operations,1,2026-05-19 02:50:20.027547211,13.84,4.0
T0000813,M00322,2026-04-05 17:00:00,Account,1,2026-04-07 10:01:11.764186701,41.02,4.0
T0000814,M00323,2026-02-22 12:00:00,Refund/Dispute,1,2026-02-23 01:17:01.168542067,13.28,4.0
T0000815,M00324,2026-03-15 08:00:00,Refund/Dispute,1,2026-03-15 22:03:20.182803310,14.06,4.0
T0000817,M00325,2026-03-23 16:00:00,Payment,1,2026-03-23 23:34:05.641633236,7.57,5.0
T0000816,M00325,2026-03-27 20:00:00,Refund/Dispute,1,2026-03-28 03:13:07.549570941,7.22,5.0
T0000823,M00326,2026-02-14 14:00:00,Refund/Dispute,1,2026-02-15 16:17:18.682534575,26.29,5.0
T0000818,M00326,2026-02-19 11:00:00,Refund/Dispute,1,2026-02-20 03:08:44.005121307,16.15,5.0
T0000821,M00326,2026-03-15 19:00:00,Account,1,2026-03-17 01:17:45.240166291,30.3,4.0
T0000820,M00326,2026-05-08 11:00:00,Technical,0,,,
T0000822,M00326,2026-05-13 18:00:00,Payment,1,2026-05-14 02:01:35.676380560,8.03,5.0
T0000819,M00326,2026-05-18 13:00:00,Account,1,2026-05-19 10:07:03.050631901,21.12,4.0
T0000824,M00327,2026-02-19 08:00:00,Payment,1,2026-02-20 06:48:54.038328109,22.82,4.0
T0000825,M00327,2026-05-05 08:00:00,Payment,0,,,
T0000829,M00328,2026-02-07 18:00:00,Account,1,2026-02-08 16:28:52.848707700,22.48,4.0
T0000828,M00328,2026-02-13 11:00:00,Technical,1,2026-02-13 23:15:30.276741106,12.26,5.0
T0000830,M00328,2026-03-31 13:00:00,Refund/Dispute,1,2026-04-01 01:00:48.445394500,12.01,4.0
T0000826,M00328,2026-04-05 18:00:00,Account,1,2026-04-06 05:45:34.350193569,11.76,4.0
T0000827,M00328,2026-05-10 14:00:00,Technical,1,2026-05-11 12:07:28.625373408,22.12,4.0
T0000831,M00329,2026-04-12 18:00:00,Operations,1,2026-04-13 02:42:54.518807077,8.72,5.0
T0000833,M00330,2026-03-09 18:00:00,Refund/Dispute,1,2026-03-10 05:18:07.511680195,11.3,5.0
T0000832,M00330,2026-04-23 15:00:00,Account,1,2026-04-24 05:46:45.898998826,14.78,4.0
T0000834,M00331,2026-03-08 18:00:00,Refund/Dispute,1,2026-03-09 09:24:00.310143304,15.4,5.0
T0000836,M00332,2026-03-03 11:00:00,Account,0,,,
T0000835,M00332,2026-04-10 10:00:00,Operations,1,2026-04-12 07:22:48.639098726,45.38,3.0
T0000837,M00333,2026-02-19 13:00:00,Operations,1,2026-02-20 18:04:51.222491486,29.08,4.0
T0000839,M00333,2026-02-28 19:00:00,Payment,1,2026-03-01 12:54:43.351979396,17.91,4.0
T0000838,M00333,2026-03-07 19:00:00,Refund/Dispute,1,2026-03-09 10:54:07.252172334,39.9,3.0
T0000840,M00333,2026-03-09 20:00:00,Account,1,2026-03-10 09:23:05.044990675,13.38,5.0
T0000841,M00334,2026-02-25 11:00:00,Refund/Dispute,0,,,
T0000844,M00334,2026-03-01 19:00:00,Refund/Dispute,1,2026-03-03 02:31:25.073122260,31.52,4.0
T0000843,M00334,2026-03-17 14:00:00,Payment,1,2026-03-18 07:27:09.833230742,17.45,4.0
T0000845,M00334,2026-03-20 16:00:00,Payment,0,,,
T0000842,M00334,2026-03-27 08:00:00,Account,1,2026-03-27 16:11:41.711269783,8.19,5.0
T0000846,M00334,2026-04-07 12:00:00,Technical,1,2026-04-07 23:50:25.029668194,11.84,5.0
T0000847,M00335,2026-02-18 10:00:00,Operations,1,2026-02-18 20:28:58.235724195,10.48,5.0
T0000848,M00335,2026-03-04 12:00:00,Account,1,2026-03-07 15:57:47.269232575,75.96,2.0
T0000849,M00336,2026-02-09 12:00:00,Technical,1,2026-02-10 07:18:25.962241413,19.31,5.0
T0000850,M00338,2026-03-18 09:00:00,Account,1,2026-03-18 20:21:24.662517573,11.36,5.0
T0000851,M00339,2026-05-08 09:00:00,Technical,1,2026-05-08 14:35:57.779011287,5.6,5.0
T0000853,M00340,2026-02-14 18:00:00,Operations,1,2026-02-16 12:44:13.358499619,42.74,4.0
T0000854,M00340,2026-03-10 08:00:00,Operations,1,2026-03-10 17:53:25.320622804,9.89,4.0
T0000852,M00340,2026-03-30 19:00:00,Operations,1,2026-04-01 13:08:30.861095809,42.14,3.0
T0000857,M00341,2026-02-16 16:00:00,Account,1,2026-02-17 00:07:43.917718817,8.13,5.0
T0000856,M00341,2026-05-13 14:00:00,Technical,1,2026-05-13 22:08:00.615025428,8.13,4.0
T0000858,M00341,2026-05-18 11:00:00,Account,1,2026-05-19 04:35:19.608984027,17.59,4.0
T0000855,M00341,2026-05-27 18:00:00,Operations,1,2026-05-28 05:00:07.879582494,11.0,3.0
T0000862,M00342,2026-02-12 10:00:00,Account,1,2026-02-13 23:38:59.811538934,37.65,5.0
T0000863,M00342,2026-03-15 13:00:00,Payment,1,2026-03-16 09:50:17.213270467,20.84,4.0
T0000860,M00342,2026-03-24 11:00:00,Payment,1,2026-03-26 21:48:18.420159657,58.81,4.0
T0000864,M00342,2026-04-21 10:00:00,Technical,1,2026-04-24 15:19:10.370439634,77.32,3.0
T0000861,M00342,2026-05-15 20:00:00,Refund/Dispute,1,2026-05-17 13:28:51.598281064,41.48,3.0
T0000859,M00342,2026-05-20 11:00:00,Refund/Dispute,1,2026-05-21 12:46:21.782257348,25.77,5.0
T0000865,M00344,2026-02-19 10:00:00,Payment,1,2026-02-19 15:05:58.490654150,5.1,5.0
T0000869,M00344,2026-03-04 17:00:00,Operations,1,2026-03-05 07:10:15.949833466,14.17,5.0
T0000868,M00344,2026-04-12 16:00:00,Technical,1,2026-04-13 02:33:05.128308864,10.55,4.0
T0000870,M00344,2026-04-20 13:00:00,Technical,0,,,
T0000867,M00344,2026-05-09 20:00:00,Operations,1,2026-05-10 07:36:49.997534976,11.61,4.0
T0000866,M00344,2026-05-10 09:00:00,Account,1,2026-05-11 09:11:58.264497754,24.2,5.0
T0000871,M00345,2026-02-20 10:00:00,Refund/Dispute,1,2026-02-21 07:22:18.391463760,21.37,5.0
T0000872,M00346,2026-02-05 09:00:00,Account,1,2026-02-06 02:06:32.361384135,17.11,5.0
T0000873,M00346,2026-02-08 09:00:00,Payment,1,2026-02-10 11:58:55.216530814,50.98,3.0
T0000875,M00346,2026-02-26 15:00:00,Operations,1,2026-03-03 06:52:26.938292685,111.87,1.0
T0000874,M00346,2026-04-02 19:00:00,Payment,1,2026-04-04 15:37:48.899108913,44.63,5.0
T0000876,M00346,2026-05-25 08:00:00,Payment,1,2026-05-26 19:50:08.303437212,35.84,3.0
T0000877,M00347,2026-03-04 11:00:00,Technical,1,2026-03-04 23:24:37.761712264,12.41,3.0
T0000878,M00350,2026-03-12 14:00:00,Technical,0,,,
T0000880,M00350,2026-04-07 16:00:00,Refund/Dispute,0,,,
T0000879,M00350,2026-05-26 09:00:00,Account,0,,,
T0000884,M00351,2026-03-23 09:00:00,Refund/Dispute,1,2026-03-23 15:21:32.236843096,6.36,4.0
T0000881,M00351,2026-03-24 19:00:00,Account,0,,,
T0000882,M00351,2026-03-27 19:00:00,Payment,0,,,
T0000883,M00351,2026-05-01 11:00:00,Operations,0,,,
T0000885,M00352,2026-05-17 11:00:00,Technical,0,,,
T0000887,M00353,2026-04-06 14:00:00,Technical,1,2026-04-07 09:28:53.934890095,19.48,4.0
T0000886,M00353,2026-04-12 18:00:00,Refund/Dispute,1,2026-04-13 07:58:17.984626388,13.97,4.0
T0000888,M00354,2026-04-08 17:00:00,Account,0,,,
T0000890,M00355,2026-04-19 18:00:00,Account,0,,,
T0000889,M00355,2026-04-28 13:00:00,Account,1,2026-04-30 02:50:20.894018539,37.84,3.0
T0000895,M00356,2026-02-18 14:00:00,Technical,0,,,
T0000893,M00356,2026-02-20 11:00:00,Refund/Dispute,1,2026-02-21 01:08:30.926050584,14.14,4.0
T0000896,M00356,2026-03-10 11:00:00,Operations,1,2026-03-11 21:58:25.708272996,34.97,3.0
T0000897,M00356,2026-03-28 11:00:00,Refund/Dispute,0,,,
T0000892,M00356,2026-04-28 12:00:00,Account,1,2026-04-29 14:09:53.220268994,26.16,5.0
T0000891,M00356,2026-05-12 13:00:00,Account,1,2026-05-13 12:49:24.745060156,23.82,4.0
T0000894,M00356,2026-05-15 16:00:00,Technical,0,,,
T0000898,M00357,2026-03-25 12:00:00,Technical,1,2026-03-26 06:38:43.925819492,18.65,4.0
T0000902,M00358,2026-03-19 18:00:00,Operations,1,2026-03-20 16:57:31.206157441,22.96,4.0
T0000903,M00358,2026-03-24 08:00:00,Technical,1,2026-03-24 17:14:36.648580066,9.24,4.0
T0000899,M00358,2026-04-05 14:00:00,Refund/Dispute,1,2026-04-06 17:41:56.061372148,27.7,4.0
T0000900,M00358,2026-05-01 14:00:00,Payment,0,,,
T0000901,M00358,2026-05-26 15:00:00,Operations,1,2026-05-28 13:17:53.203759393,46.3,3.0
T0000904,M00358,2026-05-30 20:00:00,Account,1,2026-06-02 04:28:31.181947266,56.48,3.0
T0000908,M00360,2026-03-06 14:00:00,Account,1,2026-03-07 04:54:37.717130959,14.91,5.0
T0000905,M00360,2026-03-10 09:00:00,Operations,0,,,
T0000907,M00360,2026-05-07 20:00:00,Technical,1,2026-05-08 17:38:48.262374096,21.65,4.0
T0000906,M00360,2026-05-08 17:00:00,Payment,1,2026-05-12 05:14:25.168708892,84.24,2.0
T0000909,M00361,2026-04-23 11:00:00,Payment,1,2026-04-24 03:49:26.048886481,16.82,4.0
T0000910,M00361,2026-05-21 12:00:00,Payment,1,2026-05-21 21:54:42.472974708,9.91,5.0
T0000911,M00362,2026-02-20 20:00:00,Payment,1,2026-02-21 20:28:55.224692500,24.48,3.0
T0000912,M00362,2026-03-31 11:00:00,Operations,1,2026-04-01 00:24:52.592568145,13.41,3.0
T0000914,M00362,2026-04-10 11:00:00,Operations,0,,,
T0000915,M00362,2026-04-18 16:00:00,Payment,1,2026-04-19 08:34:41.239185139,16.58,5.0
T0000913,M00362,2026-04-23 18:00:00,Payment,1,2026-04-24 12:40:33.103642731,18.68,4.0
T0000919,M00363,2026-02-16 15:00:00,Refund/Dispute,1,2026-02-17 11:58:16.309060071,20.97,4.0
T0000916,M00363,2026-03-04 17:00:00,Payment,1,2026-03-07 22:19:11.760034897,77.32,3.0
T0000918,M00363,2026-04-18 10:00:00,Technical,0,,,
T0000917,M00363,2026-05-01 11:00:00,Account,1,2026-05-02 06:24:27.735609535,19.41,5.0
T0000920,M00364,2026-05-13 16:00:00,Operations,1,2026-05-14 13:39:14.719107088,21.65,4.0
T0000921,M00365,2026-03-17 18:00:00,Refund/Dispute,1,2026-03-18 03:11:50.323688815,9.2,5.0
T0000922,M00365,2026-04-18 13:00:00,Operations,1,2026-04-19 04:41:08.452964832,15.69,3.0
T0000926,M00366,2026-04-22 11:00:00,Operations,1,2026-04-23 12:55:21.979373858,25.92,5.0
T0000924,M00366,2026-05-02 17:00:00,Technical,1,2026-05-03 13:38:35.908887681,20.64,4.0
T0000923,M00366,2026-05-08 13:00:00,Account,1,2026-05-10 18:13:14.053464998,53.22,3.0
T0000925,M00366,2026-05-13 19:00:00,Technical,1,2026-05-15 01:19:47.583860656,30.33,5.0
T0000927,M00367,2026-05-03 08:00:00,Account,1,2026-05-04 15:36:57.036981873,31.62,4.0
T0000929,M00368,2026-02-27 09:00:00,Refund/Dispute,1,2026-03-01 02:02:04.988662803,41.03,4.0
T0000928,M00368,2026-04-03 10:00:00,Payment,1,2026-04-04 11:47:25.855556996,25.79,4.0
T0000930,M00368,2026-04-20 10:00:00,Payment,1,2026-04-21 04:56:51.237181010,18.95,5.0
T0000935,M00369,2026-02-01 18:00:00,Payment,1,2026-02-02 07:46:31.493815705,13.78,4.0
T0000936,M00369,2026-02-11 18:00:00,Technical,1,2026-02-12 22:41:17.159375108,28.69,5.0
T0000932,M00369,2026-02-21 08:00:00,Refund/Dispute,1,2026-02-21 23:20:35.791168560,15.34,5.0
T0000931,M00369,2026-04-06 12:00:00,Refund/Dispute,1,2026-04-07 11:56:05.471652166,23.93,4.0
T0000934,M00369,2026-04-24 11:00:00,Refund/Dispute,1,2026-04-25 01:26:02.006269191,14.43,4.0
T0000933,M00369,2026-05-22 14:00:00,Payment,1,2026-05-23 00:53:16.419793891,10.89,4.0
T0000937,M00370,2026-02-19 16:00:00,Refund/Dispute,1,2026-02-20 14:35:57.846188302,22.6,5.0
T0000938,M00370,2026-03-13 15:00:00,Technical,1,2026-03-14 04:02:10.059840366,13.04,4.0
T0000940,M00371,2026-02-09 19:00:00,Account,0,,,
T0000939,M00371,2026-03-04 17:00:00,Operations,0,,,
T0000942,M00372,2026-02-01 12:00:00,Refund/Dispute,1,2026-02-02 15:25:08.705046194,27.42,4.0
T0000941,M00372,2026-02-02 18:00:00,Technical,1,2026-02-03 12:06:21.876418497,18.11,4.0
T0000943,M00372,2026-02-18 10:00:00,Technical,0,,,
T0000944,M00372,2026-03-02 19:00:00,Operations,1,2026-03-03 12:01:55.524440442,17.03,4.0
T0000946,M00373,2026-02-20 15:00:00,Payment,0,,,
T0000945,M00373,2026-03-31 17:00:00,Account,1,2026-04-01 14:24:41.351110423,21.41,3.0
T0000947,M00374,2026-02-20 08:00:00,Account,0,,,
T0000948,M00374,2026-03-02 14:00:00,Refund/Dispute,1,2026-03-03 07:36:10.128786555,17.6,5.0
T0000951,M00374,2026-03-04 11:00:00,Account,1,2026-03-05 02:07:00.677340789,15.12,5.0
T0000950,M00374,2026-03-06 20:00:00,Technical,0,,,
T0000949,M00374,2026-05-30 14:00:00,Refund/Dispute,0,,,
T0000952,M00376,2026-02-02 14:00:00,Technical,1,2026-02-07 14:00:00.000000000,120.0,2.0
T0000956,M00376,2026-03-02 13:00:00,Technical,1,2026-03-03 20:52:44.383944273,31.88,4.0
T0000955,M00376,2026-03-25 16:00:00,Refund/Dispute,1,2026-03-29 15:09:03.569420077,95.15,3.0
T0000953,M00376,2026-04-21 13:00:00,Account,0,,,
T0000954,M00376,2026-04-29 16:00:00,Account,1,2026-05-01 15:56:39.732582001,47.94,3.0
T0000957,M00377,2026-02-19 18:00:00,Refund/Dispute,1,2026-02-19 22:48:07.463039281,4.8,5.0
T0000958,M00377,2026-04-06 20:00:00,Account,1,2026-04-07 15:51:11.552731977,19.85,5.0
T0000961,M00378,2026-03-19 11:00:00,Payment,0,,,
T0000959,M00378,2026-03-21 09:00:00,Refund/Dispute,1,2026-03-22 12:52:39.745072250,27.88,5.0
T0000960,M00378,2026-05-06 20:00:00,Technical,1,2026-05-08 03:25:17.095675774,31.42,5.0
T0000962,M00379,2026-02-04 16:00:00,Payment,1,2026-02-06 16:52:07.067996126,48.87,2.0
T0000966,M00379,2026-03-01 13:00:00,Account,1,2026-03-02 14:43:48.120377073,25.73,4.0
T0000965,M00379,2026-03-08 17:00:00,Technical,1,2026-03-10 00:50:16.934998502,31.84,3.0
T0000964,M00379,2026-05-12 19:00:00,Payment,1,2026-05-13 08:53:45.735435092,13.9,4.0
T0000963,M00379,2026-05-20 08:00:00,Operations,1,2026-05-22 04:48:39.766188952,44.81,4.0
T0000968,M00380,2026-02-11 08:00:00,Technical,1,2026-02-11 21:35:04.036198574,13.58,4.0
T0000969,M00380,2026-02-22 20:00:00,Payment,1,2026-02-23 05:34:43.228684808,9.58,5.0
T0000967,M00380,2026-03-29 19:00:00,Payment,1,2026-03-31 18:25:42.428613907,47.43,3.0
T0000975,M00381,2026-02-26 17:00:00,Operations,1,2026-02-28 12:11:39.911421116,43.19,2.0
T0000973,M00381,2026-03-07 15:00:00,Refund/Dispute,1,2026-03-09 16:58:32.577996500,49.98,4.0
T0000970,M00381,2026-03-27 12:00:00,Account,1,2026-04-01 12:00:00.000000000,120.0,1.0
T0000972,M00381,2026-03-31 19:00:00,Payment,1,2026-04-01 11:52:29.806189150,16.87,4.0
T0000971,M00381,2026-04-30 19:00:00,Payment,1,2026-05-01 20:00:21.776479311,25.01,4.0
T0000974,M00381,2026-05-12 15:00:00,Refund/Dispute,1,2026-05-13 12:06:53.476833751,21.11,4.0
T0000976,M00382,2026-03-12 09:00:00,Technical,1,2026-03-12 19:56:29.456250975,10.94,5.0
T0000977,M00382,2026-03-21 08:00:00,Refund/Dispute,1,2026-03-22 02:45:17.418859153,18.75,4.0
T0000978,M00383,2026-05-21 14:00:00,Technical,1,2026-05-22 09:49:45.501246872,19.83,4.0
T0000982,M00384,2026-02-09 14:00:00,Refund/Dispute,1,2026-02-10 19:27:52.620281028,29.46,4.0
T0000980,M00384,2026-02-27 13:00:00,Account,1,2026-03-01 03:30:26.176084289,38.51,4.0
T0000981,M00384,2026-03-23 16:00:00,Refund/Dispute,1,2026-03-24 11:23:51.028008370,19.4,5.0
T0000979,M00384,2026-05-19 15:00:00,Operations,1,2026-05-20 21:32:47.773856223,30.55,4.0
T0000983,M00385,2026-02-03 17:00:00,Operations,1,2026-02-05 20:29:01.986560343,51.48,3.0
T0000984,M00385,2026-04-20 14:00:00,Operations,0,,,
T0000985,M00385,2026-05-05 19:00:00,Refund/Dispute,1,2026-05-07 09:55:26.388196467,38.92,3.0
T0000986,M00386,2026-05-17 09:00:00,Refund/Dispute,0,,,
T0000987,M00387,2026-05-04 13:00:00,Account,1,2026-05-05 20:42:53.588991200,31.71,4.0
T0000988,M00387,2026-05-13 18:00:00,Payment,1,2026-05-14 01:38:25.845630669,7.64,5.0
T0000989,M00387,2026-05-20 14:00:00,Refund/Dispute,1,2026-05-21 17:46:13.003751445,27.77,5.0
T0000990,M00388,2026-02-02 10:00:00,Payment,1,2026-02-04 10:44:10.244782500,48.74,3.0
T0000991,M00388,2026-03-18 18:00:00,Operations,0,,,
T0000992,M00388,2026-03-21 09:00:00,Account,1,2026-03-23 01:27:24.136830864,40.46,4.0
T0000994,M00388,2026-05-01 20:00:00,Technical,1,2026-05-02 21:20:33.288024807,25.34,4.0
T0000993,M00388,2026-05-08 08:00:00,Operations,0,,,
T0000996,M00388,2026-05-18 15:00:00,Refund/Dispute,1,2026-05-20 17:27:02.674598083,50.45,3.0
T0000995,M00388,2026-05-23 20:00:00,Refund/Dispute,1,2026-05-24 11:03:06.689297912,15.05,5.0
T0000997,M00389,2026-02-23 13:00:00,Refund/Dispute,1,2026-02-25 12:37:07.630755855,47.62,4.0
T0000998,M00389,2026-03-21 17:00:00,Operations,1,2026-03-22 17:51:35.994085459,24.86,4.0
T0000999,M00389,2026-05-08 11:00:00,Refund/Dispute,1,2026-05-09 20:15:27.127544893,33.26,4.0
T0001002,M00390,2026-03-23 09:00:00,Account,1,2026-03-24 07:04:23.351026753,22.07,4.0
T0001000,M00390,2026-04-10 20:00:00,Refund/Dispute,1,2026-04-11 06:38:54.317503514,10.65,5.0
T0001001,M00390,2026-04-18 16:00:00,Operations,1,2026-04-19 05:24:18.184192088,13.41,5.0
T0001004,M00391,2026-03-01 08:00:00,Refund/Dispute,0,,,
T0001003,M00391,2026-03-29 14:00:00,Refund/Dispute,1,2026-03-30 00:54:55.377004014,10.92,5.0
T0001005,M00392,2026-02-03 17:00:00,Technical,1,2026-02-04 11:08:10.311197107,18.14,4.0
T0001007,M00392,2026-03-31 20:00:00,Account,1,2026-04-02 17:46:11.205999094,45.77,3.0
T0001006,M00392,2026-05-06 08:00:00,Payment,1,2026-05-09 13:17:49.555638355,77.3,2.0
T0001009,M00393,2026-03-28 16:00:00,Technical,1,2026-03-29 02:16:20.393863863,10.27,5.0
T0001010,M00393,2026-05-18 13:00:00,Account,1,2026-05-19 12:58:46.554281594,23.98,5.0
T0001008,M00393,2026-05-23 16:00:00,Operations,0,,,
T0001012,M00394,2026-05-18 11:00:00,Refund/Dispute,1,2026-05-19 08:18:18.439208917,21.31,5.0
T0001011,M00394,2026-05-26 08:00:00,Operations,1,2026-05-26 21:37:54.853222764,13.63,5.0
T0001013,M00395,2026-03-06 11:00:00,Payment,1,2026-03-07 15:25:38.039130940,28.43,4.0
T0001015,M00395,2026-03-16 11:00:00,Operations,0,,,
T0001014,M00395,2026-05-28 17:00:00,Payment,1,2026-05-29 02:37:37.163379093,9.63,5.0
T0001016,M00396,2026-02-04 17:00:00,Refund/Dispute,1,2026-02-05 15:39:13.437776610,22.65,5.0
T0001017,M00396,2026-02-05 16:00:00,Operations,1,2026-02-07 01:56:41.781095131,33.94,3.0
T0001018,M00396,2026-05-27 08:00:00,Refund/Dispute,1,2026-05-27 19:55:21.437935842,11.92,5.0
T0001020,M00397,2026-02-03 09:00:00,Payment,1,2026-02-03 20:08:41.657771057,11.14,5.0
T0001019,M00397,2026-04-13 19:00:00,Operations,0,,,
T0001021,M00398,2026-03-29 11:00:00,Account,1,2026-03-29 17:50:17.008158519,6.84,5.0
T0001024,M00399,2026-02-13 17:00:00,Account,1,2026-02-14 03:54:49.324151890,10.91,5.0
T0001022,M00399,2026-03-10 20:00:00,Payment,1,2026-03-11 20:29:00.918712579,24.48,4.0
T0001025,M00399,2026-03-19 19:00:00,Operations,0,,,
T0001023,M00399,2026-03-20 19:00:00,Account,1,2026-03-21 16:27:55.720256382,21.47,5.0
T0001026,M00400,2026-04-25 08:00:00,Operations,1,2026-04-26 05:13:32.962565377,21.23,5.0
T0001027,M00402,2026-02-13 12:00:00,Refund/Dispute,1,2026-02-13 21:23:20.559442848,9.39,4.0
T0001029,M00402,2026-02-13 18:00:00,Operations,1,2026-02-14 06:10:17.709054708,12.17,4.0
T0001028,M00402,2026-03-05 08:00:00,Refund/Dispute,1,2026-03-06 01:14:11.616839570,17.24,5.0
T0001032,M00403,2026-02-16 13:00:00,Operations,0,,,
T0001030,M00403,2026-03-12 19:00:00,Payment,0,,,
T0001034,M00403,2026-03-19 14:00:00,Payment,1,2026-03-20 02:15:54.795808965,12.27,5.0
T0001031,M00403,2026-04-30 16:00:00,Account,1,2026-05-01 09:29:29.497618712,17.49,3.0
T0001033,M00403,2026-05-02 08:00:00,Refund/Dispute,1,2026-05-03 11:21:23.848185434,27.36,3.0
T0001036,M00404,2026-03-12 12:00:00,Payment,1,2026-03-13 00:54:54.063218966,12.92,5.0
T0001037,M00404,2026-04-19 12:00:00,Payment,1,2026-04-20 15:15:54.228921998,27.27,4.0
T0001038,M00404,2026-04-23 09:00:00,Payment,1,2026-04-24 07:36:29.270463706,22.61,5.0
T0001035,M00404,2026-04-30 12:00:00,Account,1,2026-05-01 01:11:50.046090637,13.2,5.0
T0001042,M00405,2026-02-02 20:00:00,Account,0,,,
T0001045,M00405,2026-02-06 10:00:00,Account,1,2026-02-07 15:10:49.693809169,29.18,4.0
T0001044,M00405,2026-03-07 09:00:00,Technical,1,2026-03-09 05:50:59.480201266,44.85,4.0
T0001046,M00405,2026-03-15 09:00:00,Technical,1,2026-03-17 03:35:03.453007606,42.58,4.0
T0001041,M00405,2026-03-25 12:00:00,Technical,1,2026-03-26 15:26:58.770391387,27.45,5.0
T0001043,M00405,2026-04-27 09:00:00,Operations,1,2026-04-28 15:34:13.784827638,30.57,4.0
T0001039,M00405,2026-05-13 08:00:00,Operations,1,2026-05-14 05:37:27.197207068,21.62,5.0
T0001040,M00405,2026-05-19 17:00:00,Technical,1,2026-05-20 18:48:48.632339235,25.81,4.0
T0001048,M00406,2026-02-15 13:00:00,Refund/Dispute,1,2026-02-17 11:12:15.292815836,46.2,3.0
T0001047,M00406,2026-03-24 08:00:00,Operations,1,2026-03-25 21:02:50.251146471,37.05,5.0
T0001049,M00406,2026-05-11 19:00:00,Technical,1,2026-05-12 11:53:15.490281156,16.89,5.0
T0001051,M00407,2026-03-18 10:00:00,Payment,0,,,
T0001052,M00407,2026-04-14 18:00:00,Operations,1,2026-04-15 08:26:14.908433305,14.44,4.0
T0001053,M00407,2026-04-19 08:00:00,Account,1,2026-04-20 16:30:24.165196423,32.51,5.0
T0001054,M00407,2026-05-04 13:00:00,Payment,1,2026-05-05 04:30:28.463763639,15.51,4.0
T0001050,M00407,2026-05-12 15:00:00,Refund/Dispute,1,2026-05-14 04:49:51.808462528,37.83,4.0
T0001059,M00409,2026-03-17 10:00:00,Operations,0,,,
T0001058,M00409,2026-03-19 12:00:00,Technical,1,2026-03-21 15:45:23.659325928,51.76,3.0
T0001055,M00409,2026-04-09 14:00:00,Account,1,2026-04-10 02:31:14.887247782,12.52,5.0
T0001056,M00409,2026-04-17 18:00:00,Refund/Dispute,1,2026-04-18 22:11:13.614585579,28.19,4.0
T0001057,M00409,2026-04-22 13:00:00,Technical,1,2026-04-23 13:32:43.330028380,24.55,4.0
T0001060,M00410,2026-02-20 20:00:00,Technical,1,2026-02-21 02:33:47.922641470,6.56,5.0
T0001061,M00410,2026-05-01 17:00:00,Payment,1,2026-05-01 21:56:15.503904564,4.94,5.0
T0001062,M00410,2026-05-31 19:00:00,Refund/Dispute,1,2026-06-01 08:00:08.290817787,13.0,5.0
T0001064,M00411,2026-04-01 17:00:00,Account,1,2026-04-02 15:07:06.960434750,22.12,4.0
T0001063,M00411,2026-04-21 14:00:00,Account,1,2026-04-23 00:16:38.008191334,34.28,4.0
T0001068,M00413,2026-03-22 13:00:00,Operations,1,2026-03-22 22:26:47.261080539,9.45,5.0
T0001069,M00413,2026-04-12 08:00:00,Refund/Dispute,0,,,
T0001067,M00413,2026-04-13 14:00:00,Technical,1,2026-04-14 17:57:26.731193673,27.96,4.0
T0001065,M00413,2026-04-20 11:00:00,Payment,1,2026-04-21 00:31:56.133708837,13.53,5.0
T0001066,M00413,2026-05-31 17:00:00,Account,1,2026-06-03 14:13:26.503706370,69.22,3.0
T0001070,M00414,2026-02-11 17:00:00,Operations,1,2026-02-12 12:09:35.229238290,19.16,5.0
T0001071,M00414,2026-05-28 12:00:00,Refund/Dispute,1,2026-05-29 02:14:11.902894443,14.24,4.0
T0001072,M00416,2026-04-13 09:00:00,Refund/Dispute,0,,,
T0001073,M00416,2026-05-16 19:00:00,Technical,1,2026-05-17 09:02:19.836456756,14.04,5.0
T0001074,M00417,2026-02-23 12:00:00,Payment,1,2026-02-24 13:56:58.853848599,25.95,3.0
T0001075,M00417,2026-04-06 08:00:00,Refund/Dispute,1,2026-04-07 18:42:44.585158046,34.71,4.0
T0001079,M00418,2026-02-14 18:00:00,Technical,0,,,
T0001081,M00418,2026-03-08 17:00:00,Account,0,,,
T0001080,M00418,2026-03-30 09:00:00,Operations,1,2026-03-31 19:20:45.169584028,34.35,5.0
T0001078,M00418,2026-05-07 10:00:00,Refund/Dispute,1,2026-05-07 23:10:15.716831494,13.17,5.0
T0001076,M00418,2026-05-25 20:00:00,Operations,1,2026-05-26 06:55:10.596829288,10.92,5.0
T0001077,M00418,2026-05-31 20:00:00,Refund/Dispute,1,2026-06-02 11:47:13.877907946,39.79,4.0
T0001082,M00419,2026-04-06 12:00:00,Technical,1,2026-04-06 20:26:02.317321370,8.43,5.0
T0001083,M00419,2026-05-25 13:00:00,Operations,1,2026-05-26 01:56:29.624573911,12.94,5.0
T0001084,M00420,2026-04-14 11:00:00,Operations,1,2026-04-14 18:31:50.302790824,7.53,5.0
T0001085,M00420,2026-04-28 11:00:00,Payment,1,2026-04-29 03:09:09.121374662,16.15,5.0
T0001087,M00422,2026-04-29 12:00:00,Payment,1,2026-04-29 23:03:10.427359546,11.05,4.0
T0001088,M00422,2026-05-11 11:00:00,Operations,1,2026-05-11 18:11:29.126978476,7.19,5.0
T0001086,M00422,2026-05-30 13:00:00,Refund/Dispute,1,2026-05-31 12:23:39.432761343,23.39,3.0
T0001091,M00423,2026-02-18 14:00:00,Payment,0,,,
T0001089,M00423,2026-02-24 19:00:00,Account,1,2026-02-26 08:03:35.237975986,37.06,4.0
T0001090,M00423,2026-04-09 12:00:00,Operations,1,2026-04-10 18:18:21.092218621,30.31,3.0
T0001093,M00424,2026-03-17 14:00:00,Technical,0,,,
T0001092,M00424,2026-04-24 09:00:00,Refund/Dispute,1,2026-04-25 14:32:59.664462619,29.55,4.0
T0001097,M00425,2026-02-19 10:00:00,Account,1,2026-02-20 12:00:14.135831161,26.0,4.0
T0001098,M00425,2026-03-01 12:00:00,Refund/Dispute,1,2026-03-02 00:35:59.850262496,12.6,4.0
T0001094,M00425,2026-05-03 15:00:00,Refund/Dispute,1,2026-05-04 07:46:10.661408378,16.77,4.0
T0001095,M00425,2026-05-18 18:00:00,Payment,1,2026-05-22 02:22:43.568073022,80.38,3.0
T0001096,M00425,2026-05-28 17:00:00,Operations,1,2026-05-29 04:03:33.156749498,11.06,5.0
T0001099,M00426,2026-04-09 09:00:00,Refund/Dispute,1,2026-04-10 02:43:50.789161603,17.73,4.0
T0001101,M00427,2026-02-06 10:00:00,Payment,1,2026-02-07 11:11:45.191987178,25.2,3.0
T0001100,M00427,2026-05-31 17:00:00,Payment,1,2026-06-01 07:29:03.089680425,14.48,5.0
T0001104,M00428,2026-02-23 15:00:00,Refund/Dispute,1,2026-02-24 04:32:41.031103081,13.54,4.0
T0001102,M00428,2026-03-31 13:00:00,Refund/Dispute,1,2026-04-01 01:31:14.108747084,12.52,5.0
T0001103,M00428,2026-04-11 14:00:00,Account,1,2026-04-11 21:17:04.678976104,7.28,4.0
T0001106,M00429,2026-02-21 20:00:00,Account,1,2026-02-22 16:36:21.180674242,20.61,4.0
T0001105,M00429,2026-04-08 19:00:00,Payment,0,,,
T0001108,M00431,2026-02-08 17:00:00,Operations,1,2026-02-09 01:54:42.257984428,8.91,4.0
T0001107,M00431,2026-04-30 12:00:00,Technical,1,2026-05-01 04:51:14.442761304,16.85,4.0
T0001109,M00432,2026-02-09 16:00:00,Technical,1,2026-02-10 21:13:19.910215635,29.22,5.0
T0001111,M00433,2026-02-16 19:00:00,Technical,1,2026-02-17 05:21:14.012895999,10.35,4.0
T0001112,M00433,2026-03-30 08:00:00,Payment,1,2026-03-30 15:44:07.616631123,7.74,5.0
T0001113,M00433,2026-04-05 11:00:00,Refund/Dispute,1,2026-04-05 21:28:54.445434758,10.48,4.0
T0001110,M00433,2026-04-05 12:00:00,Refund/Dispute,1,2026-04-05 14:56:40.216419884,2.94,4.0
T0001115,M00434,2026-02-16 16:00:00,Account,1,2026-02-17 16:13:19.278771232,24.22,5.0
T0001118,M00434,2026-03-07 16:00:00,Technical,1,2026-03-08 13:18:34.093731218,21.31,5.0
T0001117,M00434,2026-04-06 20:00:00,Account,1,2026-04-08 17:08:34.393387361,45.14,4.0
T0001114,M00434,2026-04-09 13:00:00,Technical,1,2026-04-10 15:11:33.696496104,26.19,5.0
T0001116,M00434,2026-05-23 11:00:00,Technical,0,,,
T0001120,M00435,2026-02-04 11:00:00,Technical,1,2026-02-05 03:19:59.862127022,16.33,4.0
T0001123,M00435,2026-02-14 13:00:00,Technical,1,2026-02-15 05:07:19.396861982,16.12,5.0
T0001124,M00435,2026-02-19 17:00:00,Account,1,2026-02-20 13:15:12.686801234,20.25,5.0
T0001121,M00435,2026-03-22 12:00:00,Payment,1,2026-03-22 21:18:34.444350709,9.31,4.0
T0001119,M00435,2026-04-08 17:00:00,Refund/Dispute,1,2026-04-09 00:44:42.295795872,7.75,5.0
T0001122,M00435,2026-05-13 10:00:00,Refund/Dispute,1,2026-05-14 04:27:04.974169388,18.45,4.0
T0001127,M00436,2026-02-22 09:00:00,Payment,0,,,
T0001126,M00436,2026-03-04 17:00:00,Refund/Dispute,1,2026-03-05 14:51:23.700729567,21.86,3.0
T0001130,M00436,2026-03-05 18:00:00,Refund/Dispute,1,2026-03-06 13:29:33.465345417,19.49,4.0
T0001125,M00436,2026-03-18 18:00:00,Operations,1,2026-03-19 05:38:53.792471018,11.65,4.0
T0001128,M00436,2026-04-29 09:00:00,Account,1,2026-04-30 03:13:41.164790998,18.23,3.0
T0001129,M00436,2026-05-24 16:00:00,Refund/Dispute,1,2026-05-26 07:36:21.646546686,39.61,3.0
T0001131,M00437,2026-02-09 11:00:00,Operations,1,2026-02-10 10:49:05.312102163,23.82,4.0
T0001133,M00437,2026-02-18 11:00:00,Refund/Dispute,1,2026-02-19 10:04:37.745572119,23.08,3.0
T0001135,M00437,2026-02-19 09:00:00,Operations,1,2026-02-20 02:08:04.346497597,17.13,5.0
T0001132,M00437,2026-02-26 11:00:00,Operations,1,2026-02-27 10:51:18.485901849,23.86,5.0
T0001134,M00437,2026-04-19 11:00:00,Payment,1,2026-04-21 22:07:07.733151566,59.12,4.0
T0001138,M00438,2026-02-19 20:00:00,Technical,1,2026-02-20 12:35:34.659893108,16.59,4.0
T0001136,M00438,2026-04-21 08:00:00,Technical,1,2026-04-21 14:49:40.899389822,6.83,4.0
T0001137,M00438,2026-04-21 11:00:00,Refund/Dispute,1,2026-04-21 19:24:33.380350790,8.41,5.0
T0001139,M00439,2026-02-01 14:00:00,Refund/Dispute,1,2026-02-02 11:13:55.235856464,21.23,4.0
T0001141,M00439,2026-03-30 20:00:00,Refund/Dispute,1,2026-03-31 13:31:25.570503984,17.52,5.0
T0001140,M00439,2026-05-29 16:00:00,Payment,0,,,
T0001144,M00440,2026-02-16 17:00:00,Refund/Dispute,1,2026-02-17 11:28:51.486277692,18.48,4.0
T0001143,M00440,2026-04-18 18:00:00,Operations,1,2026-04-19 13:15:52.744475512,19.26,4.0
T0001145,M00440,2026-05-02 12:00:00,Payment,0,,,
T0001142,M00440,2026-05-09 16:00:00,Technical,1,2026-05-10 01:01:50.964156660,9.03,5.0
T0001146,M00441,2026-02-07 12:00:00,Technical,0,,,
T0001147,M00441,2026-04-18 18:00:00,Account,1,2026-04-21 23:06:40.359767338,77.11,3.0
T0001150,M00441,2026-04-23 11:00:00,Account,1,2026-04-23 20:10:59.281895409,9.18,4.0
T0001148,M00441,2026-04-25 12:00:00,Technical,1,2026-04-26 02:30:38.169447562,14.51,5.0
T0001151,M00441,2026-05-04 09:00:00,Refund/Dispute,0,,,
T0001149,M00441,2026-05-19 10:00:00,Technical,1,2026-05-19 20:19:18.385661830,10.32,5.0
T0001154,M00442,2026-03-10 08:00:00,Operations,0,,,
T0001153,M00442,2026-04-14 20:00:00,Technical,1,2026-04-15 16:10:24.740127890,20.17,5.0
T0001152,M00442,2026-05-13 13:00:00,Technical,1,2026-05-14 14:22:53.337471445,25.38,4.0
T0001156,M00443,2026-03-07 17:00:00,Payment,0,,,
T0001155,M00443,2026-05-10 12:00:00,Operations,1,2026-05-11 12:07:14.787827652,24.12,4.0
T0001157,M00444,2026-03-19 13:00:00,Operations,0,,,
T0001158,M00444,2026-05-17 16:00:00,Refund/Dispute,1,2026-05-18 20:21:23.224691527,28.36,4.0
T0001161,M00445,2026-02-06 20:00:00,Payment,1,2026-02-07 05:29:17.947416645,9.49,5.0
T0001162,M00445,2026-02-22 08:00:00,Account,0,,,
T0001159,M00445,2026-03-17 12:00:00,Operations,1,2026-03-19 17:32:01.401978832,53.53,3.0
T0001160,M00445,2026-03-20 15:00:00,Account,1,2026-03-21 04:47:50.279792488,13.8,4.0
T0001165,M00446,2026-02-14 16:00:00,Technical,1,2026-02-16 04:01:58.798487175,36.03,3.0
T0001166,M00446,2026-03-31 16:00:00,Refund/Dispute,1,2026-04-01 10:17:25.744817328,18.29,4.0
T0001164,M00446,2026-05-22 20:00:00,Payment,1,2026-05-23 11:24:45.477869356,15.41,4.0
T0001163,M00446,2026-05-29 20:00:00,Account,1,2026-05-30 07:38:48.464172384,11.65,5.0
T0001168,M00447,2026-02-22 15:00:00,Payment,1,2026-02-22 21:27:21.408165104,6.46,5.0
T0001167,M00447,2026-05-07 14:00:00,Operations,1,2026-05-07 22:44:05.474622015,8.73,5.0
T0001171,M00448,2026-03-09 10:00:00,Operations,1,2026-03-11 08:22:42.585040048,46.38,4.0
T0001173,M00448,2026-03-27 19:00:00,Technical,0,,,
T0001170,M00448,2026-04-11 20:00:00,Account,0,,,
T0001169,M00448,2026-04-22 16:00:00,Operations,1,2026-04-24 12:53:16.781400794,44.89,3.0
T0001172,M00448,2026-04-25 15:00:00,Refund/Dispute,0,,,
T0001175,M00449,2026-02-06 10:00:00,Refund/Dispute,1,2026-02-07 11:07:38.184872710,25.13,4.0
T0001174,M00449,2026-02-06 17:00:00,Technical,0,,,
T0001176,M00450,2026-05-01 12:00:00,Refund/Dispute,1,2026-05-01 21:24:11.087397108,9.4,5.0
T0001179,M00451,2026-03-13 18:00:00,Operations,1,2026-03-14 08:57:29.237924451,14.96,5.0
T0001178,M00451,2026-04-08 19:00:00,Technical,1,2026-04-09 17:04:49.825936822,22.08,4.0
T0001177,M00451,2026-05-26 10:00:00,Payment,1,2026-05-27 14:02:40.569941842,28.04,4.0
T0001182,M00452,2026-02-11 17:00:00,Refund/Dispute,1,2026-02-12 04:28:21.966533148,11.47,3.0
T0001185,M00452,2026-02-21 19:00:00,Payment,1,2026-02-22 18:33:50.518495310,23.56,5.0
T0001183,M00452,2026-02-23 11:00:00,Refund/Dispute,1,2026-02-24 03:18:16.387080904,16.3,5.0
T0001181,M00452,2026-03-28 16:00:00,Technical,1,2026-03-28 23:46:03.204716667,7.77,5.0
T0001184,M00452,2026-04-03 11:00:00,Account,1,2026-04-03 23:48:59.506303726,12.82,5.0
T0001180,M00452,2026-04-09 09:00:00,Operations,1,2026-04-10 14:51:39.420830815,29.86,3.0
T0001186,M00452,2026-05-09 19:00:00,Operations,1,2026-05-10 15:21:02.924480980,20.35,4.0
T0001187,M00453,2026-05-18 08:00:00,Payment,1,2026-05-18 16:12:13.755661585,8.2,5.0
T0001188,M00453,2026-05-18 13:00:00,Refund/Dispute,1,2026-05-18 21:56:35.124768736,8.94,3.0
T0001190,M00454,2026-02-02 12:00:00,Payment,0,,,
T0001191,M00454,2026-03-03 19:00:00,Refund/Dispute,0,,,
T0001189,M00454,2026-05-18 18:00:00,Operations,1,2026-05-19 04:50:40.795609632,10.84,5.0
T0001192,M00455,2026-02-16 18:00:00,Operations,1,2026-02-18 10:06:49.397120362,40.11,3.0
T0001193,M00455,2026-03-30 14:00:00,Operations,1,2026-04-01 00:57:19.211037134,34.96,3.0
T0001194,M00456,2026-03-03 19:00:00,Refund/Dispute,0,,,
T0001197,M00457,2026-02-01 10:00:00,Account,0,,,
T0001196,M00457,2026-03-27 10:00:00,Operations,1,2026-03-27 23:54:38.359561928,13.91,5.0
T0001198,M00457,2026-04-16 14:00:00,Operations,1,2026-04-17 17:03:55.777802108,27.07,5.0
T0001199,M00457,2026-04-24 18:00:00,Account,1,2026-04-25 10:51:00.176093064,16.85,4.0
T0001195,M00457,2026-05-23 12:00:00,Operations,1,2026-05-24 22:40:17.084856324,34.67,4.0
T0001200,M00458,2026-04-15 11:00:00,Technical,1,2026-04-15 21:57:33.869111576,10.96,5.0
T0001203,M00459,2026-03-14 19:00:00,Account,1,2026-03-14 23:43:47.788155354,4.73,5.0
T0001201,M00459,2026-03-17 15:00:00,Refund/Dispute,1,2026-03-18 01:28:07.467354595,10.47,5.0
T0001202,M00459,2026-04-11 20:00:00,Technical,1,2026-04-12 05:42:14.270796093,9.7,5.0
T0001205,M00460,2026-02-01 18:00:00,Operations,0,,,
T0001204,M00460,2026-04-10 14:00:00,Payment,1,2026-04-11 13:56:55.583826324,23.95,4.0
T0001207,M00461,2026-04-27 16:00:00,Refund/Dispute,0,,,
T0001206,M00461,2026-05-10 13:00:00,Account,0,,,
T0001208,M00462,2026-03-21 15:00:00,Refund/Dispute,1,2026-03-22 17:42:59.773893091,26.72,4.0
T0001209,M00462,2026-04-26 08:00:00,Payment,1,2026-04-27 12:30:51.836267138,28.51,3.0
T0001210,M00463,2026-05-18 19:00:00,Account,1,2026-05-19 03:29:49.205468835,8.5,4.0
T0001212,M00464,2026-02-24 16:00:00,Payment,0,,,
T0001213,M00464,2026-04-07 11:00:00,Payment,1,2026-04-10 19:35:04.754851173,80.58,2.0
T0001211,M00464,2026-04-13 11:00:00,Payment,1,2026-04-15 11:23:42.917386866,48.4,3.0
T0001216,M00465,2026-03-17 13:00:00,Account,1,2026-03-18 00:20:47.547446532,11.35,4.0
T0001214,M00465,2026-03-29 13:00:00,Technical,1,2026-03-30 06:18:06.452106105,17.3,4.0
T0001215,M00465,2026-05-26 11:00:00,Operations,1,2026-05-26 15:36:29.765124719,4.61,5.0
T0001217,M00465,2026-05-27 09:00:00,Operations,1,2026-05-27 23:15:50.453140834,14.26,5.0
T0001218,M00466,2026-04-28 13:00:00,Payment,1,2026-04-30 12:51:55.792636084,47.87,3.0
T0001219,M00467,2026-04-21 09:00:00,Refund/Dispute,1,2026-04-22 00:07:08.521162701,15.12,4.0
T0001220,M00467,2026-05-29 18:00:00,Operations,1,2026-05-30 09:27:30.699380890,15.46,5.0
T0001222,M00468,2026-02-01 18:00:00,Account,1,2026-02-02 15:12:44.478104871,21.21,5.0
T0001221,M00468,2026-04-26 12:00:00,Account,1,2026-04-27 19:52:19.624653991,31.87,4.0
T0001224,M00469,2026-03-27 12:00:00,Operations,0,,,
T0001223,M00469,2026-05-12 11:00:00,Account,1,2026-05-13 06:50:42.021875806,19.85,5.0
T0001227,M00470,2026-04-14 09:00:00,Technical,1,2026-04-15 06:14:47.185886756,21.25,4.0
T0001225,M00470,2026-04-17 12:00:00,Technical,1,2026-04-19 04:54:14.853952753,40.9,4.0
T0001228,M00470,2026-05-01 16:00:00,Payment,1,2026-05-02 09:34:33.558708453,17.58,5.0
T0001229,M00470,2026-05-13 17:00:00,Operations,1,2026-05-15 22:22:58.083232105,53.38,4.0
T0001226,M00470,2026-05-26 18:00:00,Payment,1,2026-05-27 22:26:22.946160217,28.44,4.0
T0001231,M00471,2026-02-05 15:00:00,Refund/Dispute,1,2026-02-06 08:22:19.480835218,17.37,4.0
T0001230,M00471,2026-02-24 18:00:00,Account,1,2026-02-25 05:12:00.198253483,11.2,4.0
T0001233,M00472,2026-02-20 11:00:00,Refund/Dispute,1,2026-02-22 03:44:29.647234186,40.74,4.0
T0001235,M00472,2026-03-01 11:00:00,Technical,1,2026-03-02 23:46:36.809209048,36.78,3.0
T0001234,M00472,2026-04-07 15:00:00,Payment,1,2026-04-08 22:13:31.106128879,31.23,4.0
T0001232,M00472,2026-04-19 16:00:00,Payment,1,2026-04-21 03:00:55.426993412,35.02,4.0
T0001237,M00473,2026-02-17 12:00:00,Refund/Dispute,1,2026-02-18 22:19:59.129527587,34.33,4.0
T0001240,M00473,2026-03-11 18:00:00,Account,1,2026-03-13 04:13:34.205531912,34.23,4.0
T0001236,M00473,2026-03-12 08:00:00,Refund/Dispute,1,2026-03-12 16:03:55.535650912,8.07,5.0
T0001239,M00473,2026-03-29 15:00:00,Technical,1,2026-03-30 08:18:25.877930706,17.31,4.0
T0001241,M00473,2026-03-29 20:00:00,Refund/Dispute,1,2026-04-01 10:04:38.816025888,62.08,3.0
T0001238,M00473,2026-05-28 17:00:00,Account,0,,,
T0001242,M00475,2026-02-24 12:00:00,Operations,1,2026-02-25 19:18:31.064884221,31.31,4.0
T0001243,M00475,2026-05-04 08:00:00,Technical,0,,,
T0001248,M00476,2026-02-10 10:00:00,Payment,1,2026-02-13 16:06:14.394603700,78.1,2.0
T0001245,M00476,2026-02-13 17:00:00,Payment,1,2026-02-15 00:48:04.800202477,31.8,4.0
T0001247,M00476,2026-03-30 18:00:00,Technical,1,2026-03-31 00:48:23.362709400,6.81,5.0
T0001244,M00476,2026-04-02 12:00:00,Operations,0,,,
T0001246,M00476,2026-05-14 19:00:00,Payment,1,2026-05-15 12:32:49.289496705,17.55,5.0
T0001249,M00477,2026-02-07 14:00:00,Technical,1,2026-02-08 02:12:08.860999240,12.2,5.0
T0001250,M00477,2026-03-09 20:00:00,Refund/Dispute,1,2026-03-11 06:59:39.377041749,34.99,3.0
T0001251,M00478,2026-05-29 11:00:00,Payment,1,2026-05-29 15:06:12.491080686,4.1,5.0
T0001253,M00479,2026-04-02 18:00:00,Technical,0,,,
T0001252,M00479,2026-04-13 16:00:00,Payment,1,2026-04-15 07:08:46.368422782,39.15,3.0
T0001254,M00480,2026-02-15 14:00:00,Technical,1,2026-02-16 04:53:48.337067173,14.9,4.0
T0001257,M00481,2026-02-08 13:00:00,Payment,0,,,
T0001256,M00481,2026-03-06 17:00:00,Payment,0,,,
T0001259,M00481,2026-03-17 17:00:00,Operations,1,2026-03-17 20:10:51.422518894,3.18,5.0
T0001258,M00481,2026-04-21 11:00:00,Account,1,2026-04-22 02:50:32.612282944,15.84,5.0
T0001255,M00481,2026-05-12 11:00:00,Technical,1,2026-05-12 13:40:34.730020624,2.68,5.0
T0001260,M00481,2026-05-15 20:00:00,Technical,1,2026-05-16 12:33:50.453379450,16.56,3.0
T0001261,M00483,2026-02-11 17:00:00,Operations,1,2026-02-12 16:59:02.325402218,23.98,3.0
T0001262,M00483,2026-02-14 13:00:00,Operations,0,,,
T0001264,M00483,2026-03-25 11:00:00,Technical,1,2026-03-25 20:38:43.222247181,9.65,4.0
T0001263,M00483,2026-03-29 08:00:00,Account,1,2026-03-30 22:54:13.619610842,38.9,3.0
T0001269,M00484,2026-02-10 14:00:00,Technical,1,2026-02-11 16:42:41.104471784,26.71,4.0
T0001267,M00484,2026-04-20 19:00:00,Refund/Dispute,1,2026-04-21 11:47:14.196144620,16.79,4.0
T0001265,M00484,2026-05-12 10:00:00,Payment,0,,,
T0001268,M00484,2026-05-20 19:00:00,Operations,1,2026-05-21 05:15:34.873911403,10.26,5.0
T0001266,M00484,2026-05-29 11:00:00,Technical,1,2026-05-29 21:34:14.566541833,10.57,5.0
T0001270,M00485,2026-05-08 13:00:00,Refund/Dispute,0,,,
T0001271,M00486,2026-05-27 20:00:00,Operations,1,2026-05-28 05:29:37.981922978,9.49,4.0
T0001272,M00487,2026-05-06 08:00:00,Account,1,2026-05-08 08:02:16.957879760,48.04,4.0
T0001273,M00488,2026-03-14 15:00:00,Account,1,2026-03-14 19:46:14.161715338,4.77,4.0
T0001274,M00488,2026-05-09 10:00:00,Payment,1,2026-05-10 15:20:56.003208108,29.35,3.0
T0001277,M00489,2026-02-15 08:00:00,Refund/Dispute,1,2026-02-15 11:18:44.927217399,3.31,5.0
T0001275,M00489,2026-03-06 17:00:00,Payment,1,2026-03-07 01:11:34.571912233,8.19,4.0
T0001276,M00489,2026-05-26 11:00:00,Operations,1,2026-05-26 15:11:23.202264418,4.19,4.0
T0001281,M00490,2026-02-27 10:00:00,Operations,1,2026-02-28 06:09:00.200243005,20.15,4.0
T0001284,M00490,2026-03-11 11:00:00,Account,1,2026-03-12 03:58:48.502914013,16.98,5.0
T0001280,M00490,2026-03-13 10:00:00,Payment,1,2026-03-14 12:31:51.582121413,26.53,4.0
T0001279,M00490,2026-03-21 10:00:00,Payment,1,2026-03-23 01:58:36.053717224,39.98,4.0
T0001282,M00490,2026-03-30 15:00:00,Technical,1,2026-04-02 00:20:43.862715877,57.35,3.0
T0001283,M00490,2026-05-04 16:00:00,Account,1,2026-05-07 22:49:16.548625747,78.82,2.0
T0001278,M00490,2026-05-15 18:00:00,Refund/Dispute,0,,,
T0001286,M00491,2026-02-15 13:00:00,Technical,0,,,
T0001285,M00491,2026-03-26 19:00:00,Account,1,2026-03-27 15:47:27.191868298,20.79,3.0
T0001287,M00492,2026-05-20 17:00:00,Account,0,,,
T0001289,M00493,2026-02-14 08:00:00,Operations,0,,,
T0001288,M00493,2026-05-14 19:00:00,Technical,1,2026-05-17 02:44:38.594104188,55.74,4.0
T0001290,M00494,2026-02-07 10:00:00,Refund/Dispute,1,2026-02-08 22:06:40.550500893,36.11,3.0
T0001293,M00494,2026-03-08 09:00:00,Operations,1,2026-03-09 00:01:51.327266538,15.03,4.0
T0001292,M00494,2026-03-15 09:00:00,Payment,0,,,
T0001291,M00494,2026-04-12 11:00:00,Technical,1,2026-04-14 10:59:47.869592445,48.0,3.0
T0001295,M00495,2026-02-08 15:00:00,Technical,0,,,
T0001296,M00495,2026-02-17 19:00:00,Account,1,2026-02-18 07:57:09.733627332,12.95,5.0
T0001294,M00495,2026-04-23 16:00:00,Operations,0,,,
T0001297,M00496,2026-03-14 17:00:00,Payment,1,2026-03-15 03:49:14.962932411,10.82,5.0
T0001298,M00496,2026-05-23 14:00:00,Refund/Dispute,1,2026-05-25 20:35:50.072259390,54.6,2.0
T0001299,M00497,2026-02-16 11:00:00,Refund/Dispute,1,2026-02-18 07:41:13.984823392,44.69,3.0
T0001300,M00497,2026-03-03 17:00:00,Account,0,,,
T0001301,M00497,2026-03-11 12:00:00,Payment,1,2026-03-12 06:19:43.703183568,18.33,4.0
T0001304,M00498,2026-04-20 14:00:00,Refund/Dispute,1,2026-04-22 17:47:47.554658221,51.8,3.0
T0001303,M00498,2026-05-10 10:00:00,Technical,1,2026-05-11 01:59:29.559242990,15.99,4.0
T0001302,M00498,2026-05-18 13:00:00,Operations,1,2026-05-19 09:34:13.249301044,20.57,5.0
T0001305,M00499,2026-02-13 19:00:00,Refund/Dispute,1,2026-02-14 20:28:48.355568911,25.48,4.0
T0001306,M00500,2026-04-23 15:00:00,Refund/Dispute,1,2026-04-24 21:13:29.428163979,30.22,5.0
T0001307,M00501,2026-03-21 20:00:00,Refund/Dispute,1,2026-03-22 15:33:03.110980215,19.55,4.0
T0001308,M00502,2026-03-05 09:00:00,Technical,1,2026-03-05 23:22:36.444577634,14.38,5.0
T0001309,M00502,2026-03-22 15:00:00,Operations,1,2026-03-23 01:58:28.618125366,10.97,5.0
T0001310,M00502,2026-05-27 19:00:00,Account,1,2026-05-28 10:09:40.107343021,15.16,5.0
T0001312,M00503,2026-02-21 15:00:00,Account,0,,,
T0001314,M00503,2026-03-17 14:00:00,Account,1,2026-03-18 14:39:47.823273363,24.66,5.0
T0001311,M00503,2026-04-23 20:00:00,Account,1,2026-04-24 11:42:38.407596206,15.71,5.0
T0001313,M00503,2026-05-18 14:00:00,Payment,0,,,
T0001316,M00503,2026-05-19 09:00:00,Technical,1,2026-05-20 18:31:26.246396276,33.52,3.0
T0001315,M00503,2026-05-29 09:00:00,Refund/Dispute,1,2026-05-31 04:20:39.663193041,43.34,4.0
T0001319,M00504,2026-02-01 12:00:00,Account,1,2026-02-02 09:30:52.865507170,21.51,5.0
T0001317,M00504,2026-02-02 19:00:00,Technical,1,2026-02-03 17:00:30.027840364,22.01,4.0
T0001320,M00504,2026-02-03 14:00:00,Account,1,2026-02-04 21:46:33.825041914,31.78,4.0
T0001321,M00504,2026-03-11 19:00:00,Refund/Dispute,1,2026-03-12 17:23:40.312537670,22.39,4.0
T0001318,M00504,2026-05-28 16:00:00,Account,1,2026-05-29 06:27:52.801042284,14.46,5.0
T0001322,M00505,2026-04-04 18:00:00,Technical,1,2026-04-05 21:34:32.931706238,27.58,4.0
T0001325,M00505,2026-04-20 12:00:00,Refund/Dispute,0,,,
T0001323,M00505,2026-04-25 15:00:00,Operations,1,2026-04-26 12:33:43.524590367,21.56,4.0
T0001324,M00505,2026-05-09 20:00:00,Technical,1,2026-05-11 04:48:54.181054947,32.82,3.0
T0001326,M00506,2026-02-18 15:00:00,Operations,0,,,
T0001327,M00507,2026-02-13 11:00:00,Refund/Dispute,1,2026-02-14 01:32:33.798444853,14.54,4.0
T0001328,M00507,2026-05-18 16:00:00,Payment,1,2026-05-19 09:14:30.478117866,17.24,5.0
T0001329,M00508,2026-02-11 20:00:00,Technical,1,2026-02-13 12:06:48.841117412,40.11,4.0
T0001331,M00508,2026-03-18 15:00:00,Payment,1,2026-03-19 04:45:01.586399216,13.75,4.0
T0001330,M00508,2026-03-21 14:00:00,Account,1,2026-03-22 09:21:21.409933539,19.36,5.0
T0001333,M00509,2026-03-19 12:00:00,Operations,0,,,
T0001335,M00509,2026-03-24 11:00:00,Account,1,2026-03-24 22:06:57.350213427,11.12,4.0
T0001334,M00509,2026-04-16 16:00:00,Operations,1,2026-04-17 04:57:47.533874054,12.96,5.0
T0001332,M00509,2026-05-27 10:00:00,Technical,1,2026-05-28 03:28:52.196635668,17.48,4.0
T0001338,M00510,2026-04-12 19:00:00,Refund/Dispute,1,2026-04-14 04:30:55.199481102,33.52,3.0
T0001337,M00510,2026-05-10 16:00:00,Payment,1,2026-05-12 19:58:26.833998169,51.97,3.0
T0001336,M00510,2026-05-20 08:00:00,Refund/Dispute,0,,,
T0001340,M00511,2026-03-02 17:00:00,Account,1,2026-03-03 12:30:06.844348072,19.5,5.0
T0001341,M00511,2026-03-16 15:00:00,Operations,1,2026-03-17 22:46:33.558936938,31.78,4.0
T0001339,M00511,2026-03-28 19:00:00,Operations,1,2026-03-29 06:18:55.837625173,11.32,4.0
T0001343,M00512,2026-04-19 15:00:00,Payment,1,2026-04-20 12:39:58.241490685,21.67,4.0
T0001342,M00512,2026-04-26 15:00:00,Technical,1,2026-04-27 09:37:53.456665717,18.63,5.0
T0001344,M00513,2026-02-16 20:00:00,Payment,1,2026-02-17 18:25:57.014615388,22.43,4.0
T0001345,M00514,2026-02-14 17:00:00,Technical,0,,,
T0001348,M00514,2026-02-18 08:00:00,Technical,1,2026-02-18 20:04:15.313110708,12.07,4.0
T0001347,M00514,2026-04-22 11:00:00,Technical,1,2026-04-23 02:01:20.962956172,15.02,4.0
T0001346,M00514,2026-04-25 10:00:00,Account,1,2026-04-25 18:25:40.045372899,8.43,4.0
T0001352,M00515,2026-02-20 16:00:00,Technical,1,2026-02-20 22:07:35.669594218,6.13,5.0
T0001349,M00515,2026-03-01 14:00:00,Payment,0,,,
T0001351,M00515,2026-03-07 13:00:00,Technical,0,,,
T0001350,M00515,2026-04-17 08:00:00,Account,1,2026-04-17 20:16:37.589089432,12.28,4.0
T0001354,M00516,2026-03-03 19:00:00,Payment,1,2026-03-06 09:56:04.624871452,62.93,4.0
T0001353,M00516,2026-03-13 16:00:00,Technical,0,,,
T0001356,M00517,2026-02-22 10:00:00,Operations,0,,,
T0001355,M00517,2026-03-02 08:00:00,Technical,0,,,
T0001357,M00517,2026-04-28 12:00:00,Refund/Dispute,1,2026-04-29 05:59:33.534212481,17.99,4.0
T0001358,M00518,2026-03-21 12:00:00,Account,1,2026-03-21 22:52:17.503915245,10.87,5.0
T0001361,M00519,2026-02-08 09:00:00,Operations,1,2026-02-09 05:00:42.726223738,20.01,4.0
T0001360,M00519,2026-03-11 10:00:00,Operations,1,2026-03-12 23:00:57.805192036,37.02,4.0
T0001359,M00519,2026-04-28 13:00:00,Account,1,2026-04-29 04:25:10.891820226,15.42,4.0
T0001364,M00520,2026-02-14 18:00:00,Account,1,2026-02-15 11:19:59.205327870,17.33,5.0
T0001365,M00520,2026-03-20 11:00:00,Operations,1,2026-03-20 23:49:02.043816340,12.82,4.0
T0001362,M00520,2026-03-30 12:00:00,Operations,1,2026-03-31 00:56:38.194819076,12.94,5.0
T0001363,M00520,2026-05-26 20:00:00,Refund/Dispute,1,2026-05-29 15:43:53.298274134,67.73,3.0
T0001369,M00521,2026-03-18 17:00:00,Operations,1,2026-03-19 01:33:25.326527796,8.56,5.0
T0001367,M00521,2026-03-19 16:00:00,Refund/Dispute,1,2026-03-20 04:39:23.502961130,12.66,4.0
T0001368,M00521,2026-04-25 14:00:00,Account,1,2026-04-26 12:44:11.463425030,22.74,4.0
T0001366,M00521,2026-05-26 18:00:00,Refund/Dispute,1,2026-05-27 00:24:51.938865943,6.41,4.0
T0001372,M00522,2026-03-26 12:00:00,Technical,1,2026-03-27 15:00:49.593358890,27.01,5.0
T0001371,M00522,2026-05-10 16:00:00,Operations,1,2026-05-12 06:22:10.434927248,38.37,3.0
T0001370,M00522,2026-05-31 17:00:00,Payment,1,2026-06-01 15:38:58.857323474,22.65,4.0
T0001373,M00523,2026-02-04 16:00:00,Account,1,2026-02-05 03:44:45.294839401,11.75,4.0
T0001374,M00523,2026-04-17 19:00:00,Technical,1,2026-04-18 13:32:30.159243844,18.54,4.0
T0001375,M00523,2026-05-04 19:00:00,Operations,1,2026-05-05 07:01:08.136381403,12.02,5.0
T0001376,M00524,2026-02-08 15:00:00,Account,1,2026-02-08 23:56:58.772412866,8.95,5.0
T0001377,M00524,2026-05-24 14:00:00,Refund/Dispute,1,2026-05-25 11:47:44.412840715,21.8,4.0
T0001379,M00525,2026-02-12 12:00:00,Operations,1,2026-02-12 22:14:27.688996190,10.24,4.0
T0001380,M00525,2026-03-23 08:00:00,Technical,1,2026-03-23 19:16:45.265833148,11.28,5.0
T0001378,M00525,2026-04-09 16:00:00,Technical,1,2026-04-10 09:20:52.268713504,17.35,4.0
T0001382,M00526,2026-02-12 18:00:00,Refund/Dispute,1,2026-02-13 05:37:16.550242413,11.62,5.0
T0001381,M00526,2026-03-16 09:00:00,Technical,1,2026-03-16 18:44:03.150312511,9.73,5.0
T0001385,M00527,2026-03-19 14:00:00,Operations,1,2026-03-20 05:14:26.167511601,15.24,5.0
T0001384,M00527,2026-04-17 18:00:00,Payment,1,2026-04-18 10:08:33.835829200,16.14,5.0
T0001386,M00527,2026-04-23 19:00:00,Refund/Dispute,1,2026-04-24 10:54:14.904976316,15.9,4.0
T0001383,M00527,2026-05-24 17:00:00,Payment,0,,,
T0001387,M00528,2026-02-13 19:00:00,Payment,1,2026-02-14 01:54:19.406379394,6.91,5.0
T0001389,M00528,2026-03-01 10:00:00,Payment,1,2026-03-02 07:08:20.448738963,21.14,4.0
T0001388,M00528,2026-04-11 17:00:00,Operations,1,2026-04-12 12:28:57.223327854,19.48,5.0
T0001390,M00529,2026-02-06 09:00:00,Operations,1,2026-02-07 03:43:11.168349164,18.72,4.0
T0001391,M00529,2026-02-28 14:00:00,Refund/Dispute,1,2026-03-02 00:59:22.537657114,34.99,4.0
T0001394,M00530,2026-02-03 15:00:00,Refund/Dispute,1,2026-02-04 01:13:18.726601533,10.22,4.0
T0001392,M00530,2026-04-02 18:00:00,Refund/Dispute,1,2026-04-03 06:07:10.807030207,12.12,5.0
T0001393,M00530,2026-05-21 19:00:00,Operations,1,2026-05-22 02:18:36.322793870,7.31,5.0
T0001397,M00531,2026-02-07 14:00:00,Technical,1,2026-02-07 22:12:17.548134516,8.2,4.0
T0001395,M00531,2026-02-26 16:00:00,Technical,1,2026-02-27 02:35:03.967174939,10.58,5.0
T0001396,M00531,2026-03-17 18:00:00,Technical,1,2026-03-18 01:52:11.037650858,7.87,5.0
T0001400,M00532,2026-02-26 11:00:00,Refund/Dispute,1,2026-02-27 04:35:08.737606662,17.59,5.0
T0001398,M00532,2026-03-25 09:00:00,Refund/Dispute,1,2026-03-26 05:26:25.227617632,20.44,5.0
T0001399,M00532,2026-04-25 08:00:00,Operations,1,2026-04-25 19:45:32.476833252,11.76,5.0
T0001402,M00533,2026-02-24 16:00:00,Refund/Dispute,1,2026-02-25 21:15:43.942143420,29.26,5.0
T0001403,M00533,2026-04-01 16:00:00,Operations,1,2026-04-02 18:29:53.593591696,26.5,3.0
T0001401,M00533,2026-04-05 10:00:00,Account,1,2026-04-06 02:27:53.389944676,16.46,4.0
T0001404,M00533,2026-05-04 17:00:00,Account,1,2026-05-05 05:03:08.144946813,12.05,5.0
T0001410,M00534,2026-02-09 08:00:00,Technical,1,2026-02-11 22:36:34.816973284,62.61,3.0
T0001409,M00534,2026-02-13 10:00:00,Payment,1,2026-02-14 21:58:46.584864681,35.98,4.0
T0001407,M00534,2026-03-13 14:00:00,Technical,1,2026-03-14 11:51:43.471619398,21.86,4.0
T0001405,M00534,2026-03-20 20:00:00,Operations,0,,,
T0001406,M00534,2026-03-23 14:00:00,Technical,1,2026-03-24 18:13:49.904429782,28.23,3.0
T0001408,M00534,2026-05-01 12:00:00,Account,1,2026-05-02 00:59:01.863822130,12.98,5.0
T0001412,M00535,2026-04-14 14:00:00,Operations,1,2026-04-15 02:12:27.578254791,12.21,5.0
T0001411,M00535,2026-04-26 13:00:00,Technical,1,2026-04-27 12:06:35.627269975,23.11,3.0
T0001413,M00536,2026-02-07 19:00:00,Technical,1,2026-02-08 02:44:44.223034970,7.75,5.0
T0001414,M00536,2026-04-07 17:00:00,Payment,1,2026-04-08 05:47:41.424455288,12.79,4.0
T0001415,M00537,2026-02-10 18:00:00,Refund/Dispute,1,2026-02-13 00:24:46.085166910,54.41,4.0
T0001417,M00538,2026-04-10 14:00:00,Technical,1,2026-04-11 09:43:24.582289584,19.72,5.0
T0001416,M00538,2026-04-24 09:00:00,Payment,1,2026-04-26 13:18:50.136852762,52.31,3.0
T0001418,M00540,2026-04-03 14:00:00,Payment,1,2026-04-04 06:23:15.952574947,16.39,4.0
T0001421,M00541,2026-02-14 12:00:00,Payment,0,,,
T0001419,M00541,2026-03-03 18:00:00,Operations,0,,,
T0001423,M00541,2026-03-14 14:00:00,Payment,1,2026-03-15 17:41:43.371827365,27.7,3.0
T0001422,M00541,2026-04-07 14:00:00,Operations,1,2026-04-08 22:23:39.315043896,32.39,5.0
T0001420,M00541,2026-05-06 16:00:00,Operations,1,2026-05-07 07:13:28.301399029,15.22,4.0
T0001424,M00542,2026-04-07 13:00:00,Payment,1,2026-04-09 20:20:13.739392122,55.34,4.0
T0001425,M00542,2026-05-14 09:00:00,Account,1,2026-05-14 20:11:15.738838839,11.19,4.0
T0001426,M00543,2026-04-28 14:00:00,Payment,1,2026-04-29 08:33:23.638667810,18.56,5.0
T0001427,M00543,2026-05-06 18:00:00,Operations,1,2026-05-07 02:12:23.581292590,8.21,4.0
T0001428,M00544,2026-04-03 20:00:00,Account,0,,,
T0001430,M00545,2026-02-15 16:00:00,Payment,1,2026-02-16 17:04:34.462837239,25.08,5.0
T0001429,M00545,2026-03-29 11:00:00,Operations,0,,,
T0001431,M00546,2026-02-01 16:00:00,Account,1,2026-02-02 00:43:00.815547061,8.72,5.0
T0001432,M00546,2026-03-15 09:00:00,Payment,1,2026-03-15 19:52:13.847485274,10.87,4.0
T0001433,M00547,2026-02-11 16:00:00,Operations,0,,,
T0001434,M00547,2026-04-05 15:00:00,Operations,1,2026-04-06 15:24:12.707421184,24.4,4.0
T0001437,M00548,2026-03-18 14:00:00,Operations,0,,,
T0001438,M00548,2026-03-18 18:00:00,Technical,1,2026-03-19 13:30:19.995137841,19.51,3.0
T0001439,M00548,2026-04-17 14:00:00,Payment,1,2026-04-19 08:54:07.569617407,42.9,3.0
T0001435,M00548,2026-05-23 09:00:00,Operations,1,2026-05-23 22:29:12.161998050,13.49,4.0
T0001436,M00548,2026-05-23 17:00:00,Technical,1,2026-05-24 23:22:09.395483228,30.37,4.0
T0001440,M00549,2026-04-02 09:00:00,Operations,1,2026-04-02 21:17:28.495059781,12.29,4.0
T0001441,M00549,2026-05-21 10:00:00,Account,1,2026-05-22 08:58:20.608000262,22.97,4.0
T0001442,M00550,2026-02-02 09:00:00,Technical,1,2026-02-04 14:55:46.137916711,53.93,3.0
T0001444,M00550,2026-03-26 14:00:00,Account,1,2026-03-26 19:49:31.498399934,5.83,5.0
T0001443,M00550,2026-04-26 20:00:00,Technical,1,2026-04-28 20:32:01.307676728,48.53,4.0
T0001445,M00551,2026-04-06 09:00:00,Refund/Dispute,1,2026-04-06 17:26:58.046654410,8.45,5.0
T0001447,M00552,2026-04-12 13:00:00,Technical,0,,,
T0001446,M00552,2026-05-10 20:00:00,Refund/Dispute,0,,,
T0001450,M00553,2026-02-09 19:00:00,Account,1,2026-02-10 09:23:39.658040440,14.39,4.0
T0001449,M00553,2026-03-26 17:00:00,Account,0,,,
T0001448,M00553,2026-04-16 19:00:00,Account,1,2026-04-17 12:33:53.086330414,17.56,4.0
T0001451,M00553,2026-04-22 08:00:00,Technical,1,2026-04-23 04:19:28.707765132,20.32,5.0
T0001452,M00553,2026-05-22 17:00:00,Account,1,2026-05-23 02:40:23.217515763,9.67,5.0
T0001453,M00554,2026-04-21 12:00:00,Technical,1,2026-04-22 14:32:53.057980787,26.55,4.0
T0001455,M00555,2026-02-20 09:00:00,Operations,1,2026-02-21 02:02:26.830660617,17.04,5.0
T0001456,M00555,2026-02-23 16:00:00,Technical,1,2026-02-25 02:49:22.269407883,34.82,3.0
T0001458,M00555,2026-04-08 18:00:00,Account,1,2026-04-10 04:40:34.263012435,34.68,4.0
T0001454,M00555,2026-04-13 19:00:00,Account,1,2026-04-14 03:17:41.373053160,8.29,4.0
T0001457,M00555,2026-05-04 20:00:00,Payment,1,2026-05-05 08:26:05.200362632,12.43,4.0
T0001460,M00556,2026-03-07 12:00:00,Operations,0,,,
T0001461,M00556,2026-03-31 19:00:00,Account,1,2026-04-01 16:05:56.788461128,21.1,4.0
T0001459,M00556,2026-04-12 17:00:00,Refund/Dispute,1,2026-04-13 07:06:32.648162706,14.11,4.0
T0001464,M00556,2026-04-18 18:00:00,Payment,0,,,
T0001463,M00556,2026-05-03 15:00:00,Technical,1,2026-05-05 04:48:33.963569686,37.81,5.0
T0001462,M00556,2026-05-17 15:00:00,Operations,1,2026-05-19 19:53:35.535658801,52.89,4.0
T0001465,M00557,2026-03-08 12:00:00,Operations,1,2026-03-08 22:16:54.883656451,10.28,4.0
T0001466,M00557,2026-05-09 16:00:00,Technical,1,2026-05-10 19:33:48.325421610,27.56,3.0
T0001467,M00558,2026-05-20 12:00:00,Account,1,2026-05-20 22:49:58.161924930,10.83,5.0
T0001468,M00558,2026-05-28 18:00:00,Technical,1,2026-05-29 19:24:39.689088807,25.41,5.0
T0001469,M00559,2026-03-13 18:00:00,Technical,1,2026-03-14 21:21:16.676649835,27.35,4.0
T0001470,M00559,2026-05-16 16:00:00,Refund/Dispute,1,2026-05-17 01:18:27.320993589,9.31,4.0
T0001473,M00560,2026-02-20 09:00:00,Payment,0,,,
T0001471,M00560,2026-02-28 13:00:00,Payment,1,2026-03-02 05:12:15.091943922,40.2,4.0
T0001472,M00560,2026-03-08 16:00:00,Technical,1,2026-03-09 01:30:37.524040880,9.51,4.0
T0001474,M00561,2026-02-17 10:00:00,Payment,1,2026-02-18 08:12:10.969480512,22.2,5.0
T0001475,M00561,2026-03-03 08:00:00,Refund/Dispute,1,2026-03-03 18:31:36.739691860,10.53,5.0
T0001476,M00562,2026-03-07 13:00:00,Refund/Dispute,1,2026-03-08 03:27:40.839987859,14.46,4.0
T0001478,M00563,2026-02-02 19:00:00,Payment,1,2026-02-03 14:46:38.289231300,19.78,5.0
T0001479,M00563,2026-03-02 17:00:00,Account,1,2026-03-03 06:53:28.153394840,13.89,5.0
T0001477,M00563,2026-03-04 09:00:00,Technical,1,2026-03-04 15:31:21.228791725,6.52,5.0
T0001480,M00564,2026-02-20 09:00:00,Operations,1,2026-02-21 18:53:25.205935344,33.89,3.0
T0001483,M00564,2026-02-21 13:00:00,Account,1,2026-02-22 02:01:39.026448944,13.03,4.0
T0001481,M00564,2026-05-10 20:00:00,Technical,0,,,
T0001482,M00564,2026-05-24 17:00:00,Payment,1,2026-05-25 22:01:09.859547701,29.02,5.0
T0001484,M00565,2026-03-16 10:00:00,Account,1,2026-03-18 05:43:47.816026784,43.73,3.0
T0001485,M00565,2026-03-25 09:00:00,Operations,1,2026-03-26 15:36:59.675003982,30.62,3.0
T0001487,M00566,2026-02-19 16:00:00,Refund/Dispute,0,,,
T0001486,M00566,2026-03-14 17:00:00,Operations,0,,,
T0001489,M00567,2026-04-16 10:00:00,Operations,1,2026-04-17 02:08:34.311653664,16.14,4.0
T0001488,M00567,2026-05-06 14:00:00,Technical,1,2026-05-07 10:02:15.798742314,20.04,4.0
T0001490,M00568,2026-04-09 11:00:00,Operations,1,2026-04-10 01:36:47.707474114,14.61,5.0
T0001491,M00568,2026-04-12 18:00:00,Refund/Dispute,0,,,
T0001493,M00569,2026-05-07 19:00:00,Refund/Dispute,1,2026-05-09 12:05:26.334978252,41.09,3.0
T0001492,M00569,2026-05-10 20:00:00,Technical,1,2026-05-11 07:09:27.159242799,11.16,5.0
T0001494,M00570,2026-02-23 19:00:00,Refund/Dispute,1,2026-02-24 13:09:10.718333042,18.15,5.0
T0001495,M00571,2026-02-13 13:00:00,Operations,1,2026-02-14 11:16:18.754184892,22.27,3.0
T0001497,M00571,2026-03-30 08:00:00,Technical,0,,,
T0001496,M00571,2026-04-15 17:00:00,Technical,1,2026-04-17 09:34:39.603881956,40.58,4.0
T0001498,M00572,2026-03-01 16:00:00,Operations,1,2026-03-02 17:58:32.578937947,25.98,5.0
T0001499,M00572,2026-04-18 17:00:00,Payment,1,2026-04-19 22:52:21.967835246,29.87,4.0
T0001500,M00573,2026-02-16 11:00:00,Account,1,2026-02-17 00:31:42.411812826,13.53,4.0
T0001501,M00573,2026-03-25 16:00:00,Technical,0,,,
T0001503,M00573,2026-04-06 17:00:00,Payment,0,,,
T0001502,M00573,2026-04-09 18:00:00,Refund/Dispute,1,2026-04-10 05:12:00.115825629,11.2,5.0
T0001504,M00574,2026-02-22 10:00:00,Account,1,2026-02-22 18:06:43.709402487,8.11,5.0
T0001505,M00575,2026-03-04 17:00:00,Account,1,2026-03-05 11:48:51.227486323,18.81,5.0
T0001507,M00575,2026-04-03 10:00:00,Payment,1,2026-04-04 10:26:09.404387030,24.44,3.0
T0001506,M00575,2026-04-12 09:00:00,Account,0,,,
T0001509,M00576,2026-02-21 17:00:00,Account,1,2026-02-23 13:25:18.228243903,44.42,4.0
T0001508,M00576,2026-03-09 16:00:00,Technical,1,2026-03-11 08:24:54.040174462,40.42,3.0
T0001510,M00576,2026-03-11 08:00:00,Technical,1,2026-03-12 07:59:29.641718234,23.99,4.0
T0001511,M00576,2026-03-24 16:00:00,Refund/Dispute,1,2026-03-25 05:23:34.054595840,13.39,4.0
T0001512,M00576,2026-03-27 12:00:00,Refund/Dispute,1,2026-03-28 19:16:55.668624672,31.28,5.0
T0001513,M00577,2026-03-14 17:00:00,Account,0,,,
T0001516,M00577,2026-03-19 12:00:00,Operations,1,2026-03-20 06:35:01.818723436,18.58,4.0
T0001514,M00577,2026-04-13 10:00:00,Payment,1,2026-04-14 20:04:36.867696513,34.08,4.0
T0001515,M00577,2026-04-22 14:00:00,Payment,1,2026-04-22 23:47:27.388323304,9.79,4.0
T0001517,M00577,2026-05-03 15:00:00,Account,0,,,
T0001521,M00578,2026-02-28 17:00:00,Technical,1,2026-03-02 00:07:57.166337280,31.13,4.0
T0001519,M00578,2026-03-05 18:00:00,Operations,1,2026-03-06 11:43:40.678140831,17.73,5.0
T0001520,M00578,2026-03-09 11:00:00,Payment,1,2026-03-10 09:43:56.564015286,22.73,5.0
T0001518,M00578,2026-05-26 15:00:00,Technical,1,2026-05-27 14:45:27.026004171,23.76,4.0
T0001522,M00579,2026-02-07 16:00:00,Account,1,2026-02-08 00:46:07.660270660,8.77,5.0
T0001523,M00579,2026-02-15 08:00:00,Refund/Dispute,1,2026-02-17 02:43:59.296790290,42.73,3.0
T0001524,M00580,2026-05-02 20:00:00,Technical,1,2026-05-03 07:10:09.514325442,11.17,5.0
T0001526,M00580,2026-05-04 15:00:00,Operations,1,2026-05-05 19:31:46.862486990,28.53,5.0
T0001525,M00580,2026-05-13 08:00:00,Operations,1,2026-05-13 22:36:48.213633625,14.61,5.0
T0001527,M00581,2026-03-10 11:00:00,Technical,1,2026-03-10 20:08:56.863265287,9.15,5.0
T0001528,M00581,2026-05-08 19:00:00,Technical,1,2026-05-09 10:34:03.901050368,15.57,5.0
T0001530,M00582,2026-02-01 18:00:00,Payment,1,2026-02-02 03:16:39.141246831,9.28,5.0
T0001531,M00582,2026-03-11 20:00:00,Payment,1,2026-03-12 21:33:02.841369400,25.55,4.0
T0001529,M00582,2026-05-12 08:00:00,Account,1,2026-05-12 16:08:38.608508828,8.14,4.0
T0001532,M00583,2026-05-20 08:00:00,Account,1,2026-05-21 00:24:32.423856649,16.41,4.0
T0001533,M00583,2026-05-30 14:00:00,Payment,0,,,
T0001537,M00584,2026-03-20 09:00:00,Refund/Dispute,1,2026-03-21 03:59:54.544681982,19.0,5.0
T0001536,M00584,2026-03-22 14:00:00,Payment,1,2026-03-24 03:17:04.270430130,37.28,4.0
T0001535,M00584,2026-04-11 10:00:00,Technical,1,2026-04-12 06:05:33.109240016,20.09,4.0
T0001534,M00584,2026-05-30 18:00:00,Refund/Dispute,1,2026-06-01 06:41:55.156138008,36.7,4.0
T0001539,M00585,2026-04-19 16:00:00,Operations,1,2026-04-21 23:19:31.852119115,55.33,3.0
T0001538,M00585,2026-04-20 17:00:00,Operations,0,,,
T0001542,M00586,2026-03-19 15:00:00,Account,1,2026-03-20 07:03:10.295375896,16.05,4.0
T0001543,M00586,2026-04-12 12:00:00,Refund/Dispute,0,,,
T0001540,M00586,2026-05-03 18:00:00,Account,1,2026-05-04 05:09:03.241269266,11.15,4.0
T0001541,M00586,2026-05-23 18:00:00,Operations,1,2026-05-24 08:57:02.120349193,14.95,5.0
T0001546,M00587,2026-04-13 20:00:00,Technical,0,,,
T0001544,M00587,2026-05-03 19:00:00,Technical,1,2026-05-05 06:37:42.753032940,35.63,4.0
T0001545,M00587,2026-05-08 09:00:00,Account,1,2026-05-09 05:22:40.417883068,20.38,4.0
T0001547,M00588,2026-02-05 16:00:00,Operations,1,2026-02-07 03:02:49.953108616,35.05,3.0
T0001549,M00589,2026-02-23 12:00:00,Refund/Dispute,0,,,
T0001548,M00589,2026-03-11 09:00:00,Account,1,2026-03-12 03:02:51.965942762,18.05,4.0
T0001550,M00589,2026-05-26 19:00:00,Account,0,,,
T0001551,M00591,2026-05-29 17:00:00,Refund/Dispute,1,2026-05-30 01:06:32.068228737,8.11,5.0
T0001553,M00592,2026-02-02 08:00:00,Account,1,2026-02-02 22:45:31.504744029,14.76,5.0
T0001552,M00592,2026-04-17 12:00:00,Payment,1,2026-04-18 08:28:29.149782988,20.47,5.0
T0001556,M00593,2026-02-23 09:00:00,Payment,1,2026-02-24 00:15:36.963871599,15.26,5.0
T0001555,M00593,2026-03-22 10:00:00,Payment,0,,,
T0001557,M00593,2026-03-31 13:00:00,Refund/Dispute,1,2026-04-01 02:02:07.524264940,13.04,4.0
T0001554,M00593,2026-04-12 08:00:00,Payment,0,,,
T0001558,M00594,2026-03-03 09:00:00,Payment,1,2026-03-06 04:15:27.957273814,67.26,3.0
T0001560,M00595,2026-02-11 17:00:00,Refund/Dispute,1,2026-02-12 03:05:37.107375673,10.09,4.0
T0001561,M00595,2026-03-30 19:00:00,Payment,1,2026-03-31 08:40:37.493256799,13.68,5.0
T0001559,M00595,2026-04-07 17:00:00,Technical,1,2026-04-08 16:37:24.496490528,23.62,4.0
T0001562,M00597,2026-03-18 16:00:00,Payment,1,2026-03-20 03:35:07.632914449,35.59,3.0
T0001563,M00598,2026-03-01 12:00:00,Payment,1,2026-03-01 21:29:19.499274970,9.49,4.0
T0001564,M00598,2026-04-09 19:00:00,Refund/Dispute,0,,,
T0001567,M00599,2026-03-02 15:00:00,Account,1,2026-03-02 21:05:40.969692265,6.09,4.0
T0001565,M00599,2026-03-02 20:00:00,Account,1,2026-03-04 01:19:47.431329672,29.33,4.0
T0001568,M00599,2026-05-13 20:00:00,Technical,1,2026-05-14 01:00:05.600006121,5.0,5.0
T0001566,M00599,2026-05-31 19:00:00,Operations,1,2026-06-01 04:56:54.313119085,9.95,5.0
T0001570,M00600,2026-02-25 18:00:00,Refund/Dispute,0,,,
T0001572,M00600,2026-04-04 15:00:00,Refund/Dispute,1,2026-04-05 11:35:03.119274236,20.58,5.0
T0001571,M00600,2026-05-17 14:00:00,Operations,1,2026-05-19 05:29:55.637119914,39.5,3.0
T0001569,M00600,2026-05-20 20:00:00,Refund/Dispute,1,2026-05-21 19:24:01.352883596,23.4,4.0
T0001573,M00601,2026-04-08 15:00:00,Payment,1,2026-04-09 05:26:17.121100970,14.44,5.0
T0001575,M00601,2026-04-14 11:00:00,Refund/Dispute,1,2026-04-15 23:36:10.066930394,36.6,3.0
T0001574,M00601,2026-05-10 18:00:00,Technical,0,,,
T0001580,M00602,2026-03-03 12:00:00,Operations,1,2026-03-04 10:26:16.003430314,22.44,4.0
T0001579,M00602,2026-04-01 10:00:00,Operations,1,2026-04-02 02:37:22.024232342,16.62,5.0
T0001578,M00602,2026-04-22 13:00:00,Account,1,2026-04-23 03:23:05.980921666,14.38,5.0
T0001577,M00602,2026-04-26 16:00:00,Operations,1,2026-04-27 09:22:35.270366768,17.38,3.0
T0001581,M00602,2026-05-04 11:00:00,Account,0,,,
T0001576,M00602,2026-05-10 10:00:00,Technical,1,2026-05-11 11:18:29.340925178,25.31,5.0
T0001582,M00603,2026-02-22 10:00:00,Technical,1,2026-02-22 22:25:59.524742308,12.43,5.0
T0001583,M00603,2026-03-06 15:00:00,Account,1,2026-03-07 08:22:26.741028457,17.37,4.0
T0001586,M00603,2026-05-09 08:00:00,Operations,0,,,
T0001584,M00603,2026-05-10 11:00:00,Payment,1,2026-05-11 20:39:37.564032333,33.66,4.0
T0001585,M00603,2026-05-13 13:00:00,Account,0,,,
T0001588,M00604,2026-02-26 12:00:00,Operations,1,2026-02-26 22:33:31.335029805,10.56,5.0
T0001589,M00604,2026-03-30 12:00:00,Technical,0,,,
T0001587,M00604,2026-04-07 18:00:00,Refund/Dispute,1,2026-04-09 07:54:42.173975617,37.91,3.0
T0001590,M00604,2026-04-30 10:00:00,Account,1,2026-05-01 12:19:37.266202387,26.33,4.0
T0001592,M00605,2026-02-18 15:00:00,Refund/Dispute,1,2026-02-20 05:48:32.080958960,38.81,4.0
T0001591,M00605,2026-04-25 11:00:00,Refund/Dispute,1,2026-04-26 10:03:37.266002236,23.06,4.0
T0001593,M00605,2026-05-12 19:00:00,Refund/Dispute,1,2026-05-13 15:58:11.536926441,20.97,4.0
T0001594,M00606,2026-03-08 11:00:00,Payment,0,,,
T0001596,M00606,2026-03-12 12:00:00,Technical,1,2026-03-14 04:24:39.583208552,40.41,4.0
T0001595,M00606,2026-03-21 08:00:00,Account,1,2026-03-22 21:52:24.816312962,37.87,3.0
T0001597,M00607,2026-03-19 15:00:00,Payment,1,2026-03-20 06:22:33.361142095,15.38,5.0
T0001598,M00607,2026-04-23 16:00:00,Account,1,2026-04-24 07:33:04.422835800,15.55,4.0
T0001599,M00608,2026-03-16 11:00:00,Refund/Dispute,1,2026-03-17 05:11:56.037936530,18.2,4.0
T0001602,M00609,2026-02-12 08:00:00,Refund/Dispute,0,,,
T0001600,M00609,2026-02-16 14:00:00,Payment,0,,,
T0001601,M00609,2026-05-18 14:00:00,Refund/Dispute,1,2026-05-19 21:32:19.579794817,31.54,3.0
T0001603,M00610,2026-02-07 11:00:00,Payment,1,2026-02-08 16:50:00.476176714,29.83,3.0
T0001605,M00611,2026-02-09 20:00:00,Account,1,2026-02-10 23:05:38.296707946,27.09,4.0
T0001608,M00611,2026-02-23 20:00:00,Account,1,2026-02-24 04:57:36.099682322,8.96,5.0
T0001609,M00611,2026-03-31 09:00:00,Technical,1,2026-04-01 14:02:57.960072081,29.05,4.0
T0001607,M00611,2026-04-04 08:00:00,Account,0,,,
T0001604,M00611,2026-05-17 11:00:00,Refund/Dispute,1,2026-05-18 14:01:35.514130119,27.03,4.0
T0001606,M00611,2026-05-18 14:00:00,Account,1,2026-05-20 10:29:16.434148639,44.49,3.0
T0001610,M00612,2026-04-06 11:00:00,Payment,1,2026-04-07 13:46:58.441129172,26.78,4.0
T0001611,M00612,2026-05-26 18:00:00,Account,0,,,
T0001612,M00613,2026-03-22 15:00:00,Payment,1,2026-03-22 23:23:01.994154061,8.38,5.0
T0001614,M00614,2026-02-07 10:00:00,Operations,1,2026-02-08 08:04:14.291531288,22.07,5.0
T0001616,M00614,2026-03-06 11:00:00,Refund/Dispute,1,2026-03-07 11:23:58.941308832,24.4,4.0
T0001615,M00614,2026-04-07 10:00:00,Payment,1,2026-04-07 15:26:10.028064807,5.44,5.0
T0001613,M00614,2026-05-17 10:00:00,Payment,1,2026-05-19 01:27:39.922878265,39.46,3.0
T0001617,M00615,2026-02-09 11:00:00,Refund/Dispute,1,2026-02-10 10:39:23.285726366,23.66,4.0
T0001618,M00615,2026-05-27 15:00:00,Technical,1,2026-05-28 01:25:00.496867652,10.42,5.0
T0001621,M00616,2026-02-21 11:00:00,Refund/Dispute,1,2026-02-22 13:47:39.271374661,26.79,3.0
T0001622,M00616,2026-03-24 12:00:00,Account,0,,,
T0001620,M00616,2026-03-29 14:00:00,Account,1,2026-03-30 11:41:27.066450616,21.69,4.0
T0001619,M00616,2026-05-14 19:00:00,Refund/Dispute,1,2026-05-15 07:41:09.946159533,12.69,3.0
T0001625,M00617,2026-02-20 14:00:00,Technical,1,2026-02-21 11:24:27.774925736,21.41,4.0
T0001623,M00617,2026-03-05 09:00:00,Operations,1,2026-03-06 01:52:57.409378629,16.88,4.0
T0001626,M00617,2026-05-05 18:00:00,Refund/Dispute,1,2026-05-06 02:42:05.117875603,8.7,4.0
T0001624,M00617,2026-05-10 11:00:00,Account,1,2026-05-11 15:05:16.451938248,28.09,4.0
T0001627,M00618,2026-05-28 08:00:00,Payment,1,2026-05-29 00:55:13.907609724,16.92,4.0
T0001628,M00619,2026-02-04 15:00:00,Payment,1,2026-02-04 23:11:17.819486858,8.19,5.0
T0001629,M00621,2026-04-22 14:00:00,Payment,1,2026-04-24 20:05:30.662482628,54.09,3.0
T0001630,M00621,2026-05-17 19:00:00,Operations,1,2026-05-20 04:06:55.112032951,57.12,3.0
T0001632,M00622,2026-04-16 16:00:00,Operations,1,2026-04-17 22:28:48.530206376,30.48,4.0
T0001631,M00622,2026-05-25 16:00:00,Technical,0,,,
T0001633,M00623,2026-05-13 13:00:00,Operations,1,2026-05-14 04:25:45.643872381,15.43,4.0
T0001634,M00624,2026-04-09 13:00:00,Payment,1,2026-04-10 05:19:21.802779674,16.32,3.0
T0001635,M00625,2026-04-17 13:00:00,Technical,1,2026-04-18 02:38:33.291696217,13.64,4.0
T0001637,M00626,2026-04-09 18:00:00,Operations,1,2026-04-10 14:57:01.327550122,20.95,4.0
T0001636,M00626,2026-04-27 13:00:00,Refund/Dispute,1,2026-04-28 08:33:44.951063112,19.56,4.0
T0001638,M00627,2026-02-25 10:00:00,Refund/Dispute,1,2026-02-26 03:52:38.067588732,17.88,4.0
T0001639,M00627,2026-04-01 11:00:00,Payment,1,2026-04-02 02:41:43.631779999,15.7,5.0
T0001640,M00627,2026-05-28 15:00:00,Account,1,2026-05-29 21:55:27.668179315,30.92,5.0
T0001642,M00628,2026-03-18 10:00:00,Operations,1,2026-03-19 21:53:28.590803404,35.89,4.0
T0001641,M00628,2026-05-29 17:00:00,Technical,0,,,
T0001645,M00629,2026-02-12 19:00:00,Operations,1,2026-02-13 09:49:52.105029978,14.83,4.0
T0001644,M00629,2026-02-22 16:00:00,Account,1,2026-02-24 00:21:48.692989749,32.36,4.0
T0001643,M00629,2026-05-09 18:00:00,Payment,1,2026-05-10 10:23:37.166207294,16.39,5.0
T0001646,M00630,2026-02-06 16:00:00,Payment,1,2026-02-08 00:30:33.954576854,32.51,4.0
T0001647,M00630,2026-02-19 20:00:00,Payment,0,,,
T0001648,M00631,2026-04-24 18:00:00,Operations,1,2026-04-25 01:15:00.781732281,7.25,5.0
T0001650,M00632,2026-03-08 14:00:00,Account,1,2026-03-08 22:06:42.411444325,8.11,4.0
T0001649,M00632,2026-03-17 13:00:00,Technical,1,2026-03-18 11:10:36.375406489,22.18,5.0
T0001651,M00632,2026-05-27 18:00:00,Technical,1,2026-05-28 08:51:29.358599115,14.86,3.0
T0001652,M00633,2026-02-02 18:00:00,Account,1,2026-02-03 14:28:40.099935104,20.48,4.0
T0001653,M00633,2026-03-24 12:00:00,Refund/Dispute,0,,,
T0001654,M00634,2026-04-20 13:00:00,Technical,1,2026-04-21 22:38:05.638133004,33.63,4.0
T0001658,M00635,2026-02-03 16:00:00,Operations,1,2026-02-04 19:26:16.057330558,27.44,5.0
T0001656,M00635,2026-02-16 13:00:00,Technical,1,2026-02-17 10:55:52.344210727,21.93,4.0
T0001655,M00635,2026-04-08 17:00:00,Operations,1,2026-04-10 18:03:08.308894798,49.05,3.0
T0001657,M00635,2026-05-28 20:00:00,Account,1,2026-05-29 09:35:41.421987117,13.59,5.0
T0001663,M00636,2026-02-02 17:00:00,Operations,1,2026-02-03 07:25:58.036965013,14.43,4.0
T0001659,M00636,2026-02-06 12:00:00,Refund/Dispute,1,2026-02-07 20:47:36.512453040,32.79,4.0
T0001662,M00636,2026-04-03 09:00:00,Refund/Dispute,0,,,
T0001661,M00636,2026-04-18 13:00:00,Operations,0,,,
T0001660,M00636,2026-05-03 17:00:00,Account,1,2026-05-04 01:01:20.453534767,8.02,5.0
T0001664,M00637,2026-02-16 12:00:00,Payment,1,2026-02-17 10:45:04.115031544,22.75,4.0
T0001665,M00637,2026-05-29 10:00:00,Refund/Dispute,1,2026-05-30 19:08:10.751877898,33.14,5.0
T0001668,M00638,2026-02-23 19:00:00,Technical,1,2026-02-24 09:06:48.992224384,14.11,4.0
T0001666,M00638,2026-03-20 17:00:00,Operations,1,2026-03-20 23:14:48.103926856,6.25,5.0
T0001667,M00638,2026-05-28 16:00:00,Operations,1,2026-05-29 09:47:20.158671390,17.79,4.0
T0001669,M00639,2026-02-12 09:00:00,Payment,1,2026-02-13 07:47:20.076933991,22.79,3.0
T0001671,M00639,2026-04-11 10:00:00,Account,1,2026-04-12 22:10:36.744658622,36.18,4.0
T0001670,M00639,2026-05-11 19:00:00,Technical,1,2026-05-13 14:35:47.405329753,43.6,4.0
T0001672,M00639,2026-05-27 08:00:00,Payment,1,2026-05-28 12:03:37.216672628,28.06,5.0
T0001673,M00640,2026-02-13 20:00:00,Technical,0,,,
T0001674,M00640,2026-04-01 08:00:00,Account,0,,,
T0001675,M00640,2026-05-08 18:00:00,Technical,0,,,
T0001676,M00641,2026-02-10 09:00:00,Operations,1,2026-02-10 15:44:47.633718285,6.75,5.0
T0001677,M00641,2026-02-17 15:00:00,Technical,1,2026-02-17 21:13:50.192128599,6.23,5.0
T0001678,M00641,2026-03-31 12:00:00,Refund/Dispute,1,2026-04-01 08:45:00.371355343,20.75,4.0
T0001680,M00642,2026-03-03 13:00:00,Payment,1,2026-03-04 03:20:03.609762194,14.33,5.0
T0001679,M00642,2026-03-21 19:00:00,Account,0,,,
T0001681,M00642,2026-05-14 16:00:00,Payment,1,2026-05-15 12:28:23.259315309,20.47,5.0
T0001682,M00643,2026-03-19 11:00:00,Payment,1,2026-03-20 09:01:41.320871850,22.03,4.0
T0001683,M00643,2026-04-01 12:00:00,Account,1,2026-04-02 06:33:23.159458281,18.56,4.0
T0001684,M00643,2026-05-20 16:00:00,Account,1,2026-05-21 23:31:52.747831560,31.53,4.0
T0001685,M00643,2026-05-31 09:00:00,Account,0,,,
T0001686,M00644,2026-04-25 17:00:00,Account,1,2026-04-26 07:55:47.278477887,14.93,4.0
T0001687,M00645,2026-03-07 13:00:00,Account,1,2026-03-09 09:36:51.561975405,44.61,4.0
T0001688,M00645,2026-05-24 08:00:00,Refund/Dispute,1,2026-05-24 22:47:49.246053183,14.8,5.0
T0001689,M00646,2026-03-10 09:00:00,Account,1,2026-03-10 14:33:12.728802344,5.55,5.0
T0001692,M00648,2026-03-04 14:00:00,Payment,1,2026-03-05 12:43:02.081514028,22.72,5.0
T0001694,M00648,2026-04-08 16:00:00,Account,1,2026-04-10 01:16:05.926554029,33.27,5.0
T0001691,M00648,2026-04-18 18:00:00,Technical,0,,,
T0001693,M00648,2026-05-06 12:00:00,Payment,0,,,
T0001690,M00648,2026-05-24 16:00:00,Operations,1,2026-05-25 11:22:17.752872356,19.37,5.0
T0001695,M00649,2026-03-11 20:00:00,Technical,1,2026-03-12 13:09:53.668683824,17.16,5.0
T0001696,M00649,2026-04-15 17:00:00,Refund/Dispute,1,2026-04-16 01:53:42.124023178,8.9,5.0
T0001697,M00650,2026-03-02 16:00:00,Payment,1,2026-03-03 07:14:40.829742837,15.24,4.0
T0001699,M00650,2026-03-03 12:00:00,Technical,1,2026-03-03 23:40:33.592323694,11.68,5.0
T0001698,M00650,2026-05-04 16:00:00,Refund/Dispute,1,2026-05-05 18:33:52.212157948,26.56,3.0
T0001701,M00651,2026-02-26 13:00:00,Refund/Dispute,1,2026-02-26 23:42:32.903809812,10.71,5.0
T0001700,M00651,2026-04-06 16:00:00,Technical,1,2026-04-07 07:20:50.865555908,15.35,5.0
T0001706,M00652,2026-04-01 15:00:00,Operations,1,2026-04-02 14:28:13.470591795,23.47,4.0
T0001702,M00652,2026-04-03 16:00:00,Account,1,2026-04-04 13:22:35.165684006,21.38,4.0
T0001703,M00652,2026-05-01 15:00:00,Technical,1,2026-05-02 13:16:49.882342436,22.28,4.0
T0001705,M00652,2026-05-07 14:00:00,Account,1,2026-05-11 05:56:21.580161392,87.94,2.0
T0001704,M00652,2026-05-09 17:00:00,Technical,1,2026-05-10 14:37:31.094600196,21.63,4.0
T0001709,M00653,2026-02-07 18:00:00,Technical,1,2026-02-08 19:23:12.150909042,25.39,5.0
T0001711,M00653,2026-03-22 20:00:00,Payment,0,,,
T0001708,M00653,2026-04-09 19:00:00,Technical,0,,,
T0001710,M00653,2026-04-18 19:00:00,Operations,1,2026-04-20 15:46:45.371206851,44.78,4.0
T0001712,M00653,2026-05-04 12:00:00,Operations,1,2026-05-05 21:33:25.029838825,33.56,4.0
T0001707,M00653,2026-05-10 13:00:00,Refund/Dispute,1,2026-05-11 09:04:54.845452693,20.08,5.0
T0001717,M00654,2026-02-15 08:00:00,Refund/Dispute,1,2026-02-15 16:08:02.403561148,8.13,4.0
T0001716,M00654,2026-03-02 11:00:00,Refund/Dispute,1,2026-03-04 18:43:55.065693975,55.73,3.0
T0001713,M00654,2026-03-22 19:00:00,Technical,1,2026-03-23 04:45:31.625329172,9.76,4.0
T0001714,M00654,2026-04-15 15:00:00,Operations,1,2026-04-16 16:13:23.624346795,25.22,4.0
T0001715,M00654,2026-05-25 16:00:00,Account,1,2026-05-25 19:51:08.665093735,3.85,5.0
T0001718,M00655,2026-03-05 17:00:00,Operations,0,,,
T0001719,M00655,2026-04-24 14:00:00,Operations,1,2026-04-25 10:26:30.925950374,20.44,5.0
T0001720,M00656,2026-04-09 14:00:00,Technical,1,2026-04-10 15:01:04.501351538,25.02,5.0
T0001722,M00657,2026-02-17 19:00:00,Payment,1,2026-02-19 05:10:13.071550857,34.17,4.0
T0001721,M00657,2026-03-06 14:00:00,Account,1,2026-03-07 02:56:29.927072320,12.94,5.0
T0001724,M00657,2026-03-22 12:00:00,Technical,1,2026-03-24 08:05:38.020110165,44.09,3.0
T0001723,M00657,2026-05-27 17:00:00,Account,0,,,
T0001725,M00658,2026-02-11 09:00:00,Operations,1,2026-02-11 23:57:07.304095065,14.95,4.0
T0001726,M00658,2026-03-23 09:00:00,Refund/Dispute,1,2026-03-24 01:27:16.344869709,16.45,4.0
T0001727,M00658,2026-05-06 10:00:00,Technical,0,,,
T0001728,M00659,2026-04-23 10:00:00,Technical,1,2026-04-23 20:44:07.907624872,10.74,4.0
T0001730,M00660,2026-03-16 10:00:00,Account,1,2026-03-17 06:34:57.316619683,20.58,3.0
T0001729,M00660,2026-03-26 10:00:00,Payment,0,,,
T0001731,M00661,2026-04-09 14:00:00,Technical,0,,,
T0001734,M00663,2026-04-17 13:00:00,Account,1,2026-04-18 02:25:40.190271513,13.43,4.0
T0001732,M00663,2026-04-18 10:00:00,Technical,1,2026-04-18 20:34:37.450831897,10.58,5.0
T0001733,M00663,2026-05-22 19:00:00,Account,1,2026-05-23 04:55:55.326188146,9.93,5.0
T0001736,M00664,2026-02-24 08:00:00,Operations,0,,,
T0001737,M00664,2026-03-01 10:00:00,Operations,1,2026-03-03 07:53:39.827749383,45.89,3.0
T0001735,M00664,2026-05-20 08:00:00,Account,1,2026-05-20 22:43:19.452864475,14.72,5.0
T0001739,M00665,2026-03-02 16:00:00,Technical,1,2026-03-03 01:05:16.274879437,9.09,3.0
T0001738,M00665,2026-03-18 09:00:00,Refund/Dispute,1,2026-03-18 14:44:32.382751923,5.74,5.0
T0001742,M00666,2026-02-19 13:00:00,Account,1,2026-02-19 21:19:10.462178748,8.32,4.0
T0001740,M00666,2026-04-08 20:00:00,Payment,1,2026-04-09 13:44:36.648045355,17.74,4.0
T0001741,M00666,2026-04-29 19:00:00,Refund/Dispute,1,2026-04-30 04:24:51.123466940,9.41,5.0
T0001745,M00667,2026-02-03 17:00:00,Account,1,2026-02-05 00:46:54.316573701,31.78,4.0
T0001746,M00667,2026-02-08 14:00:00,Account,1,2026-02-09 00:48:06.430488368,10.8,5.0
T0001744,M00667,2026-03-13 17:00:00,Account,1,2026-03-14 05:20:05.058650562,12.33,4.0
T0001747,M00667,2026-03-26 19:00:00,Technical,1,2026-03-27 11:17:01.815235904,16.28,4.0
T0001743,M00667,2026-04-10 20:00:00,Operations,1,2026-04-11 11:57:23.303576516,15.96,5.0
T0001748,M00667,2026-05-31 12:00:00,Payment,1,2026-06-01 17:40:18.168112326,29.67,4.0
T0001751,M00668,2026-03-03 12:00:00,Refund/Dispute,1,2026-03-04 00:30:28.874855725,12.51,5.0
T0001749,M00668,2026-04-11 15:00:00,Account,1,2026-04-12 06:17:31.064374510,15.29,4.0
T0001750,M00668,2026-04-19 18:00:00,Operations,0,,,
T0001752,M00669,2026-03-14 18:00:00,Technical,0,,,
T0001753,M00672,2026-05-07 18:00:00,Payment,1,2026-05-09 17:43:49.791671785,47.73,3.0
T0001754,M00673,2026-03-02 20:00:00,Technical,1,2026-03-03 06:57:56.121703063,10.97,5.0
T0001756,M00673,2026-04-26 13:00:00,Technical,1,2026-04-27 16:53:00.009141363,27.88,4.0
T0001755,M00673,2026-05-02 15:00:00,Technical,0,,,
T0001760,M00674,2026-02-06 16:00:00,Account,0,,,
T0001761,M00674,2026-03-25 15:00:00,Operations,1,2026-03-26 11:18:54.169987186,20.32,5.0
T0001757,M00674,2026-03-31 14:00:00,Refund/Dispute,0,,,
T0001758,M00674,2026-04-04 16:00:00,Refund/Dispute,1,2026-04-05 17:43:22.139398153,25.72,5.0
T0001759,M00674,2026-04-24 20:00:00,Technical,1,2026-04-25 02:32:13.917389222,6.54,5.0
T0001762,M00675,2026-02-09 12:00:00,Payment,1,2026-02-09 22:47:40.012396458,10.79,5.0
T0001765,M00676,2026-03-15 14:00:00,Technical,0,,,
T0001763,M00676,2026-04-15 08:00:00,Payment,1,2026-04-16 00:26:30.786236980,16.44,4.0
T0001764,M00676,2026-04-21 12:00:00,Payment,1,2026-04-22 14:26:04.204895542,26.43,4.0
T0001769,M00677,2026-02-06 15:00:00,Operations,1,2026-02-07 04:30:45.724821649,13.51,5.0
T0001767,M00677,2026-02-10 12:00:00,Payment,1,2026-02-11 07:16:12.913656762,19.27,5.0
T0001768,M00677,2026-02-21 19:00:00,Payment,1,2026-02-22 07:01:50.671689016,12.03,4.0
T0001766,M00677,2026-05-29 16:00:00,Technical,1,2026-05-30 08:26:08.471923191,16.44,4.0
T0001770,M00678,2026-03-17 14:00:00,Technical,1,2026-03-18 01:29:32.526355275,11.49,5.0
T0001771,M00678,2026-03-21 19:00:00,Account,1,2026-03-22 02:43:16.336122787,7.72,5.0
T0001775,M00679,2026-03-09 17:00:00,Payment,1,2026-03-10 17:01:54.694917584,24.03,4.0
T0001774,M00679,2026-03-20 08:00:00,Refund/Dispute,1,2026-03-20 16:59:50.911707040,9.0,5.0
T0001773,M00679,2026-04-20 09:00:00,Technical,0,,,
T0001772,M00679,2026-05-14 12:00:00,Account,1,2026-05-15 00:12:55.284949530,12.22,5.0
T0001779,M00680,2026-04-03 09:00:00,Account,1,2026-04-03 18:54:51.267074047,9.91,5.0
T0001778,M00680,2026-04-08 11:00:00,Payment,1,2026-04-09 02:25:04.722317421,15.42,4.0
T0001777,M00680,2026-04-17 18:00:00,Refund/Dispute,1,2026-04-17 22:39:37.563641744,4.66,5.0
T0001780,M00680,2026-04-26 20:00:00,Refund/Dispute,1,2026-04-28 06:30:57.591630187,34.52,4.0
T0001776,M00680,2026-05-18 12:00:00,Account,1,2026-05-19 05:16:20.761809319,17.27,5.0
T0001784,M00681,2026-04-04 20:00:00,Refund/Dispute,1,2026-04-06 04:52:42.622839249,32.88,4.0
T0001781,M00681,2026-04-16 15:00:00,Operations,0,,,
T0001785,M00681,2026-04-23 12:00:00,Account,1,2026-04-23 18:30:41.705752057,6.51,5.0
T0001782,M00681,2026-05-20 08:00:00,Account,1,2026-05-21 02:31:35.905210575,18.53,5.0
T0001783,M00681,2026-05-31 15:00:00,Account,1,2026-06-01 12:15:03.135833539,21.25,5.0
T0001787,M00682,2026-02-19 13:00:00,Refund/Dispute,1,2026-02-20 22:46:57.765584654,33.78,4.0
T0001786,M00682,2026-02-19 18:00:00,Operations,1,2026-02-20 09:17:54.180878722,15.3,5.0
T0001788,M00683,2026-02-17 13:00:00,Account,1,2026-02-18 00:54:20.194954704,11.91,4.0
T0001789,M00683,2026-03-12 10:00:00,Account,1,2026-03-13 01:20:38.941609732,15.34,5.0
T0001790,M00684,2026-03-20 15:00:00,Technical,1,2026-03-21 05:15:22.718350429,14.26,4.0
T0001796,M00685,2026-02-04 14:00:00,Account,1,2026-02-05 14:46:58.846260846,24.78,4.0
T0001791,M00685,2026-03-18 20:00:00,Account,1,2026-03-19 08:36:07.798551022,12.6,4.0
T0001795,M00685,2026-03-24 16:00:00,Operations,1,2026-03-25 14:18:14.028608627,22.3,4.0
T0001794,M00685,2026-04-26 09:00:00,Technical,0,,,
T0001792,M00685,2026-04-29 15:00:00,Refund/Dispute,0,,,
T0001793,M00685,2026-05-17 19:00:00,Refund/Dispute,1,2026-05-18 10:31:20.846234362,15.52,4.0
T0001797,M00685,2026-05-26 19:00:00,Account,1,2026-05-28 05:59:47.277332113,35.0,4.0
T0001799,M00686,2026-04-19 20:00:00,Payment,1,2026-04-21 21:17:49.606122426,49.3,4.0
T0001798,M00686,2026-05-05 14:00:00,Refund/Dispute,1,2026-05-06 07:14:59.800855502,17.25,5.0
T0001803,M00688,2026-02-17 11:00:00,Operations,1,2026-02-18 05:42:37.534043329,18.71,4.0
T0001802,M00688,2026-04-24 12:00:00,Refund/Dispute,1,2026-04-24 18:40:54.008796129,6.68,5.0
T0001800,M00688,2026-05-20 19:00:00,Operations,1,2026-05-21 05:53:31.626419935,10.89,5.0
T0001801,M00688,2026-05-30 11:00:00,Operations,1,2026-05-30 20:01:01.716824773,9.02,4.0
T0001804,M00689,2026-02-17 09:00:00,Technical,1,2026-02-18 07:02:26.332514718,22.04,4.0
T0001805,M00689,2026-05-16 08:00:00,Payment,1,2026-05-17 15:42:53.316941576,31.71,4.0
T0001806,M00690,2026-02-28 19:00:00,Technical,1,2026-03-01 09:59:33.412637900,14.99,5.0
T0001808,M00690,2026-04-04 16:00:00,Technical,0,,,
T0001807,M00690,2026-04-08 13:00:00,Account,1,2026-04-10 16:54:24.412270464,51.91,3.0
T0001809,M00691,2026-02-27 18:00:00,Payment,1,2026-02-28 03:53:50.283015504,9.9,5.0
T0001810,M00691,2026-05-14 18:00:00,Operations,1,2026-05-15 07:00:15.045020074,13.0,5.0
T0001811,M00692,2026-02-14 08:00:00,Refund/Dispute,1,2026-02-15 03:25:51.533492167,19.43,4.0
T0001813,M00693,2026-02-28 13:00:00,Refund/Dispute,1,2026-03-01 09:48:46.688541105,20.81,5.0
T0001812,M00693,2026-04-05 13:00:00,Account,1,2026-04-06 09:42:58.608753498,20.72,4.0
T0001814,M00693,2026-05-24 13:00:00,Payment,1,2026-05-25 12:03:02.140170433,23.05,3.0
T0001817,M00694,2026-03-01 12:00:00,Technical,1,2026-03-02 05:52:56.696820420,17.88,5.0
T0001815,M00694,2026-05-24 11:00:00,Account,1,2026-05-24 17:13:11.220615055,6.22,5.0
T0001816,M00694,2026-05-28 19:00:00,Operations,1,2026-05-29 05:22:49.156004798,10.38,5.0
T0001818,M00695,2026-03-14 09:00:00,Account,1,2026-03-16 00:00:42.833554264,39.01,4.0
T0001819,M00695,2026-04-21 19:00:00,Account,0,,,
T0001820,M00695,2026-05-03 11:00:00,Technical,1,2026-05-04 01:55:05.498296644,14.92,4.0
T0001821,M00696,2026-03-04 18:00:00,Technical,1,2026-03-05 04:51:18.523103216,10.86,5.0
T0001822,M00696,2026-03-20 10:00:00,Payment,0,,,
T0001824,M00696,2026-03-22 20:00:00,Operations,1,2026-03-23 07:19:40.048174873,11.33,3.0
T0001823,M00696,2026-04-23 13:00:00,Operations,1,2026-04-24 08:32:56.534104921,19.55,4.0
T0001825,M00697,2026-02-02 13:00:00,Technical,1,2026-02-03 04:21:46.469108181,15.36,4.0
T0001827,M00697,2026-03-23 13:00:00,Technical,1,2026-03-24 05:49:20.337833330,16.82,5.0
T0001826,M00697,2026-03-28 09:00:00,Technical,1,2026-03-29 00:23:26.617719145,15.39,4.0
T0001828,M00697,2026-04-06 18:00:00,Payment,0,,,
T0001833,M00698,2026-04-05 11:00:00,Payment,1,2026-04-08 07:23:30.425347150,68.39,4.0
T0001831,M00698,2026-04-17 08:00:00,Refund/Dispute,1,2026-04-21 10:35:19.847638485,98.59,2.0
T0001830,M00698,2026-04-24 11:00:00,Operations,1,2026-04-25 14:06:16.297111368,27.1,5.0
T0001832,M00698,2026-04-30 13:00:00,Payment,0,,,
T0001829,M00698,2026-05-30 20:00:00,Operations,1,2026-05-31 13:47:17.945109189,17.79,5.0
T0001834,M00699,2026-02-06 08:00:00,Payment,1,2026-02-07 01:08:47.544706723,17.15,5.0
T0001835,M00699,2026-05-04 15:00:00,Payment,0,,,
T0001836,M00699,2026-05-21 12:00:00,Operations,1,2026-05-24 19:40:34.252998632,79.68,3.0
T0001838,M00700,2026-02-27 16:00:00,Account,1,2026-02-28 02:11:53.790878454,10.2,5.0
T0001837,M00700,2026-05-05 08:00:00,Refund/Dispute,1,2026-05-06 09:36:12.523741045,25.6,5.0
T0001840,M00700,2026-05-28 20:00:00,Account,1,2026-05-29 11:09:50.258601846,15.16,5.0
T0001839,M00700,2026-05-31 11:00:00,Refund/Dispute,1,2026-06-01 09:13:06.830365972,22.22,5.0
T0001842,M00701,2026-02-09 08:00:00,Refund/Dispute,1,2026-02-09 17:52:31.586152580,9.88,4.0
T0001841,M00701,2026-03-28 12:00:00,Technical,0,,,
T0001843,M00702,2026-05-09 18:00:00,Account,1,2026-05-10 06:21:18.272094901,12.36,5.0
T0001845,M00703,2026-04-28 12:00:00,Refund/Dispute,0,,,
T0001844,M00703,2026-04-29 16:00:00,Payment,0,,,
T0001846,M00703,2026-05-05 15:00:00,Account,1,2026-05-06 07:48:31.255896110,16.81,4.0
T0001847,M00705,2026-02-19 17:00:00,Technical,1,2026-02-20 02:42:07.222314913,9.7,5.0
T0001848,M00705,2026-05-08 16:00:00,Operations,1,2026-05-09 14:29:03.589782637,22.48,5.0
T0001852,M00706,2026-03-15 08:00:00,Payment,1,2026-03-15 16:27:01.145769472,8.45,5.0
T0001850,M00706,2026-03-18 13:00:00,Refund/Dispute,0,,,
T0001851,M00706,2026-04-19 16:00:00,Payment,1,2026-04-21 06:02:23.562824449,38.04,4.0
T0001849,M00706,2026-05-17 13:00:00,Technical,1,2026-05-17 22:56:35.424801304,9.94,5.0
T0001854,M00707,2026-04-14 20:00:00,Technical,1,2026-04-15 13:35:21.125926665,17.59,5.0
T0001853,M00707,2026-05-05 09:00:00,Operations,1,2026-05-06 00:41:39.619954791,15.69,4.0
T0001859,M00708,2026-02-08 18:00:00,Technical,1,2026-02-10 11:26:04.081475317,41.43,3.0
T0001861,M00708,2026-02-14 20:00:00,Account,1,2026-02-16 10:43:41.437068834,38.73,3.0
T0001860,M00708,2026-03-19 11:00:00,Operations,1,2026-03-22 05:49:46.308598816,66.83,3.0
T0001857,M00708,2026-04-29 13:00:00,Account,0,,,
T0001855,M00708,2026-05-07 13:00:00,Operations,1,2026-05-08 10:01:12.502246803,21.02,4.0
T0001858,M00708,2026-05-14 18:00:00,Technical,0,,,
T0001856,M00708,2026-05-15 09:00:00,Technical,1,2026-05-15 16:17:05.393808340,7.28,5.0
T0001862,M00709,2026-04-02 19:00:00,Technical,1,2026-04-04 00:14:08.579600174,29.24,5.0
T0001863,M00709,2026-04-03 08:00:00,Technical,1,2026-04-03 19:30:40.522979782,11.51,4.0
T0001866,M00710,2026-03-27 13:00:00,Payment,1,2026-03-28 09:46:28.103318464,20.77,4.0
T0001864,M00710,2026-05-12 19:00:00,Technical,0,,,
T0001865,M00710,2026-05-28 20:00:00,Operations,1,2026-05-29 17:09:06.028590394,21.15,5.0
T0001869,M00711,2026-02-08 16:00:00,Account,1,2026-02-08 23:15:48.138277867,7.26,5.0
T0001868,M00711,2026-03-18 16:00:00,Account,1,2026-03-19 01:57:51.938996331,9.96,4.0
T0001870,M00711,2026-03-25 19:00:00,Operations,1,2026-03-26 22:51:20.672565350,27.86,5.0
T0001867,M00711,2026-05-31 20:00:00,Account,1,2026-06-01 14:44:25.482577963,18.74,5.0
T0001871,M00712,2026-05-19 18:00:00,Payment,0,,,
T0001872,M00713,2026-02-11 15:00:00,Payment,1,2026-02-11 20:47:38.049895078,5.79,5.0
T0001874,M00713,2026-03-07 18:00:00,Payment,1,2026-03-07 22:47:23.600053665,4.79,5.0
T0001873,M00713,2026-05-30 13:00:00,Technical,1,2026-05-31 05:24:58.478380779,16.42,5.0
T0001876,M00714,2026-02-25 17:00:00,Refund/Dispute,1,2026-02-26 23:09:30.305001250,30.16,4.0
T0001877,M00714,2026-03-13 14:00:00,Refund/Dispute,1,2026-03-14 13:29:00.690517442,23.48,5.0
T0001875,M00714,2026-05-08 16:00:00,Refund/Dispute,1,2026-05-09 11:16:52.726620889,19.28,4.0
T0001879,M00715,2026-04-04 15:00:00,Refund/Dispute,1,2026-04-05 05:15:29.711054793,14.26,4.0
T0001880,M00715,2026-05-31 10:00:00,Refund/Dispute,1,2026-06-02 08:28:55.800027004,46.48,3.0
T0001878,M00715,2026-05-31 11:00:00,Operations,1,2026-05-31 22:55:31.717453303,11.93,3.0
T0001882,M00716,2026-02-25 12:00:00,Refund/Dispute,1,2026-02-26 08:17:31.602407794,20.29,5.0
T0001881,M00716,2026-04-24 10:00:00,Payment,1,2026-04-26 01:24:23.679244764,39.41,3.0
T0001884,M00716,2026-04-29 11:00:00,Operations,1,2026-04-30 09:46:21.377296880,22.77,4.0
T0001883,M00716,2026-05-02 14:00:00,Refund/Dispute,1,2026-05-03 11:16:02.114704941,21.27,5.0
T0001885,M00717,2026-02-03 17:00:00,Operations,1,2026-02-04 10:44:06.801474141,17.74,4.0
T0001888,M00717,2026-02-20 12:00:00,Refund/Dispute,1,2026-02-21 23:19:51.507193681,35.33,4.0
T0001887,M00717,2026-04-30 09:00:00,Refund/Dispute,1,2026-05-01 03:45:19.825581340,18.76,4.0
T0001886,M00717,2026-05-26 18:00:00,Refund/Dispute,1,2026-05-27 08:07:17.085715528,14.12,4.0
T0001889,M00718,2026-02-01 17:00:00,Payment,1,2026-02-02 12:40:36.176833070,19.68,5.0
T0001890,M00718,2026-02-10 14:00:00,Refund/Dispute,1,2026-02-11 06:42:55.295131399,16.72,4.0
T0001893,M00718,2026-03-29 18:00:00,Operations,1,2026-03-31 07:47:35.963500326,37.79,4.0
T0001892,M00718,2026-04-03 14:00:00,Operations,1,2026-04-04 07:10:47.621230280,17.18,4.0
T0001891,M00718,2026-05-21 08:00:00,Payment,1,2026-05-22 11:12:47.290049859,27.21,4.0
T0001894,M00718,2026-05-22 14:00:00,Payment,1,2026-05-24 03:21:47.308321976,37.36,4.0
T0001895,M00719,2026-03-11 11:00:00,Account,1,2026-03-13 10:43:53.219866868,47.73,3.0
T0001896,M00719,2026-04-30 17:00:00,Operations,1,2026-05-01 03:51:52.081178439,10.86,5.0
T0001897,M00720,2026-03-26 14:00:00,Operations,0,,,
T0001901,M00721,2026-03-06 20:00:00,Payment,0,,,
T0001899,M00721,2026-04-14 08:00:00,Account,1,2026-04-14 17:45:29.748150363,9.76,4.0
T0001900,M00721,2026-05-04 19:00:00,Operations,1,2026-05-06 02:25:15.177645976,31.42,5.0
T0001902,M00721,2026-05-18 08:00:00,Operations,1,2026-05-18 13:03:13.849477293,5.05,3.0
T0001898,M00721,2026-05-23 19:00:00,Payment,1,2026-05-25 14:37:39.546498057,43.63,3.0
T0001906,M00722,2026-02-14 13:00:00,Technical,1,2026-02-14 23:45:44.256819182,10.76,5.0
T0001903,M00722,2026-03-27 18:00:00,Operations,1,2026-03-28 03:46:42.230980664,9.78,5.0
T0001905,M00722,2026-04-06 17:00:00,Operations,1,2026-04-07 17:16:47.174426392,24.28,5.0
T0001904,M00722,2026-04-08 15:00:00,Operations,1,2026-04-09 03:33:32.691501284,12.56,4.0
T0001907,M00722,2026-05-19 09:00:00,Operations,1,2026-05-20 17:19:10.327183100,32.32,3.0
T0001910,M00723,2026-02-25 12:00:00,Technical,1,2026-02-26 12:56:56.152983271,24.95,4.0
T0001908,M00723,2026-03-21 20:00:00,Operations,1,2026-03-22 06:54:36.021061810,10.91,4.0
T0001909,M00723,2026-05-17 20:00:00,Operations,0,,,
T0001911,M00723,2026-05-29 17:00:00,Technical,1,2026-05-31 02:49:33.100302421,33.83,5.0
T0001912,M00724,2026-03-12 18:00:00,Operations,1,2026-03-13 08:49:32.252052457,14.83,5.0
T0001916,M00725,2026-03-23 17:00:00,Technical,1,2026-03-24 17:28:45.183714589,24.48,4.0
T0001913,M00725,2026-04-05 10:00:00,Refund/Dispute,1,2026-04-06 08:06:53.781054055,22.11,4.0
T0001914,M00725,2026-04-28 12:00:00,Payment,1,2026-04-28 17:37:46.606591434,5.63,5.0
T0001915,M00725,2026-05-26 12:00:00,Operations,1,2026-05-26 17:35:48.775461964,5.6,4.0
T0001918,M00726,2026-02-20 18:00:00,Refund/Dispute,1,2026-02-20 23:42:07.306630146,5.7,5.0
T0001920,M00726,2026-04-09 13:00:00,Refund/Dispute,1,2026-04-09 19:42:08.642682493,6.7,4.0
T0001917,M00726,2026-04-30 12:00:00,Account,1,2026-05-01 10:12:17.914121049,22.2,5.0
T0001919,M00726,2026-05-12 16:00:00,Technical,1,2026-05-13 08:19:40.601476142,16.33,5.0
T0001922,M00727,2026-02-21 19:00:00,Payment,1,2026-02-22 05:49:57.919512648,10.83,5.0
T0001921,M00727,2026-03-01 16:00:00,Payment,1,2026-03-02 20:00:49.582858309,28.01,5.0
T0001925,M00728,2026-02-27 13:00:00,Operations,1,2026-02-28 00:05:00.156575799,11.08,5.0
T0001923,M00728,2026-04-08 14:00:00,Operations,1,2026-04-09 12:45:12.389692222,22.75,3.0
T0001924,M00728,2026-05-07 13:00:00,Refund/Dispute,1,2026-05-09 15:03:59.233938789,50.07,3.0
T0001927,M00729,2026-02-21 14:00:00,Operations,1,2026-02-22 06:22:44.844351549,16.38,4.0
T0001928,M00729,2026-03-04 14:00:00,Operations,1,2026-03-05 07:23:17.223825894,17.39,5.0
T0001926,M00729,2026-03-09 15:00:00,Account,1,2026-03-10 02:09:55.807727324,11.17,5.0
T0001930,M00731,2026-02-26 11:00:00,Account,1,2026-03-01 20:43:35.950480244,81.73,2.0
T0001929,M00731,2026-04-27 20:00:00,Account,1,2026-04-28 07:42:49.143356895,11.71,5.0
T0001933,M00732,2026-02-08 10:00:00,Refund/Dispute,1,2026-02-09 13:59:57.189724461,28.0,4.0
T0001934,M00732,2026-03-07 16:00:00,Technical,1,2026-03-08 10:46:56.303967896,18.78,5.0
T0001932,M00732,2026-04-04 11:00:00,Payment,0,,,
T0001931,M00732,2026-04-19 20:00:00,Account,1,2026-04-20 13:46:45.787392300,17.78,4.0
T0001937,M00733,2026-03-18 11:00:00,Refund/Dispute,1,2026-03-19 05:17:16.014778360,18.29,4.0
T0001935,M00733,2026-03-28 20:00:00,Technical,1,2026-03-29 21:29:26.820879946,25.49,4.0
T0001936,M00733,2026-04-28 09:00:00,Refund/Dispute,0,,,
T0001938,M00733,2026-05-11 13:00:00,Technical,1,2026-05-11 23:48:08.244541825,10.8,4.0
T0001939,M00733,2026-05-20 10:00:00,Technical,1,2026-05-21 05:09:14.398014355,19.15,5.0
T0001940,M00734,2026-02-09 14:00:00,Account,1,2026-02-10 20:18:09.386568975,30.3,4.0
T0001941,M00734,2026-02-18 08:00:00,Technical,0,,,
T0001942,M00735,2026-03-17 13:00:00,Account,1,2026-03-18 04:43:52.147179807,15.73,5.0
T0001945,M00736,2026-02-26 18:00:00,Operations,0,,,
T0001946,M00736,2026-03-17 12:00:00,Account,1,2026-03-20 19:08:38.298078070,79.14,3.0
T0001944,M00736,2026-03-30 16:00:00,Operations,0,,,
T0001947,M00736,2026-05-02 13:00:00,Technical,1,2026-05-03 09:04:42.166355696,20.08,4.0
T0001943,M00736,2026-05-10 11:00:00,Account,1,2026-05-10 22:36:16.695425566,11.6,4.0
T0001948,M00736,2026-05-29 13:00:00,Operations,0,,,
T0001949,M00737,2026-02-09 14:00:00,Operations,1,2026-02-10 11:51:30.745222876,21.86,5.0
T0001951,M00737,2026-02-16 14:00:00,Refund/Dispute,1,2026-02-16 21:55:31.690793910,7.93,5.0
T0001950,M00737,2026-02-21 20:00:00,Operations,1,2026-02-22 09:18:17.319312198,13.3,4.0
T0001952,M00737,2026-02-26 19:00:00,Account,1,2026-02-27 13:31:20.819411824,18.52,4.0
T0001954,M00738,2026-02-03 19:00:00,Refund/Dispute,1,2026-02-04 08:48:55.830660606,13.82,5.0
T0001953,M00738,2026-02-13 17:00:00,Refund/Dispute,1,2026-02-14 03:32:59.834776610,10.55,4.0
T0001955,M00738,2026-03-11 18:00:00,Technical,0,,,
T0001956,M00738,2026-04-07 13:00:00,Refund/Dispute,0,,,
T0001957,M00738,2026-04-18 17:00:00,Technical,1,2026-04-19 14:09:02.994937585,21.15,5.0
T0001960,M00740,2026-02-22 14:00:00,Account,1,2026-02-22 20:27:17.418358843,6.45,5.0
T0001959,M00740,2026-03-04 18:00:00,Operations,1,2026-03-05 01:12:20.029998488,7.21,4.0
T0001961,M00740,2026-03-06 18:00:00,Payment,0,,,
T0001958,M00740,2026-04-14 09:00:00,Technical,1,2026-04-14 20:20:07.379718716,11.34,4.0
T0001963,M00741,2026-02-15 11:00:00,Payment,1,2026-02-16 12:39:36.201771576,25.66,4.0
T0001962,M00741,2026-04-30 08:00:00,Technical,0,,,
T0001964,M00742,2026-02-26 11:00:00,Technical,1,2026-02-26 18:34:06.881615119,7.57,5.0
T0001966,M00742,2026-02-28 10:00:00,Technical,1,2026-03-01 09:37:37.111433984,23.63,4.0
T0001965,M00742,2026-04-08 19:00:00,Technical,1,2026-04-09 13:35:08.964198477,18.59,4.0
T0001968,M00743,2026-02-25 20:00:00,Payment,0,,,
T0001967,M00743,2026-05-04 15:00:00,Payment,1,2026-05-06 14:16:16.105015758,47.27,4.0
T0001969,M00744,2026-02-07 16:00:00,Payment,1,2026-02-08 07:59:50.322171933,16.0,5.0
T0001970,M00745,2026-04-16 08:00:00,Operations,0,,,
T0001972,M00745,2026-04-25 15:00:00,Operations,1,2026-04-27 07:53:59.812667728,40.9,4.0
T0001971,M00745,2026-05-03 19:00:00,Payment,1,2026-05-04 17:47:56.248435168,22.8,4.0
T0001973,M00745,2026-05-26 18:00:00,Payment,1,2026-05-27 17:42:02.988778676,23.7,4.0
T0001975,M00747,2026-04-16 16:00:00,Refund/Dispute,1,2026-04-17 06:45:41.672801934,14.76,4.0
T0001974,M00747,2026-04-28 17:00:00,Technical,1,2026-04-29 06:03:22.749529687,13.06,4.0
T0001976,M00748,2026-04-04 08:00:00,Account,1,2026-04-05 03:06:32.306869756,19.11,4.0
T0001977,M00748,2026-05-12 08:00:00,Account,1,2026-05-12 22:25:46.564405532,14.43,4.0
T0001978,M00750,2026-05-20 08:00:00,Payment,1,2026-05-20 21:53:21.724439247,13.89,4.0
T0001979,M00751,2026-02-08 13:00:00,Operations,1,2026-02-08 18:17:30.192678146,5.29,5.0
T0001980,M00751,2026-02-14 10:00:00,Account,1,2026-02-14 16:45:24.392825604,6.76,5.0
T0001982,M00751,2026-03-27 12:00:00,Technical,1,2026-03-27 22:06:52.795226030,10.11,5.0
T0001981,M00751,2026-05-04 20:00:00,Account,0,,,
T0001983,M00752,2026-03-12 19:00:00,Account,1,2026-03-13 04:00:29.576725570,9.01,5.0
T0001984,M00753,2026-02-20 10:00:00,Operations,1,2026-02-20 17:39:22.574081995,7.66,4.0
T0001985,M00753,2026-05-07 14:00:00,Technical,1,2026-05-07 23:39:53.132353650,9.66,5.0
T0001986,M00754,2026-05-20 08:00:00,Account,1,2026-05-21 10:36:12.048034719,26.6,5.0
T0001987,M00755,2026-04-04 10:00:00,Payment,1,2026-04-05 02:29:05.452903744,16.48,4.0
T0001988,M00755,2026-04-05 20:00:00,Refund/Dispute,1,2026-04-07 17:13:15.627327549,45.22,4.0
T0001989,M00755,2026-04-29 14:00:00,Technical,0,,,
T0001991,M00756,2026-02-18 12:00:00,Account,0,,,
T0001992,M00756,2026-03-18 13:00:00,Account,1,2026-03-20 01:48:39.704828036,36.81,4.0
T0001990,M00756,2026-04-25 19:00:00,Operations,1,2026-04-27 06:10:56.167289187,35.18,4.0
T0001993,M00757,2026-02-28 12:00:00,Account,1,2026-03-01 07:12:19.135195066,19.21,4.0
T0001995,M00757,2026-03-02 14:00:00,Payment,1,2026-03-03 02:34:47.845384759,12.58,5.0
T0001994,M00757,2026-05-03 20:00:00,Technical,1,2026-05-05 21:51:57.890691111,49.87,4.0
T0001996,M00758,2026-02-23 13:00:00,Technical,1,2026-02-24 00:32:45.971257506,11.55,5.0
T0001997,M00758,2026-02-25 10:00:00,Operations,1,2026-02-26 04:06:58.846411778,18.12,5.0
T0001998,M00759,2026-02-01 15:00:00,Payment,1,2026-02-02 13:02:12.407116239,22.04,5.0
T0001999,M00759,2026-03-01 20:00:00,Payment,1,2026-03-02 13:17:07.689498989,17.29,4.0
T0002001,M00760,2026-02-10 13:00:00,Payment,0,,,
T0002002,M00760,2026-03-16 12:00:00,Account,0,,,
T0002000,M00760,2026-03-20 19:00:00,Refund/Dispute,0,,,
T0002003,M00760,2026-05-09 09:00:00,Technical,1,2026-05-10 15:10:09.745129480,30.17,3.0
T0002005,M00761,2026-02-11 16:00:00,Refund/Dispute,1,2026-02-13 06:47:21.468239606,38.79,3.0
T0002006,M00761,2026-05-02 19:00:00,Payment,0,,,
T0002004,M00761,2026-05-04 19:00:00,Operations,1,2026-05-05 10:08:32.183924938,15.14,4.0
T0002008,M00762,2026-02-28 11:00:00,Technical,1,2026-03-01 00:18:57.092296388,13.32,5.0
T0002007,M00762,2026-03-15 08:00:00,Payment,1,2026-03-15 18:40:07.835665818,10.67,4.0
T0002009,M00762,2026-05-29 18:00:00,Operations,1,2026-05-31 03:33:20.638783008,33.56,4.0
T0002011,M00763,2026-02-26 18:00:00,Refund/Dispute,1,2026-02-27 08:36:40.872247578,14.61,5.0
T0002010,M00763,2026-05-13 08:00:00,Payment,0,,,
T0002012,M00766,2026-03-13 13:00:00,Operations,1,2026-03-14 05:40:50.602577217,16.68,4.0
T0002013,M00766,2026-03-14 20:00:00,Payment,1,2026-03-16 18:50:47.471234589,46.85,3.0
T0002014,M00766,2026-03-22 08:00:00,Account,1,2026-03-23 08:13:34.536084978,24.23,4.0
T0002015,M00767,2026-02-08 16:00:00,Payment,1,2026-02-09 12:14:15.363796902,20.24,5.0
T0002017,M00768,2026-02-02 11:00:00,Payment,0,,,
T0002016,M00768,2026-02-20 17:00:00,Payment,1,2026-02-22 10:18:14.877742507,41.3,4.0
T0002019,M00768,2026-04-19 11:00:00,Account,1,2026-04-19 21:39:23.299216866,10.66,5.0
T0002018,M00768,2026-05-20 12:00:00,Refund/Dispute,1,2026-05-21 02:12:59.261858564,14.22,5.0
T0002020,M00769,2026-02-25 20:00:00,Payment,1,2026-02-27 11:12:34.416635461,39.21,4.0
T0002021,M00769,2026-04-18 12:00:00,Operations,1,2026-04-19 07:36:51.178324093,19.61,5.0
T0002025,M00770,2026-02-10 12:00:00,Account,1,2026-02-11 04:16:16.102531128,16.27,5.0
T0002023,M00770,2026-02-23 19:00:00,Operations,0,,,
T0002024,M00770,2026-02-24 13:00:00,Operations,1,2026-02-25 06:40:52.166992753,17.68,5.0
T0002026,M00770,2026-03-14 18:00:00,Operations,1,2026-03-15 20:27:16.345417284,26.45,4.0
T0002022,M00770,2026-04-26 20:00:00,Payment,1,2026-04-27 17:52:08.167874775,21.87,3.0
T0002030,M00771,2026-03-23 16:00:00,Technical,1,2026-03-24 16:52:18.675507198,24.87,5.0
T0002027,M00771,2026-04-13 11:00:00,Operations,1,2026-04-14 03:19:23.778925816,16.32,5.0
T0002028,M00771,2026-05-02 11:00:00,Operations,1,2026-05-04 02:28:38.220078457,39.48,4.0
T0002029,M00771,2026-05-23 11:00:00,Operations,1,2026-05-24 11:28:52.039358400,24.48,5.0
T0002031,M00772,2026-02-22 17:00:00,Operations,1,2026-02-23 01:25:48.704593026,8.43,5.0
T0002034,M00772,2026-03-06 13:00:00,Payment,1,2026-03-07 09:03:57.262641793,20.07,4.0
T0002033,M00772,2026-04-14 09:00:00,Account,1,2026-04-15 04:35:53.449996941,19.6,5.0
T0002032,M00772,2026-04-15 12:00:00,Operations,1,2026-04-15 20:42:04.230979329,8.7,5.0
T0002035,M00772,2026-04-23 19:00:00,Operations,1,2026-04-25 02:46:12.488790291,31.77,3.0
T0002036,M00773,2026-03-21 17:00:00,Operations,1,2026-03-22 05:08:50.275325745,12.15,5.0
T0002037,M00774,2026-03-27 15:00:00,Refund/Dispute,0,,,
T0002038,M00774,2026-05-23 12:00:00,Technical,1,2026-05-24 21:30:34.088888242,33.51,3.0
T0002039,M00775,2026-03-03 12:00:00,Operations,0,,,
T0002040,M00775,2026-04-16 09:00:00,Refund/Dispute,1,2026-04-17 16:42:11.744808894,31.7,4.0
T0002041,M00775,2026-05-25 14:00:00,Refund/Dispute,1,2026-05-26 14:38:12.191779737,24.64,4.0
T0002042,M00776,2026-02-18 18:00:00,Refund/Dispute,1,2026-02-19 12:38:25.825644002,18.64,5.0
T0002043,M00776,2026-05-01 11:00:00,Technical,1,2026-05-02 11:36:42.927804939,24.61,4.0
T0002047,M00777,2026-02-08 20:00:00,Operations,1,2026-02-09 08:19:06.035371068,12.32,5.0
T0002049,M00777,2026-02-18 18:00:00,Payment,1,2026-02-19 06:54:58.431115270,12.92,5.0
T0002046,M00777,2026-03-10 10:00:00,Payment,1,2026-03-10 18:07:57.346970070,8.13,5.0
T0002044,M00777,2026-03-25 19:00:00,Account,0,,,
T0002045,M00777,2026-04-15 16:00:00,Technical,1,2026-04-16 20:29:58.126905733,28.5,5.0
T0002048,M00777,2026-05-09 20:00:00,Technical,1,2026-05-10 07:54:48.074903503,11.91,4.0
T0002050,M00778,2026-02-12 08:00:00,Technical,1,2026-02-16 18:34:53.646324866,106.58,1.0
T0002051,M00778,2026-02-20 14:00:00,Account,0,,,
T0002053,M00778,2026-04-30 17:00:00,Payment,1,2026-05-01 01:10:19.778834834,8.17,5.0
T0002052,M00778,2026-05-03 19:00:00,Operations,1,2026-05-05 01:03:59.921304627,30.07,4.0
T0002055,M00779,2026-04-28 08:00:00,Payment,1,2026-04-28 20:35:45.757786556,12.6,5.0
T0002054,M00779,2026-05-11 19:00:00,Technical,1,2026-05-12 07:04:15.370364085,12.07,4.0
T0002056,M00780,2026-04-07 10:00:00,Payment,1,2026-04-08 14:33:39.535500654,28.56,4.0
T0002058,M00781,2026-03-03 17:00:00,Account,1,2026-03-05 07:55:49.442608956,38.93,4.0
T0002057,M00781,2026-05-19 19:00:00,Technical,1,2026-05-20 15:17:08.235158855,20.29,5.0
T0002059,M00782,2026-02-01 14:00:00,Technical,1,2026-02-02 09:48:37.407167211,19.81,4.0
T0002061,M00782,2026-05-19 11:00:00,Refund/Dispute,1,2026-05-19 23:41:09.662626687,12.69,4.0
T0002060,M00782,2026-05-23 08:00:00,Payment,1,2026-05-24 02:03:45.834684030,18.06,5.0
T0002063,M00784,2026-02-21 10:00:00,Technical,0,,,
T0002062,M00784,2026-04-30 12:00:00,Refund/Dispute,1,2026-05-01 04:26:27.035364962,16.44,5.0
T0002068,M00785,2026-02-13 11:00:00,Account,0,,,
T0002067,M00785,2026-03-11 08:00:00,Payment,1,2026-03-13 05:03:03.452179748,45.05,3.0
T0002065,M00785,2026-03-25 16:00:00,Operations,1,2026-03-26 20:34:04.112772913,28.57,2.0
T0002066,M00785,2026-04-08 16:00:00,Account,1,2026-04-09 03:07:20.583506218,11.12,4.0
T0002069,M00785,2026-04-30 10:00:00,Refund/Dispute,0,,,
T0002064,M00785,2026-05-30 13:00:00,Technical,1,2026-05-31 09:15:38.061744361,20.26,5.0
T0002070,M00786,2026-04-20 17:00:00,Refund/Dispute,1,2026-04-21 17:25:01.099259410,24.42,4.0
T0002075,M00787,2026-03-07 13:00:00,Payment,0,,,
T0002071,M00787,2026-03-19 15:00:00,Account,1,2026-03-19 23:28:30.195588943,8.48,5.0
T0002072,M00787,2026-04-17 09:00:00,Payment,1,2026-04-18 22:48:26.778991410,37.81,4.0
T0002073,M00787,2026-05-11 11:00:00,Operations,1,2026-05-12 06:00:55.831545093,19.02,4.0
T0002074,M00787,2026-05-17 18:00:00,Payment,1,2026-05-18 20:39:22.078039042,26.66,4.0
T0002078,M00788,2026-02-19 19:00:00,Technical,1,2026-02-20 10:45:33.253533309,15.76,4.0
T0002076,M00788,2026-02-20 08:00:00,Technical,1,2026-02-21 04:19:03.569037920,20.32,4.0
T0002077,M00788,2026-05-31 16:00:00,Account,1,2026-05-31 22:06:13.846256992,6.1,5.0
T0002079,M00789,2026-05-08 19:00:00,Technical,1,2026-05-09 11:49:54.969586503,16.83,4.0
T0002080,M00789,2026-05-30 11:00:00,Payment,0,,,
T0002081,M00790,2026-04-11 14:00:00,Operations,1,2026-04-11 21:26:02.719221424,7.43,5.0
T0002083,M00790,2026-05-03 18:00:00,Refund/Dispute,1,2026-05-04 06:17:40.700260471,12.29,5.0
T0002082,M00790,2026-05-31 14:00:00,Operations,1,2026-06-01 09:08:06.449836290,19.14,4.0
T0002084,M00791,2026-03-04 11:00:00,Account,1,2026-03-04 19:12:07.380944827,8.2,5.0
T0002085,M00791,2026-04-22 08:00:00,Payment,1,2026-04-22 19:25:12.851243058,11.42,4.0
T0002086,M00792,2026-02-06 13:00:00,Refund/Dispute,1,2026-02-09 07:24:41.054825689,66.41,3.0
T0002089,M00792,2026-02-19 09:00:00,Technical,1,2026-02-20 01:21:16.153810257,16.35,4.0
T0002087,M00792,2026-03-06 17:00:00,Payment,1,2026-03-07 06:24:34.948169038,13.41,5.0
T0002088,M00792,2026-03-17 09:00:00,Payment,0,,,
T0002092,M00792,2026-04-17 15:00:00,Operations,1,2026-04-19 00:53:51.785072343,33.9,5.0
T0002094,M00792,2026-05-05 16:00:00,Account,0,,,
T0002090,M00792,2026-05-18 17:00:00,Technical,1,2026-05-20 03:42:49.589734057,34.71,4.0
T0002091,M00792,2026-05-28 16:00:00,Operations,0,,,
T0002093,M00792,2026-05-29 17:00:00,Technical,0,,,
T0002100,M00793,2026-02-19 17:00:00,Refund/Dispute,1,2026-02-20 12:32:07.554274195,19.54,5.0
T0002096,M00793,2026-03-03 15:00:00,Payment,1,2026-03-04 16:23:08.273087984,25.39,5.0
T0002095,M00793,2026-03-04 12:00:00,Operations,1,2026-03-04 21:57:20.879189665,9.96,4.0
T0002098,M00793,2026-04-22 16:00:00,Operations,1,2026-04-24 17:28:26.344055524,49.47,3.0
T0002097,M00793,2026-05-14 10:00:00,Payment,1,2026-05-14 22:05:10.319299069,12.09,4.0
T0002099,M00793,2026-05-14 14:00:00,Account,1,2026-05-15 13:34:21.475016331,23.57,5.0
T0002102,M00794,2026-03-06 18:00:00,Refund/Dispute,1,2026-03-07 09:37:30.797302188,15.63,5.0
T0002106,M00794,2026-03-08 08:00:00,Technical,1,2026-03-08 20:24:27.430776842,12.41,3.0
T0002107,M00794,2026-03-17 19:00:00,Account,1,2026-03-18 04:07:33.724168345,9.13,5.0
T0002101,M00794,2026-03-23 09:00:00,Technical,1,2026-03-23 23:32:20.119816993,14.54,4.0
T0002104,M00794,2026-04-09 11:00:00,Account,1,2026-04-11 09:23:10.415106247,46.39,3.0
T0002103,M00794,2026-05-03 19:00:00,Payment,1,2026-05-04 18:29:22.009853288,23.49,4.0
T0002105,M00794,2026-05-10 14:00:00,Payment,0,,,
T0002110,M00795,2026-03-01 15:00:00,Refund/Dispute,1,2026-03-02 14:57:13.739909626,23.95,5.0
T0002111,M00795,2026-03-05 13:00:00,Refund/Dispute,1,2026-03-06 03:39:54.383093172,14.67,5.0
T0002109,M00795,2026-03-15 12:00:00,Payment,1,2026-03-16 01:33:15.767800210,13.55,5.0
T0002108,M00795,2026-04-29 20:00:00,Account,0,,,
T0002114,M00796,2026-02-21 18:00:00,Technical,1,2026-02-22 21:26:23.687135944,27.44,5.0
T0002113,M00796,2026-04-18 11:00:00,Technical,1,2026-04-20 03:47:44.019678213,40.8,4.0
T0002112,M00796,2026-05-20 12:00:00,Refund/Dispute,1,2026-05-21 01:36:27.345838014,13.61,4.0
T0002118,M00797,2026-02-24 20:00:00,Refund/Dispute,1,2026-02-25 17:39:07.772896454,21.65,5.0
T0002116,M00797,2026-04-05 12:00:00,Account,0,,,
T0002117,M00797,2026-04-18 16:00:00,Operations,1,2026-04-20 23:27:58.471136074,55.47,4.0
T0002115,M00797,2026-04-20 09:00:00,Technical,1,2026-04-20 23:46:02.716436578,14.77,4.0
T0002125,M00798,2026-02-06 11:00:00,Technical,1,2026-02-07 09:35:55.039294183,22.6,5.0
T0002121,M00798,2026-03-10 11:00:00,Account,1,2026-03-10 19:02:15.833471074,8.04,5.0
T0002122,M00798,2026-03-18 16:00:00,Account,1,2026-03-19 08:36:39.539623197,16.61,5.0
T0002120,M00798,2026-04-18 17:00:00,Payment,1,2026-04-19 05:49:32.670375024,12.83,5.0
T0002123,M00798,2026-05-02 17:00:00,Account,0,,,
T0002119,M00798,2026-05-09 16:00:00,Operations,0,,,
T0002124,M00798,2026-05-27 20:00:00,Refund/Dispute,1,2026-05-28 19:09:25.287814450,23.16,4.0
T0002126,M00799,2026-03-11 17:00:00,Technical,1,2026-03-12 06:46:54.047236652,13.78,4.0
T0002127,M00799,2026-04-17 18:00:00,Operations,1,2026-04-18 21:50:11.799785047,27.84,4.0
T0002128,M00800,2026-02-07 14:00:00,Technical,1,2026-02-12 14:00:00.000000000,120.0,1.0
T0002129,M00801,2026-02-05 09:00:00,Account,1,2026-02-05 23:38:30.432854983,14.64,4.0
T0002130,M00802,2026-03-12 16:00:00,Refund/Dispute,1,2026-03-14 05:18:46.163306898,37.31,4.0
T0002131,M00802,2026-03-17 13:00:00,Refund/Dispute,1,2026-03-18 06:23:00.811670604,17.38,5.0
T0002132,M00803,2026-03-01 19:00:00,Technical,1,2026-03-03 06:38:46.989770341,35.65,5.0
T0002133,M00803,2026-03-24 13:00:00,Refund/Dispute,1,2026-03-25 18:05:37.343507074,29.09,3.0
T0002136,M00803,2026-03-26 13:00:00,Technical,1,2026-03-27 05:03:20.243502900,16.06,4.0
T0002135,M00803,2026-05-06 17:00:00,Operations,0,,,
T0002134,M00803,2026-05-25 16:00:00,Payment,1,2026-05-25 22:05:48.474667345,6.1,5.0
T0002137,M00804,2026-03-19 15:00:00,Operations,1,2026-03-20 04:26:57.007847122,13.45,4.0
T0002140,M00805,2026-02-25 09:00:00,Technical,1,2026-02-26 01:45:31.926634185,16.76,5.0
T0002138,M00805,2026-04-06 20:00:00,Account,1,2026-04-07 12:39:25.374693427,16.66,4.0
T0002139,M00805,2026-05-12 15:00:00,Technical,1,2026-05-13 08:58:31.268022333,17.98,5.0
T0002141,M00806,2026-03-13 08:00:00,Operations,1,2026-03-15 12:28:52.735455847,52.48,3.0
T0002142,M00806,2026-05-12 14:00:00,Account,1,2026-05-13 17:43:26.629599471,27.72,4.0
T0002144,M00807,2026-02-24 12:00:00,Account,1,2026-02-24 18:27:10.607080363,6.45,5.0
T0002148,M00807,2026-04-02 08:00:00,Refund/Dispute,1,2026-04-03 11:59:47.676124698,28.0,4.0
T0002146,M00807,2026-05-10 15:00:00,Refund/Dispute,1,2026-05-11 01:49:51.868682126,10.83,5.0
T0002147,M00807,2026-05-11 08:00:00,Account,1,2026-05-11 19:01:15.978882410,11.02,3.0
T0002145,M00807,2026-05-16 20:00:00,Payment,1,2026-05-17 02:20:43.666479877,6.35,5.0
T0002143,M00807,2026-05-27 14:00:00,Operations,0,,,
T0002151,M00808,2026-04-07 18:00:00,Technical,0,,,
T0002152,M00808,2026-04-13 08:00:00,Account,1,2026-04-14 16:50:14.284205566,32.84,3.0
T0002153,M00808,2026-05-01 14:00:00,Payment,1,2026-05-02 04:49:32.770026181,14.83,4.0
T0002149,M00808,2026-05-20 16:00:00,Account,1,2026-05-21 18:33:16.546516027,26.55,5.0
T0002150,M00808,2026-05-23 10:00:00,Technical,1,2026-05-24 01:08:47.899538433,15.15,3.0
T0002154,M00809,2026-05-14 20:00:00,Refund/Dispute,1,2026-05-15 14:34:28.787972444,18.57,4.0
T0002155,M00809,2026-05-15 20:00:00,Technical,0,,,
T0002157,M00811,2026-02-15 10:00:00,Account,1,2026-02-15 14:59:55.914592624,5.0,5.0
T0002156,M00811,2026-02-15 15:00:00,Payment,1,2026-02-16 20:30:55.712666484,29.52,4.0
T0002158,M00812,2026-02-02 09:00:00,Account,1,2026-02-02 21:04:28.332462853,12.07,5.0
T0002159,M00812,2026-02-06 11:00:00,Payment,0,,,
T0002161,M00813,2026-02-27 11:00:00,Technical,1,2026-02-28 07:26:21.379452522,20.44,4.0
T0002160,M00813,2026-05-26 18:00:00,Refund/Dispute,1,2026-05-27 07:04:41.373708888,13.08,4.0
T0002162,M00814,2026-04-05 17:00:00,Account,1,2026-04-07 05:28:42.201132247,36.48,4.0
T0002166,M00815,2026-02-23 16:00:00,Operations,1,2026-02-24 07:39:38.268681415,15.66,5.0
T0002163,M00815,2026-03-12 12:00:00,Account,1,2026-03-13 07:46:15.827772144,19.77,3.0
T0002165,M00815,2026-03-18 17:00:00,Technical,1,2026-03-20 16:12:38.870873240,47.21,4.0
T0002164,M00815,2026-04-03 18:00:00,Account,1,2026-04-04 11:22:05.872954800,17.37,5.0
T0002167,M00815,2026-04-09 16:00:00,Refund/Dispute,1,2026-04-10 22:59:49.282206097,31.0,4.0
T0002168,M00816,2026-03-24 11:00:00,Operations,1,2026-03-25 19:43:57.979064964,32.73,4.0
T0002169,M00816,2026-04-25 16:00:00,Operations,1,2026-04-26 16:44:20.815623657,24.74,4.0
T0002172,M00817,2026-02-06 11:00:00,Operations,0,,,
T0002171,M00817,2026-02-25 09:00:00,Refund/Dispute,1,2026-02-26 11:45:40.515912961,26.76,3.0
T0002170,M00817,2026-03-08 12:00:00,Refund/Dispute,1,2026-03-09 07:12:44.373857436,19.21,5.0
T0002176,M00818,2026-02-11 10:00:00,Technical,1,2026-02-12 03:36:36.559518501,17.61,5.0
T0002175,M00818,2026-03-07 19:00:00,Technical,1,2026-03-08 17:27:57.421147712,22.47,4.0
T0002174,M00818,2026-04-07 11:00:00,Account,1,2026-04-11 00:51:07.527312630,85.85,2.0
T0002177,M00818,2026-05-29 15:00:00,Account,1,2026-05-30 14:00:24.166400630,23.01,4.0
T0002173,M00818,2026-05-31 16:00:00,Technical,1,2026-06-01 09:24:05.535420066,17.4,4.0
T0002178,M00819,2026-02-14 16:00:00,Account,1,2026-02-15 20:51:36.042001725,28.86,4.0
T0002179,M00820,2026-02-06 11:00:00,Operations,1,2026-02-07 03:17:57.788185473,16.3,4.0
T0002180,M00820,2026-04-22 11:00:00,Operations,1,2026-04-23 03:27:50.358503469,16.46,5.0
T0002181,M00821,2026-05-10 16:00:00,Operations,1,2026-05-11 20:37:12.616417938,28.62,3.0
T0002185,M00822,2026-02-23 13:00:00,Refund/Dispute,0,,,
T0002184,M00822,2026-03-16 08:00:00,Operations,1,2026-03-20 06:23:42.446778568,94.4,1.0
T0002182,M00822,2026-05-11 14:00:00,Payment,1,2026-05-12 06:29:29.472919231,16.49,5.0
T0002187,M00822,2026-05-13 20:00:00,Operations,0,,,
T0002186,M00822,2026-05-26 11:00:00,Account,1,2026-05-26 18:16:34.127708001,7.28,4.0
T0002183,M00822,2026-05-28 11:00:00,Payment,1,2026-05-29 07:44:21.377035824,20.74,4.0
T0002188,M00823,2026-02-10 17:00:00,Technical,1,2026-02-11 09:16:54.941443622,16.28,4.0
T0002189,M00823,2026-02-27 18:00:00,Account,1,2026-02-28 17:49:32.338545783,23.83,5.0
T0002190,M00824,2026-03-11 11:00:00,Payment,1,2026-03-12 23:21:42.212606702,36.36,3.0
T0002191,M00824,2026-03-23 19:00:00,Refund/Dispute,0,,,
T0002194,M00824,2026-04-19 19:00:00,Technical,1,2026-04-21 20:23:14.228554538,49.39,3.0
T0002192,M00824,2026-04-21 15:00:00,Refund/Dispute,1,2026-04-21 21:46:25.564386388,6.77,5.0
T0002193,M00824,2026-05-12 16:00:00,Technical,1,2026-05-13 20:23:46.911873379,28.4,4.0
T0002195,M00825,2026-05-22 17:00:00,Technical,1,2026-05-23 03:20:15.242702316,10.34,4.0
T0002196,M00826,2026-03-12 19:00:00,Account,0,,,
T0002198,M00826,2026-04-11 15:00:00,Technical,0,,,
T0002197,M00826,2026-05-23 13:00:00,Operations,1,2026-05-23 21:34:21.903371637,8.57,4.0
T0002200,M00827,2026-03-05 17:00:00,Payment,1,2026-03-06 01:41:01.304368746,8.68,3.0
T0002199,M00827,2026-05-07 17:00:00,Technical,1,2026-05-08 12:45:14.292459442,19.75,4.0
T0002201,M00828,2026-02-13 13:00:00,Refund/Dispute,1,2026-02-13 23:42:55.079330248,10.72,5.0
T0002202,M00828,2026-03-11 08:00:00,Technical,1,2026-03-11 15:41:38.307094627,7.69,5.0
T0002203,M00829,2026-03-21 12:00:00,Technical,1,2026-03-22 17:05:44.963836548,29.1,3.0
T0002204,M00830,2026-03-14 09:00:00,Refund/Dispute,1,2026-03-15 04:38:27.321254653,19.64,5.0
T0002205,M00830,2026-05-06 15:00:00,Refund/Dispute,1,2026-05-07 09:26:36.580066558,18.44,5.0
T0002209,M00831,2026-03-06 14:00:00,Payment,1,2026-03-07 05:45:07.184134652,15.75,5.0
T0002206,M00831,2026-03-29 09:00:00,Technical,1,2026-03-30 05:23:48.225236319,20.4,4.0
T0002210,M00831,2026-03-29 10:00:00,Payment,0,,,
T0002208,M00831,2026-03-29 14:00:00,Account,1,2026-03-30 01:55:28.297943155,11.92,4.0
T0002207,M00831,2026-05-05 16:00:00,Payment,1,2026-05-06 02:34:47.814241407,10.58,5.0
T0002211,M00832,2026-03-03 19:00:00,Account,1,2026-03-04 19:01:07.555664989,24.02,4.0
T0002212,M00832,2026-04-08 20:00:00,Account,1,2026-04-09 11:44:44.912460688,15.75,5.0
T0002215,M00833,2026-02-07 20:00:00,Refund/Dispute,1,2026-02-08 21:42:40.654971450,25.71,4.0
T0002213,M00833,2026-04-26 08:00:00,Refund/Dispute,1,2026-04-28 03:41:30.200459316,43.69,4.0
T0002216,M00833,2026-05-13 09:00:00,Refund/Dispute,1,2026-05-14 13:41:55.801517409,28.7,4.0
T0002214,M00833,2026-05-17 20:00:00,Payment,0,,,
T0002218,M00834,2026-02-24 08:00:00,Operations,1,2026-02-24 14:53:43.877748134,6.9,5.0
T0002217,M00834,2026-05-10 18:00:00,Account,1,2026-05-11 03:24:33.246611240,9.41,4.0
T0002220,M00835,2026-03-17 09:00:00,Technical,1,2026-03-17 20:38:08.461850150,11.64,5.0
T0002219,M00835,2026-05-31 10:00:00,Account,1,2026-06-01 01:23:54.764467623,15.4,4.0
T0002221,M00836,2026-02-13 17:00:00,Payment,0,,,
T0002222,M00836,2026-02-15 09:00:00,Refund/Dispute,1,2026-02-16 17:50:50.873153841,32.85,4.0
T0002224,M00837,2026-04-27 16:00:00,Technical,1,2026-04-28 01:43:07.594404412,9.72,5.0
T0002225,M00837,2026-04-30 12:00:00,Account,1,2026-05-01 09:33:56.615584194,21.57,4.0
T0002223,M00837,2026-05-04 18:00:00,Account,1,2026-05-05 02:02:09.057281269,8.04,4.0
T0002226,M00840,2026-04-27 20:00:00,Technical,1,2026-04-28 03:37:37.753463452,7.63,5.0
T0002227,M00842,2026-02-06 17:00:00,Account,1,2026-02-07 17:54:22.716082418,24.91,5.0
T0002229,M00842,2026-04-14 20:00:00,Technical,1,2026-04-16 16:18:09.525328585,44.3,3.0
T0002228,M00842,2026-04-19 12:00:00,Payment,1,2026-04-21 06:58:32.364664564,42.98,4.0
T0002230,M00843,2026-03-31 20:00:00,Payment,1,2026-04-01 07:46:25.477078807,11.77,4.0
T0002232,M00844,2026-02-02 19:00:00,Refund/Dispute,0,,,
T0002231,M00844,2026-02-19 11:00:00,Payment,1,2026-02-20 07:31:00.600485066,20.52,4.0
T0002237,M00844,2026-02-19 11:00:00,Technical,1,2026-02-20 19:38:48.045313690,32.65,5.0
T0002233,M00844,2026-04-09 19:00:00,Refund/Dispute,1,2026-04-11 17:52:29.544052915,46.87,4.0
T0002236,M00844,2026-05-12 11:00:00,Refund/Dispute,0,,,
T0002234,M00844,2026-05-19 16:00:00,Payment,1,2026-05-20 17:07:52.984703125,25.13,4.0
T0002235,M00844,2026-05-26 08:00:00,Operations,1,2026-05-29 04:50:10.609839646,68.84,3.0
T0002241,M00845,2026-02-18 10:00:00,Refund/Dispute,1,2026-02-18 18:57:20.940347311,8.96,4.0
T0002239,M00845,2026-03-11 18:00:00,Account,1,2026-03-12 12:57:09.212391381,18.95,4.0
T0002238,M00845,2026-03-24 18:00:00,Refund/Dispute,1,2026-03-26 20:39:13.513074994,50.65,4.0
T0002242,M00845,2026-04-25 19:00:00,Account,1,2026-04-26 10:14:10.163652410,15.24,5.0
T0002240,M00845,2026-05-17 14:00:00,Operations,1,2026-05-19 05:40:56.395790428,39.68,3.0
T0002243,M00846,2026-03-10 14:00:00,Account,1,2026-03-11 02:37:07.488479658,12.62,4.0
T0002245,M00846,2026-03-14 15:00:00,Account,0,,,
T0002244,M00846,2026-05-10 09:00:00,Account,1,2026-05-10 18:05:41.716965836,9.09,4.0
T0002246,M00847,2026-02-03 08:00:00,Payment,1,2026-02-03 16:47:29.880309487,8.79,5.0
T0002247,M00847,2026-05-31 13:00:00,Refund/Dispute,1,2026-05-31 23:18:06.839968996,10.3,5.0
T0002249,M00848,2026-03-12 11:00:00,Payment,1,2026-03-14 22:22:16.979434226,59.37,2.0
T0002248,M00848,2026-03-26 08:00:00,Account,1,2026-03-27 13:03:15.181423549,29.05,3.0
T0002251,M00848,2026-05-09 09:00:00,Operations,0,,,
T0002250,M00848,2026-05-21 18:00:00,Refund/Dispute,1,2026-05-22 04:39:23.527918000,10.66,4.0
T0002255,M00849,2026-04-12 09:00:00,Refund/Dispute,1,2026-04-12 15:54:09.269182515,6.9,4.0
T0002253,M00849,2026-04-14 19:00:00,Account,1,2026-04-14 23:38:34.942404912,4.64,5.0
T0002252,M00849,2026-04-16 16:00:00,Operations,1,2026-04-17 23:26:57.208565324,31.45,3.0
T0002254,M00849,2026-05-01 20:00:00,Refund/Dispute,1,2026-05-02 11:30:14.886454676,15.5,3.0
T0002256,M00850,2026-02-16 12:00:00,Account,1,2026-02-16 18:24:31.416479805,6.41,5.0
T0002258,M00851,2026-03-15 09:00:00,Payment,1,2026-03-16 02:34:05.220531713,17.57,4.0
T0002257,M00851,2026-05-14 18:00:00,Refund/Dispute,0,,,
T0002259,M00852,2026-05-06 11:00:00,Account,1,2026-05-07 15:38:11.041143417,28.64,4.0
T0002261,M00853,2026-02-25 11:00:00,Technical,1,2026-02-26 01:03:43.125840644,14.06,5.0
T0002262,M00853,2026-03-27 19:00:00,Account,1,2026-03-28 22:53:39.663682508,27.89,4.0
T0002260,M00853,2026-04-03 15:00:00,Technical,1,2026-04-04 10:56:09.342106857,19.94,5.0
T0002266,M00855,2026-02-15 20:00:00,Account,1,2026-02-17 04:50:35.033499690,32.84,4.0
T0002263,M00855,2026-03-29 17:00:00,Technical,1,2026-03-31 23:09:25.248505399,54.16,3.0
T0002265,M00855,2026-03-30 15:00:00,Account,1,2026-03-31 13:01:01.514360711,22.02,4.0
T0002264,M00855,2026-05-10 08:00:00,Operations,1,2026-05-10 20:17:27.368662059,12.29,4.0
T0002268,M00856,2026-02-02 11:00:00,Technical,1,2026-02-02 18:11:12.927767650,7.19,5.0
T0002267,M00856,2026-04-15 18:00:00,Refund/Dispute,1,2026-04-18 10:05:43.218604680,64.1,3.0
T0002269,M00856,2026-05-31 08:00:00,Technical,1,2026-06-01 02:51:03.233451063,18.85,5.0
T0002271,M00857,2026-02-24 12:00:00,Operations,1,2026-02-25 03:51:20.895083485,15.86,5.0
T0002270,M00857,2026-05-08 14:00:00,Payment,1,2026-05-09 08:08:16.711374829,18.14,5.0
T0002273,M00858,2026-02-14 12:00:00,Operations,0,,,
T0002272,M00858,2026-03-08 16:00:00,Operations,1,2026-03-09 14:05:21.603074654,22.09,4.0
T0002274,M00858,2026-03-11 09:00:00,Refund/Dispute,1,2026-03-12 12:33:55.864108216,27.57,4.0
T0002276,M00858,2026-04-01 19:00:00,Operations,1,2026-04-02 11:16:04.202332582,16.27,4.0
T0002275,M00858,2026-04-25 19:00:00,Account,1,2026-04-26 13:05:26.537540121,18.09,4.0
T0002277,M00859,2026-02-25 11:00:00,Payment,1,2026-02-26 02:58:01.159064400,15.97,4.0
T0002278,M00860,2026-05-27 12:00:00,Technical,1,2026-05-27 23:28:01.889419486,11.47,5.0
T0002279,M00861,2026-03-18 17:00:00,Refund/Dispute,1,2026-03-19 14:18:42.855337339,21.31,5.0
T0002280,M00861,2026-04-01 09:00:00,Operations,1,2026-04-01 16:48:24.599169496,7.81,5.0
T0002282,M00861,2026-04-14 13:00:00,Operations,1,2026-04-15 04:36:44.656515511,15.61,4.0
T0002281,M00861,2026-05-10 15:00:00,Account,1,2026-05-12 16:11:38.671733644,49.19,3.0
T0002284,M00862,2026-03-29 14:00:00,Refund/Dispute,1,2026-03-30 03:22:35.999627030,13.38,4.0
T0002285,M00862,2026-05-03 20:00:00,Refund/Dispute,1,2026-05-05 11:18:51.674862031,39.31,3.0
T0002283,M00862,2026-05-28 08:00:00,Refund/Dispute,1,2026-05-29 19:15:12.880411128,35.25,3.0
T0002286,M00863,2026-03-09 19:00:00,Account,1,2026-03-10 23:27:09.726269943,28.45,3.0
T0002287,M00863,2026-03-20 18:00:00,Payment,1,2026-03-21 20:32:54.919816360,26.55,4.0
T0002288,M00863,2026-04-06 15:00:00,Operations,1,2026-04-06 22:01:25.629384817,7.02,4.0
T0002290,M00864,2026-03-01 19:00:00,Account,1,2026-03-02 03:13:57.345390310,8.23,5.0
T0002289,M00864,2026-04-12 12:00:00,Payment,1,2026-04-13 04:40:05.876520362,16.67,4.0
T0002294,M00866,2026-02-28 10:00:00,Payment,1,2026-02-28 21:59:14.672565096,11.99,4.0
T0002293,M00866,2026-03-07 15:00:00,Technical,1,2026-03-08 02:43:23.182174740,11.72,5.0
T0002295,M00866,2026-03-10 11:00:00,Refund/Dispute,1,2026-03-11 09:42:17.443759068,22.7,4.0
T0002291,M00866,2026-04-15 17:00:00,Account,1,2026-04-16 15:47:47.630051757,22.8,5.0
T0002292,M00866,2026-04-16 14:00:00,Account,1,2026-04-17 00:27:10.346682870,10.45,4.0
T0002297,M00867,2026-03-04 20:00:00,Payment,1,2026-03-05 08:41:30.736945734,12.69,5.0
T0002296,M00867,2026-05-24 15:00:00,Account,1,2026-05-25 07:21:30.604117726,16.36,4.0
T0002299,M00868,2026-02-24 19:00:00,Refund/Dispute,1,2026-02-26 18:43:06.678885558,47.72,3.0
T0002303,M00868,2026-02-27 12:00:00,Account,1,2026-02-28 17:13:50.576267330,29.23,5.0
T0002304,M00868,2026-03-20 13:00:00,Refund/Dispute,1,2026-03-21 10:18:09.243454356,21.3,5.0
T0002300,M00868,2026-03-21 18:00:00,Payment,1,2026-03-22 10:07:11.922146155,16.12,5.0
T0002298,M00868,2026-03-23 17:00:00,Payment,1,2026-03-24 09:57:16.530921637,16.95,3.0
T0002302,M00868,2026-04-10 10:00:00,Operations,1,2026-04-11 15:42:17.284492231,29.7,4.0
T0002301,M00868,2026-05-05 16:00:00,Payment,0,,,
T0002305,M00869,2026-02-07 08:00:00,Refund/Dispute,1,2026-02-08 03:05:50.355023798,19.1,5.0
T0002308,M00869,2026-02-14 16:00:00,Account,1,2026-02-15 13:48:54.692618965,21.82,4.0
T0002306,M00869,2026-02-22 10:00:00,Operations,1,2026-02-22 20:01:43.841219851,10.03,4.0
T0002307,M00869,2026-04-06 13:00:00,Operations,1,2026-04-07 04:38:45.884839754,15.65,4.0
T0002309,M00869,2026-04-08 08:00:00,Payment,0,,,
T0002311,M00870,2026-02-12 10:00:00,Refund/Dispute,1,2026-02-13 11:29:33.506478740,25.49,5.0
T0002310,M00870,2026-03-18 11:00:00,Technical,0,,,
T0002312,M00871,2026-02-20 16:00:00,Payment,1,2026-02-20 23:39:12.976348798,7.65,4.0
T0002314,M00871,2026-03-14 15:00:00,Technical,1,2026-03-14 20:17:35.528337355,5.29,4.0
T0002313,M00871,2026-03-19 17:00:00,Account,1,2026-03-20 02:48:43.834454625,9.81,5.0
T0002315,M00872,2026-05-17 15:00:00,Refund/Dispute,1,2026-05-18 14:40:40.481949446,23.68,5.0
T0002317,M00873,2026-02-03 20:00:00,Account,1,2026-02-04 12:17:57.408249112,16.3,5.0
T0002316,M00873,2026-04-28 08:00:00,Refund/Dispute,1,2026-04-29 00:33:09.456809968,16.55,5.0
T0002318,M00874,2026-03-03 13:00:00,Refund/Dispute,0,,,
T0002319,M00875,2026-02-09 14:00:00,Operations,1,2026-02-10 09:42:51.652034881,19.71,4.0
T0002321,M00875,2026-03-07 09:00:00,Technical,0,,,
T0002320,M00875,2026-05-29 14:00:00,Account,1,2026-05-30 02:54:08.542805209,12.9,5.0
T0002324,M00876,2026-02-16 10:00:00,Account,1,2026-02-18 05:05:53.868227884,43.1,4.0
T0002322,M00876,2026-03-07 13:00:00,Technical,1,2026-03-08 16:46:10.407667090,27.77,5.0
T0002323,M00876,2026-04-02 09:00:00,Account,1,2026-04-02 20:58:13.990599926,11.97,4.0
T0002325,M00876,2026-04-26 13:00:00,Refund/Dispute,1,2026-04-27 03:30:53.839352987,14.51,5.0
T0002330,M00877,2026-02-16 11:00:00,Account,1,2026-02-17 03:38:45.121630434,16.65,4.0
T0002326,M00877,2026-02-20 16:00:00,Account,1,2026-02-21 09:19:24.617078482,17.32,5.0
T0002327,M00877,2026-04-22 11:00:00,Account,1,2026-04-23 05:35:02.730899468,18.58,4.0
T0002328,M00877,2026-04-25 14:00:00,Account,1,2026-04-26 20:46:20.429254819,30.77,5.0
T0002329,M00877,2026-05-11 09:00:00,Technical,1,2026-05-11 21:28:43.546152360,12.48,5.0
T0002333,M00878,2026-02-06 19:00:00,Account,1,2026-02-07 02:09:28.892604466,7.16,5.0
T0002334,M00878,2026-04-29 19:00:00,Refund/Dispute,1,2026-05-01 13:18:48.826736449,42.31,4.0
T0002331,M00878,2026-05-18 18:00:00,Refund/Dispute,1,2026-05-19 17:24:50.028613743,23.41,5.0
T0002332,M00878,2026-05-20 19:00:00,Payment,1,2026-05-21 03:16:38.078555761,8.28,4.0
T0002340,M00879,2026-02-22 09:00:00,Refund/Dispute,0,,,
T0002339,M00879,2026-03-09 08:00:00,Operations,1,2026-03-10 14:21:46.263554575,30.36,4.0
T0002337,M00879,2026-03-17 13:00:00,Operations,0,,,
T0002338,M00879,2026-03-29 11:00:00,Operations,1,2026-03-30 22:00:35.818915028,35.01,3.0
T0002336,M00879,2026-04-09 12:00:00,Operations,1,2026-04-10 13:36:12.038324864,25.6,5.0
T0002335,M00879,2026-05-29 17:00:00,Account,1,2026-05-30 12:20:15.285105434,19.34,4.0
T0002342,M00880,2026-03-22 15:00:00,Account,1,2026-03-22 22:27:30.296702160,7.46,5.0
T0002343,M00880,2026-04-07 17:00:00,Operations,1,2026-04-07 22:19:23.956706942,5.32,4.0
T0002341,M00880,2026-05-25 12:00:00,Operations,1,2026-05-26 10:01:50.794337982,22.03,5.0
T0002347,M00881,2026-02-20 15:00:00,Payment,1,2026-02-21 06:46:13.558510077,15.77,5.0
T0002345,M00881,2026-03-18 17:00:00,Technical,1,2026-03-19 15:36:40.480914085,22.61,5.0
T0002344,M00881,2026-03-28 12:00:00,Payment,0,,,
T0002346,M00881,2026-05-14 18:00:00,Refund/Dispute,1,2026-05-15 06:00:48.188825661,12.01,4.0
T0002349,M00883,2026-02-11 18:00:00,Technical,1,2026-02-12 14:31:40.981493924,20.53,4.0
T0002348,M00883,2026-05-07 12:00:00,Technical,1,2026-05-08 04:27:51.345242251,16.46,4.0
T0002350,M00884,2026-03-06 10:00:00,Technical,0,,,
T0002351,M00884,2026-04-26 08:00:00,Payment,1,2026-04-27 15:24:59.286797989,31.42,4.0
T0002352,M00884,2026-05-11 16:00:00,Operations,1,2026-05-12 00:13:37.051782484,8.23,5.0
T0002356,M00885,2026-02-07 09:00:00,Operations,1,2026-02-09 14:40:23.627994765,53.67,4.0
T0002357,M00885,2026-05-05 17:00:00,Refund/Dispute,0,,,
T0002354,M00885,2026-05-09 10:00:00,Technical,0,,,
T0002355,M00885,2026-05-20 18:00:00,Payment,1,2026-05-22 13:59:03.448882251,43.98,3.0
T0002353,M00885,2026-05-31 15:00:00,Payment,1,2026-06-02 10:52:45.799770028,43.88,3.0
T0002358,M00886,2026-02-05 20:00:00,Payment,1,2026-02-06 05:56:45.805817853,9.95,4.0
T0002359,M00886,2026-05-02 14:00:00,Payment,1,2026-05-03 04:11:04.153372342,14.18,5.0
T0002360,M00886,2026-05-10 12:00:00,Refund/Dispute,1,2026-05-11 09:08:31.322709272,21.14,4.0
T0002362,M00886,2026-05-17 13:00:00,Account,1,2026-05-18 07:42:46.810766001,18.71,5.0
T0002361,M00886,2026-05-23 20:00:00,Account,1,2026-05-24 05:32:13.048086361,9.54,5.0
T0002363,M00887,2026-03-04 14:00:00,Payment,1,2026-03-04 23:52:24.439820671,9.87,4.0
T0002368,M00888,2026-02-03 19:00:00,Account,0,,,
T0002370,M00888,2026-02-10 08:00:00,Payment,1,2026-02-10 15:36:24.871223448,7.61,5.0
T0002366,M00888,2026-03-17 12:00:00,Refund/Dispute,1,2026-03-17 23:08:34.900382580,11.14,4.0
T0002369,M00888,2026-03-23 10:00:00,Refund/Dispute,0,,,
T0002367,M00888,2026-03-25 12:00:00,Payment,1,2026-03-26 08:52:14.681609263,20.87,5.0
T0002365,M00888,2026-04-05 12:00:00,Payment,1,2026-04-07 01:06:55.167104480,37.12,3.0
T0002371,M00888,2026-04-24 11:00:00,Operations,1,2026-04-25 00:06:01.861933334,13.1,4.0
T0002364,M00888,2026-05-19 14:00:00,Operations,1,2026-05-20 09:08:39.556836654,19.14,5.0
T0002375,M00889,2026-02-01 20:00:00,Payment,1,2026-02-02 13:02:27.167179804,17.04,4.0
T0002373,M00889,2026-02-24 20:00:00,Technical,0,,,
T0002372,M00889,2026-04-11 14:00:00,Payment,1,2026-04-13 00:42:26.149529646,34.71,4.0
T0002374,M00889,2026-04-27 09:00:00,Payment,0,,,
T0002378,M00890,2026-02-01 13:00:00,Refund/Dispute,0,,,
T0002381,M00890,2026-02-16 19:00:00,Refund/Dispute,1,2026-02-17 03:36:43.699896982,8.61,4.0
T0002382,M00890,2026-03-22 20:00:00,Account,1,2026-03-23 14:37:35.115911958,18.63,3.0
T0002380,M00890,2026-04-06 16:00:00,Refund/Dispute,1,2026-04-07 16:48:44.833773186,24.81,5.0
T0002377,M00890,2026-05-12 15:00:00,Operations,0,,,
T0002376,M00890,2026-05-19 19:00:00,Payment,1,2026-05-20 16:54:07.666466194,21.9,4.0
T0002379,M00890,2026-05-24 15:00:00,Technical,1,2026-05-25 01:22:45.391682708,10.38,5.0
T0002384,M00891,2026-02-04 10:00:00,Technical,1,2026-02-05 04:11:11.203752822,18.19,4.0
T0002383,M00891,2026-03-07 08:00:00,Operations,0,,,
T0002386,M00891,2026-04-09 19:00:00,Payment,0,,,
T0002385,M00891,2026-04-18 19:00:00,Refund/Dispute,0,,,
T0002387,M00892,2026-02-15 13:00:00,Payment,1,2026-02-16 07:01:26.656416127,18.02,4.0
T0002388,M00892,2026-04-30 10:00:00,Technical,1,2026-05-01 13:05:26.489581353,27.09,4.0
T0002389,M00893,2026-05-16 08:00:00,Payment,1,2026-05-17 12:21:20.487906079,28.36,4.0
T0002390,M00894,2026-02-26 12:00:00,Refund/Dispute,1,2026-02-26 20:46:07.333402371,8.77,5.0
T0002392,M00895,2026-03-02 18:00:00,Operations,1,2026-03-04 01:35:59.430705709,31.6,4.0
T0002393,M00895,2026-03-06 10:00:00,Operations,1,2026-03-07 08:09:47.534352724,22.16,3.0
T0002394,M00895,2026-03-12 14:00:00,Payment,0,,,
T0002395,M00895,2026-03-14 14:00:00,Technical,0,,,
T0002391,M00895,2026-03-27 14:00:00,Account,1,2026-03-28 08:48:01.906705238,18.8,5.0
T0002396,M00895,2026-05-30 15:00:00,Payment,1,2026-05-31 17:36:59.250550600,26.62,4.0
T0002397,M00897,2026-02-06 13:00:00,Payment,1,2026-02-07 08:29:02.634338004,19.48,5.0
T0002399,M00897,2026-02-23 17:00:00,Technical,1,2026-02-25 04:50:08.774632158,35.84,4.0
T0002400,M00897,2026-04-26 17:00:00,Refund/Dispute,1,2026-04-27 04:30:39.776785873,11.51,4.0
T0002398,M00897,2026-05-02 13:00:00,Refund/Dispute,1,2026-05-04 05:55:27.403212489,40.92,4.0
T0002401,M00898,2026-03-03 11:00:00,Account,1,2026-03-03 22:40:56.070546402,11.68,5.0
T0002402,M00898,2026-03-13 09:00:00,Payment,1,2026-03-13 21:36:01.577799720,12.6,5.0
T0002403,M00898,2026-03-23 18:00:00,Payment,0,,,
T0002405,M00898,2026-04-09 15:00:00,Account,1,2026-04-10 08:32:06.145226480,17.54,4.0
T0002404,M00898,2026-05-07 19:00:00,Technical,1,2026-05-08 06:41:06.280462993,11.69,5.0
T0002407,M00899,2026-04-07 09:00:00,Technical,1,2026-04-08 06:45:54.221592744,21.77,3.0
T0002406,M00899,2026-05-08 09:00:00,Technical,0,,,
T0002408,M00900,2026-03-27 08:00:00,Account,1,2026-03-28 04:23:26.358697028,20.39,3.0
T0002410,M00900,2026-04-18 11:00:00,Payment,0,,,
T0002409,M00900,2026-05-18 13:00:00,Technical,1,2026-05-19 11:54:21.395642414,22.91,5.0
T0002412,M00901,2026-02-27 17:00:00,Account,1,2026-02-28 14:38:24.663908079,21.64,5.0
T0002411,M00901,2026-04-03 08:00:00,Payment,1,2026-04-03 23:14:59.680509385,15.25,4.0
T0002413,M00902,2026-02-04 11:00:00,Refund/Dispute,1,2026-02-05 00:06:04.658743872,13.1,5.0
T0002415,M00902,2026-02-24 20:00:00,Refund/Dispute,1,2026-02-25 07:13:55.363909962,11.23,5.0
T0002414,M00902,2026-05-14 20:00:00,Operations,1,2026-05-15 08:22:24.871816279,12.37,5.0
T0002416,M00903,2026-05-29 08:00:00,Refund/Dispute,1,2026-05-30 03:07:56.568224168,19.13,4.0
T0002418,M00904,2026-03-03 13:00:00,Technical,1,2026-03-04 03:57:59.142075606,14.97,5.0
T0002419,M00904,2026-03-18 14:00:00,Payment,1,2026-03-19 00:42:26.484638810,10.71,4.0
T0002417,M00904,2026-05-06 11:00:00,Payment,1,2026-05-06 22:02:29.377148204,11.04,4.0
T0002420,M00904,2026-05-31 13:00:00,Refund/Dispute,1,2026-06-01 05:20:11.461736738,16.34,5.0
T0002421,M00906,2026-05-12 09:00:00,Payment,1,2026-05-13 04:29:11.055209031,19.49,4.0
T0002422,M00908,2026-03-10 12:00:00,Refund/Dispute,1,2026-03-12 11:41:28.688512840,47.69,4.0
T0002424,M00909,2026-02-08 15:00:00,Payment,1,2026-02-09 20:54:25.195196149,29.91,4.0
T0002423,M00909,2026-02-26 16:00:00,Payment,1,2026-02-28 10:12:40.039296544,42.21,3.0
T0002425,M00909,2026-04-25 15:00:00,Technical,1,2026-04-27 04:04:16.713004483,37.07,3.0
T0002426,M00910,2026-02-20 11:00:00,Account,1,2026-02-20 16:43:10.143375780,5.72,4.0
T0002427,M00910,2026-04-03 16:00:00,Operations,1,2026-04-04 00:16:34.214026799,8.28,5.0
T0002431,M00911,2026-02-10 11:00:00,Operations,1,2026-02-11 16:25:26.756866308,29.42,5.0
T0002428,M00911,2026-04-08 18:00:00,Refund/Dispute,1,2026-04-09 09:00:44.384499608,15.01,5.0
T0002430,M00911,2026-05-03 20:00:00,Account,1,2026-05-04 10:08:18.196355569,14.14,4.0
T0002429,M00911,2026-05-27 10:00:00,Account,0,,,
T0002433,M00912,2026-05-05 09:00:00,Account,1,2026-05-05 16:45:38.381829966,7.76,5.0
T0002432,M00912,2026-05-27 20:00:00,Account,1,2026-05-28 15:07:03.834198494,19.12,3.0
T0002435,M00913,2026-02-11 19:00:00,Technical,0,,,
T0002436,M00913,2026-02-21 12:00:00,Account,1,2026-02-22 05:28:50.623164343,17.48,4.0
T0002434,M00913,2026-04-04 08:00:00,Payment,1,2026-04-05 00:55:32.152227762,16.93,4.0
T0002440,M00914,2026-02-08 18:00:00,Technical,1,2026-02-09 01:31:56.662822376,7.53,5.0
T0002438,M00914,2026-04-12 13:00:00,Payment,1,2026-04-14 02:29:46.031145068,37.5,4.0
T0002437,M00914,2026-04-30 10:00:00,Account,1,2026-05-01 07:07:34.862415275,21.13,4.0
T0002439,M00914,2026-05-25 17:00:00,Technical,1,2026-05-26 14:25:32.246202838,21.43,5.0
T0002441,M00915,2026-04-23 09:00:00,Operations,1,2026-04-23 20:26:22.330473817,11.44,4.0
T0002442,M00915,2026-05-25 08:00:00,Operations,1,2026-05-25 21:27:00.366537232,13.45,5.0
T0002444,M00916,2026-02-12 17:00:00,Technical,1,2026-02-13 05:13:14.242172019,12.22,5.0
T0002443,M00916,2026-03-04 11:00:00,Payment,1,2026-03-05 20:05:59.352102949,33.1,5.0
T0002445,M00916,2026-03-26 14:00:00,Payment,1,2026-03-27 02:50:00.019370392,12.83,5.0
T0002447,M00917,2026-03-12 09:00:00,Technical,1,2026-03-13 03:23:00.432107923,18.38,3.0
T0002446,M00917,2026-05-21 12:00:00,Technical,1,2026-05-23 18:01:04.157038506,54.02,2.0
T0002448,M00918,2026-03-11 10:00:00,Account,1,2026-03-12 00:43:34.701057354,14.73,5.0
T0002449,M00919,2026-03-17 19:00:00,Payment,0,,,
T0002451,M00919,2026-04-09 09:00:00,Account,1,2026-04-10 00:52:22.040008428,15.87,5.0
T0002450,M00919,2026-04-15 08:00:00,Account,1,2026-04-15 22:55:07.634872797,14.92,4.0
T0002452,M00920,2026-03-19 11:00:00,Technical,1,2026-03-19 19:17:14.819628174,8.29,5.0
T0002454,M00920,2026-03-28 18:00:00,Payment,1,2026-03-29 08:14:49.688344921,14.25,5.0
T0002453,M00920,2026-04-13 20:00:00,Operations,1,2026-04-14 12:25:17.134327693,16.42,4.0
T0002455,M00921,2026-02-18 15:00:00,Payment,0,,,
T0002456,M00921,2026-02-19 19:00:00,Operations,1,2026-02-21 02:12:46.784958040,31.21,4.0
T0002457,M00922,2026-03-06 10:00:00,Technical,1,2026-03-07 00:18:24.136321456,14.31,4.0
T0002459,M00922,2026-03-20 10:00:00,Operations,0,,,
T0002458,M00922,2026-04-04 11:00:00,Operations,1,2026-04-05 03:27:55.563936847,16.47,3.0
T0002460,M00922,2026-04-13 15:00:00,Refund/Dispute,0,,,
T0002462,M00923,2026-03-03 16:00:00,Operations,1,2026-03-04 05:08:02.044356288,13.13,4.0
T0002464,M00923,2026-03-05 13:00:00,Refund/Dispute,1,2026-03-06 19:26:31.578425966,30.44,4.0
T0002461,M00923,2026-03-08 20:00:00,Operations,1,2026-03-09 15:00:30.427244521,19.01,4.0
T0002463,M00923,2026-04-22 13:00:00,Refund/Dispute,1,2026-04-23 03:48:28.734269475,14.81,4.0
T0002466,M00924,2026-02-09 08:00:00,Technical,1,2026-02-10 16:50:42.332821962,32.85,4.0
T0002465,M00924,2026-03-03 19:00:00,Payment,1,2026-03-04 22:09:04.389623215,27.15,5.0
T0002468,M00925,2026-02-23 18:00:00,Refund/Dispute,1,2026-02-24 19:47:28.382699356,25.79,4.0
T0002469,M00925,2026-02-27 12:00:00,Refund/Dispute,1,2026-02-27 21:07:55.086972794,9.13,5.0
T0002467,M00925,2026-04-13 09:00:00,Technical,1,2026-04-13 13:13:23.311017231,4.22,4.0
T0002470,M00925,2026-05-14 15:00:00,Operations,1,2026-05-16 07:30:07.940218111,40.5,4.0
T0002474,M00926,2026-03-04 13:00:00,Operations,1,2026-03-05 06:28:03.389825942,17.47,5.0
T0002473,M00926,2026-03-05 16:00:00,Operations,1,2026-03-06 15:36:00.784812434,23.6,4.0
T0002472,M00926,2026-05-06 19:00:00,Technical,1,2026-05-07 06:52:57.406378000,11.88,5.0
T0002471,M00926,2026-05-18 20:00:00,Operations,1,2026-05-19 07:49:59.811576355,11.83,4.0
T0002479,M00927,2026-02-20 20:00:00,Operations,1,2026-02-22 07:45:40.933463457,35.76,4.0
T0002478,M00927,2026-03-07 14:00:00,Refund/Dispute,1,2026-03-08 12:18:45.859108896,22.31,4.0
T0002476,M00927,2026-03-30 19:00:00,Account,1,2026-03-31 19:37:45.101458858,24.63,4.0
T0002475,M00927,2026-04-01 16:00:00,Operations,1,2026-04-02 02:05:28.006898132,10.09,4.0
T0002477,M00927,2026-05-10 11:00:00,Payment,1,2026-05-10 17:55:29.037861314,6.92,5.0
T0002480,M00928,2026-02-01 17:00:00,Payment,1,2026-02-04 10:15:38.105060313,65.26,3.0
T0002481,M00928,2026-02-22 12:00:00,Account,1,2026-02-23 01:40:06.162923542,13.67,4.0
T0002484,M00928,2026-03-07 12:00:00,Refund/Dispute,0,,,
T0002483,M00928,2026-03-14 17:00:00,Account,1,2026-03-15 07:24:48.098044911,14.41,4.0
T0002485,M00928,2026-05-03 20:00:00,Operations,1,2026-05-04 07:14:42.230569941,11.25,5.0
T0002482,M00928,2026-05-06 18:00:00,Operations,1,2026-05-07 04:10:26.268326115,10.17,4.0
T0002488,M00929,2026-02-12 17:00:00,Refund/Dispute,1,2026-02-13 09:16:06.902632804,16.27,4.0
T0002489,M00929,2026-04-05 18:00:00,Refund/Dispute,1,2026-04-06 16:27:21.589582784,22.46,4.0
T0002487,M00929,2026-04-11 11:00:00,Payment,1,2026-04-12 03:13:55.406663914,16.23,5.0
T0002486,M00929,2026-05-11 09:00:00,Account,1,2026-05-12 01:22:12.995993906,16.37,4.0
T0002491,M00930,2026-05-05 14:00:00,Technical,1,2026-05-06 18:59:49.304733457,29.0,4.0
T0002490,M00930,2026-05-11 15:00:00,Operations,1,2026-05-13 16:48:13.136320267,49.8,4.0
T0002493,M00931,2026-03-02 17:00:00,Payment,0,,,
T0002494,M00931,2026-04-10 13:00:00,Account,1,2026-04-14 00:43:53.248887609,83.73,3.0
T0002492,M00931,2026-04-21 16:00:00,Operations,1,2026-04-23 07:34:46.078388176,39.58,4.0
T0002495,M00932,2026-05-26 20:00:00,Refund/Dispute,1,2026-05-27 21:02:11.666561049,25.04,5.0
T0002498,M00933,2026-02-18 17:00:00,Refund/Dispute,1,2026-02-19 17:10:25.365320594,24.17,3.0
T0002496,M00933,2026-04-08 12:00:00,Technical,1,2026-04-08 22:45:45.778333006,10.76,5.0
T0002499,M00933,2026-05-17 10:00:00,Operations,1,2026-05-18 04:55:36.114230899,18.93,5.0
T0002497,M00933,2026-05-23 10:00:00,Technical,1,2026-05-24 03:45:44.362391727,17.76,4.0
T0002500,M00934,2026-03-20 13:00:00,Payment,1,2026-03-21 02:26:17.995120742,13.44,5.0
T0002501,M00935,2026-02-09 14:00:00,Technical,1,2026-02-10 00:04:00.129957301,10.07,5.0
T0002502,M00935,2026-03-13 08:00:00,Technical,0,,,
T0002505,M00935,2026-03-17 09:00:00,Payment,0,,,
T0002503,M00935,2026-05-19 09:00:00,Technical,1,2026-05-19 22:26:53.514846963,13.45,5.0
T0002504,M00935,2026-05-27 17:00:00,Operations,1,2026-05-29 03:16:00.805947599,34.27,4.0
T0002507,M00936,2026-03-12 14:00:00,Operations,1,2026-03-12 23:06:48.434504407,9.11,5.0
T0002506,M00936,2026-05-17 16:00:00,Refund/Dispute,1,2026-05-17 23:29:29.278555000,7.49,5.0
T0002508,M00937,2026-03-24 14:00:00,Refund/Dispute,1,2026-03-25 08:56:40.543768597,18.94,4.0
T0002509,M00937,2026-04-19 09:00:00,Refund/Dispute,1,2026-04-20 06:24:03.176150043,21.4,4.0
T0002513,M00938,2026-02-03 12:00:00,Refund/Dispute,1,2026-02-04 03:03:06.156219484,15.05,4.0
T0002516,M00938,2026-02-27 09:00:00,Account,1,2026-02-28 18:14:39.508913529,33.24,3.0
T0002510,M00938,2026-03-14 11:00:00,Operations,1,2026-03-15 04:27:48.018866166,17.46,5.0
T0002511,M00938,2026-03-22 20:00:00,Account,1,2026-03-24 02:48:02.563083302,30.8,5.0
T0002517,M00938,2026-04-13 15:00:00,Account,0,,,
T0002512,M00938,2026-04-30 20:00:00,Technical,1,2026-05-01 07:12:45.654178744,11.21,4.0
T0002514,M00938,2026-05-06 17:00:00,Account,1,2026-05-07 10:01:18.547903862,17.02,4.0
T0002515,M00938,2026-05-29 17:00:00,Technical,0,,,
T0002518,M00939,2026-03-02 12:00:00,Payment,0,,,
T0002519,M00939,2026-04-15 08:00:00,Operations,0,,,
T0002521,M00939,2026-04-26 13:00:00,Operations,1,2026-04-27 19:45:54.469297814,30.77,3.0
T0002520,M00939,2026-04-30 19:00:00,Payment,1,2026-05-01 00:50:39.055425176,5.84,5.0
T0002523,M00940,2026-02-11 20:00:00,Operations,1,2026-02-13 00:06:50.952168489,28.11,4.0
T0002525,M00940,2026-02-22 18:00:00,Payment,0,,,
T0002524,M00940,2026-03-24 08:00:00,Operations,1,2026-03-25 21:20:23.318993014,37.34,3.0
T0002526,M00940,2026-03-31 19:00:00,Payment,1,2026-04-01 16:32:59.479311656,21.55,4.0
T0002528,M00940,2026-04-25 19:00:00,Payment,1,2026-04-26 09:48:02.591670006,14.8,5.0
T0002522,M00940,2026-05-08 12:00:00,Operations,1,2026-05-09 03:10:36.252467979,15.18,5.0
T0002527,M00940,2026-05-19 17:00:00,Account,1,2026-05-20 15:17:22.030001282,22.29,4.0
T0002530,M00941,2026-04-01 15:00:00,Payment,1,2026-04-03 04:17:44.828667744,37.3,4.0
T0002531,M00941,2026-04-27 16:00:00,Account,0,,,
T0002529,M00941,2026-05-23 08:00:00,Payment,1,2026-05-23 19:34:09.182206768,11.57,5.0
T0002532,M00942,2026-03-01 12:00:00,Refund/Dispute,1,2026-03-02 23:36:32.819534622,35.61,3.0
T0002534,M00942,2026-03-10 13:00:00,Technical,1,2026-03-11 20:41:11.402047424,31.69,5.0
T0002535,M00942,2026-04-10 08:00:00,Technical,1,2026-04-10 14:10:12.890274506,6.17,5.0
T0002536,M00942,2026-04-26 14:00:00,Operations,1,2026-04-28 12:40:46.398128797,46.68,3.0
T0002533,M00942,2026-05-08 16:00:00,Account,1,2026-05-09 07:31:11.774267205,15.52,5.0
T0002537,M00942,2026-05-24 19:00:00,Operations,1,2026-05-29 07:44:25.492821856,108.74,2.0
T0002538,M00943,2026-02-05 16:00:00,Operations,1,2026-02-06 18:25:10.417000144,26.42,4.0
T0002539,M00943,2026-02-19 16:00:00,Payment,1,2026-02-20 03:24:57.434050490,11.42,4.0
T0002540,M00944,2026-05-09 18:00:00,Operations,1,2026-05-10 10:06:41.265033660,16.11,5.0
T0002542,M00945,2026-02-27 20:00:00,Refund/Dispute,1,2026-03-01 01:17:48.899486598,29.3,4.0
T0002543,M00945,2026-03-07 16:00:00,Refund/Dispute,1,2026-03-08 03:46:28.636741610,11.77,4.0
T0002541,M00945,2026-05-14 19:00:00,Refund/Dispute,1,2026-05-15 15:33:04.162696833,20.55,4.0
T0002546,M00946,2026-02-14 13:00:00,Operations,1,2026-02-15 12:52:15.303459313,23.87,5.0
T0002548,M00946,2026-03-08 08:00:00,Account,1,2026-03-09 19:45:11.324728285,35.75,4.0
T0002547,M00946,2026-03-21 19:00:00,Refund/Dispute,1,2026-03-22 02:38:47.625342338,7.65,3.0
T0002544,M00946,2026-03-31 11:00:00,Account,1,2026-04-01 04:07:07.622121460,17.12,4.0
T0002545,M00946,2026-04-12 13:00:00,Account,0,,,
T0002549,M00946,2026-05-02 10:00:00,Technical,1,2026-05-04 06:51:27.084611592,44.86,4.0
T0002550,M00947,2026-04-11 17:00:00,Refund/Dispute,1,2026-04-12 06:19:33.388045924,13.33,4.0
T0002551,M00948,2026-02-21 08:00:00,Payment,0,,,
T0002554,M00949,2026-02-16 13:00:00,Operations,1,2026-02-17 05:05:11.266991026,16.09,5.0
T0002553,M00949,2026-03-08 14:00:00,Account,1,2026-03-10 00:09:32.815778162,34.16,4.0
T0002552,M00949,2026-05-26 20:00:00,Operations,1,2026-05-27 08:03:19.376559979,12.06,5.0
T0002555,M00950,2026-02-14 09:00:00,Payment,1,2026-02-15 15:05:18.397946432,30.09,5.0
T0002556,M00951,2026-04-19 19:00:00,Account,1,2026-04-21 01:11:26.365319127,30.19,3.0
T0002557,M00951,2026-05-05 09:00:00,Account,1,2026-05-06 16:22:39.669738279,31.38,4.0
T0002558,M00952,2026-03-23 14:00:00,Payment,1,2026-03-24 00:59:20.272911759,10.99,5.0
T0002560,M00953,2026-02-23 13:00:00,Payment,1,2026-02-24 20:01:20.955469396,31.02,4.0
T0002559,M00953,2026-04-04 14:00:00,Account,1,2026-04-05 23:05:12.985592326,33.09,3.0
T0002562,M00954,2026-02-16 09:00:00,Payment,1,2026-02-17 05:35:33.234633258,20.59,5.0
T0002563,M00954,2026-04-21 16:00:00,Technical,1,2026-04-23 01:45:21.874672533,33.76,4.0
T0002561,M00954,2026-05-29 10:00:00,Refund/Dispute,1,2026-05-30 15:15:33.828303272,29.26,4.0
T0002567,M00955,2026-02-03 16:00:00,Refund/Dispute,1,2026-02-04 10:17:33.254302261,18.29,5.0
T0002565,M00955,2026-03-15 14:00:00,Technical,1,2026-03-17 14:14:28.766835477,48.24,3.0
T0002564,M00955,2026-03-17 13:00:00,Payment,1,2026-03-19 07:52:58.543723524,42.88,4.0
T0002568,M00955,2026-05-03 15:00:00,Account,1,2026-05-06 10:22:21.033225966,67.37,2.0
T0002566,M00955,2026-05-28 13:00:00,Account,1,2026-05-29 13:50:05.340403752,24.83,4.0
T0002571,M00956,2026-02-14 10:00:00,Technical,0,,,
T0002569,M00956,2026-03-04 08:00:00,Account,1,2026-03-04 20:54:23.645354853,12.91,4.0
T0002570,M00956,2026-04-10 15:00:00,Account,1,2026-04-11 14:47:08.857786394,23.79,5.0
T0002572,M00956,2026-04-16 14:00:00,Technical,1,2026-04-17 04:41:00.590070519,14.68,5.0
T0002574,M00957,2026-02-19 15:00:00,Operations,0,,,
T0002575,M00957,2026-02-27 08:00:00,Account,0,,,
T0002573,M00957,2026-03-18 13:00:00,Operations,1,2026-03-19 04:47:39.671084040,15.79,5.0
T0002576,M00958,2026-04-05 11:00:00,Operations,0,,,
T0002577,M00959,2026-03-25 13:00:00,Account,0,,,
T0002578,M00959,2026-05-06 15:00:00,Account,1,2026-05-07 02:12:17.996549342,11.2,4.0
T0002581,M00961,2026-02-05 16:00:00,Refund/Dispute,1,2026-02-06 01:45:47.634756631,9.76,5.0
T0002582,M00961,2026-03-23 17:00:00,Operations,0,,,
T0002579,M00961,2026-04-14 15:00:00,Operations,1,2026-04-14 19:05:23.478923122,4.09,5.0
T0002580,M00961,2026-04-20 09:00:00,Payment,1,2026-04-20 12:05:30.623209767,3.09,4.0
T0002583,M00961,2026-05-11 18:00:00,Technical,1,2026-05-12 11:49:21.078894885,17.82,5.0
T0002585,M00962,2026-02-10 19:00:00,Refund/Dispute,1,2026-02-11 14:39:37.104164056,19.66,3.0
T0002584,M00962,2026-05-14 09:00:00,Account,1,2026-05-15 07:29:05.477074717,22.48,5.0
T0002591,M00964,2026-02-15 17:00:00,Payment,1,2026-02-16 14:09:10.338172894,21.15,4.0
T0002586,M00964,2026-02-27 16:00:00,Operations,1,2026-02-28 10:26:40.150283841,18.44,5.0
T0002590,M00964,2026-04-05 12:00:00,Refund/Dispute,1,2026-04-06 02:20:45.352742542,14.35,4.0
T0002589,M00964,2026-04-09 13:00:00,Payment,1,2026-04-09 22:20:32.389365015,9.34,4.0
T0002587,M00964,2026-05-09 15:00:00,Technical,1,2026-05-10 16:31:07.761927082,25.52,4.0
T0002588,M00964,2026-05-23 08:00:00,Refund/Dispute,1,2026-05-23 16:26:08.068053264,8.44,5.0
T0002593,M00965,2026-02-13 12:00:00,Refund/Dispute,1,2026-02-13 18:30:46.865697685,6.51,5.0
T0002592,M00965,2026-02-22 20:00:00,Technical,0,,,
T0002595,M00966,2026-03-19 09:00:00,Technical,1,2026-03-20 13:36:38.001019165,28.61,4.0
T0002594,M00966,2026-03-28 12:00:00,Refund/Dispute,1,2026-03-29 20:22:11.594966412,32.37,4.0
T0002596,M00967,2026-02-24 08:00:00,Refund/Dispute,1,2026-02-25 22:25:32.456275374,38.43,4.0
T0002597,M00967,2026-04-03 19:00:00,Technical,1,2026-04-05 10:48:55.760781654,39.82,4.0
T0002599,M00968,2026-02-06 20:00:00,Payment,0,,,
T0002598,M00968,2026-05-04 09:00:00,Refund/Dispute,1,2026-05-05 08:45:07.220646007,23.75,4.0
T0002601,M00969,2026-03-05 08:00:00,Technical,1,2026-03-06 04:59:43.386749808,21.0,4.0
T0002602,M00969,2026-03-13 09:00:00,Account,1,2026-03-13 15:17:47.347896404,6.3,4.0
T0002600,M00969,2026-05-26 13:00:00,Account,0,,,
T0002603,M00970,2026-05-28 18:00:00,Technical,1,2026-05-29 07:44:19.593280438,13.74,4.0
T0002606,M00971,2026-02-18 18:00:00,Payment,0,,,
T0002604,M00971,2026-04-17 13:00:00,Account,0,,,
T0002605,M00971,2026-05-16 11:00:00,Payment,1,2026-05-18 01:52:47.908416504,38.88,5.0
T0002607,M00971,2026-05-31 15:00:00,Refund/Dispute,1,2026-06-02 23:49:55.883822739,56.83,4.0
T0002609,M00972,2026-03-25 09:00:00,Payment,1,2026-03-26 13:00:44.069737341,28.01,4.0
T0002612,M00972,2026-03-28 16:00:00,Refund/Dispute,1,2026-03-29 02:39:50.387579913,10.66,5.0
T0002608,M00972,2026-04-22 09:00:00,Technical,1,2026-04-23 09:06:30.592221264,24.11,5.0
T0002611,M00972,2026-04-26 09:00:00,Refund/Dispute,1,2026-04-26 18:54:25.276970782,9.91,4.0
T0002610,M00972,2026-05-10 19:00:00,Refund/Dispute,1,2026-05-12 08:11:11.507019147,37.19,3.0
T0002618,M00973,2026-02-14 16:00:00,Refund/Dispute,1,2026-02-15 00:45:15.005556882,8.75,5.0
T0002615,M00973,2026-02-16 13:00:00,Account,0,,,
T0002614,M00973,2026-03-02 14:00:00,Account,1,2026-03-03 07:56:20.948311539,17.94,5.0
T0002616,M00973,2026-04-09 13:00:00,Payment,1,2026-04-10 02:32:01.323588947,13.53,5.0
T0002617,M00973,2026-04-12 17:00:00,Account,1,2026-04-13 00:52:31.233877780,7.88,5.0
T0002613,M00973,2026-04-19 20:00:00,Account,0,,,
T0002621,M00974,2026-04-24 09:00:00,Technical,1,2026-04-25 03:00:35.821473598,18.01,5.0
T0002620,M00974,2026-05-11 09:00:00,Technical,0,,,
T0002622,M00974,2026-05-28 18:00:00,Technical,1,2026-05-29 06:35:59.344987207,12.6,3.0
T0002619,M00974,2026-05-29 17:00:00,Operations,1,2026-05-30 02:54:31.795678688,9.91,5.0
T0002624,M00975,2026-04-07 10:00:00,Operations,1,2026-04-07 23:23:59.232842635,13.4,5.0
T0002626,M00975,2026-04-24 13:00:00,Account,0,,,
T0002623,M00975,2026-05-03 09:00:00,Account,1,2026-05-05 06:09:44.735183488,45.16,3.0
T0002625,M00975,2026-05-09 13:00:00,Refund/Dispute,1,2026-05-10 10:33:04.649485143,21.55,4.0
T0002628,M00976,2026-02-09 11:00:00,Account,1,2026-02-09 18:17:01.659437689,7.28,4.0
T0002630,M00976,2026-02-19 13:00:00,Refund/Dispute,1,2026-02-20 01:24:03.328595701,12.4,4.0
T0002629,M00976,2026-04-23 11:00:00,Account,1,2026-04-24 01:03:52.391829553,14.06,4.0
T0002627,M00976,2026-04-24 14:00:00,Account,1,2026-04-25 03:12:50.592281940,13.21,5.0
T0002631,M00977,2026-03-21 08:00:00,Payment,1,2026-03-22 03:28:16.022716957,19.47,5.0
T0002632,M00977,2026-03-23 09:00:00,Payment,1,2026-03-24 15:26:14.555016661,30.44,4.0
T0002633,M00977,2026-05-11 12:00:00,Operations,1,2026-05-12 18:03:31.822836937,30.06,4.0
T0002634,M00978,2026-02-11 13:00:00,Payment,1,2026-02-12 02:50:09.367454000,13.84,4.0
T0002639,M00979,2026-02-13 19:00:00,Account,0,,,
T0002636,M00979,2026-03-28 17:00:00,Operations,1,2026-03-29 14:23:09.157765902,21.39,5.0
T0002640,M00979,2026-04-13 13:00:00,Account,1,2026-04-13 23:02:53.522849029,10.05,4.0
T0002638,M00979,2026-04-14 14:00:00,Technical,1,2026-04-15 13:27:06.447152185,23.45,5.0
T0002637,M00979,2026-05-05 16:00:00,Payment,1,2026-05-05 19:01:19.039802941,3.02,5.0
T0002635,M00979,2026-05-12 12:00:00,Account,1,2026-05-13 02:27:54.419585475,14.47,5.0
T0002641,M00980,2026-02-10 10:00:00,Technical,0,,,
T0002644,M00980,2026-02-14 09:00:00,Account,0,,,
T0002645,M00980,2026-03-13 12:00:00,Account,1,2026-03-14 00:59:49.210174291,13.0,5.0
T0002646,M00980,2026-03-14 19:00:00,Refund/Dispute,1,2026-03-15 07:09:28.981392048,12.16,4.0
T0002647,M00980,2026-05-16 11:00:00,Payment,1,2026-05-17 02:42:26.996184684,15.71,4.0
T0002642,M00980,2026-05-17 18:00:00,Refund/Dispute,1,2026-05-18 12:39:58.879208091,18.67,4.0
T0002643,M00980,2026-05-30 12:00:00,Payment,1,2026-05-30 21:51:38.115339264,9.86,5.0
T0002650,M00981,2026-02-03 08:00:00,Technical,1,2026-02-03 21:58:42.315886783,13.98,3.0
T0002648,M00981,2026-03-17 17:00:00,Technical,0,,,
T0002649,M00981,2026-05-10 12:00:00,Payment,1,2026-05-11 14:24:20.169503283,26.41,4.0
T0002651,M00982,2026-04-06 15:00:00,Operations,1,2026-04-06 18:27:06.920864078,3.45,4.0
T0002652,M00982,2026-05-15 09:00:00,Payment,1,2026-05-17 14:11:11.508569242,53.19,4.0
T0002653,M00983,2026-02-27 17:00:00,Account,0,,,
T0002654,M00983,2026-05-18 13:00:00,Refund/Dispute,1,2026-05-19 18:46:35.476449333,29.78,3.0
T0002655,M00984,2026-02-05 11:00:00,Payment,1,2026-02-06 00:36:36.207084016,13.61,4.0
T0002658,M00984,2026-03-22 15:00:00,Payment,1,2026-03-23 08:10:32.319082686,17.18,5.0
T0002656,M00984,2026-04-09 12:00:00,Technical,1,2026-04-10 12:38:49.146774892,24.65,3.0
T0002657,M00984,2026-05-11 11:00:00,Operations,1,2026-05-13 00:04:03.724583959,37.07,4.0
T0002659,M00985,2026-02-18 11:00:00,Technical,1,2026-02-19 06:37:37.549789446,19.63,4.0
T0002660,M00985,2026-03-07 19:00:00,Operations,1,2026-03-09 03:11:00.582784720,32.18,3.0
T0002662,M00986,2026-04-08 15:00:00,Operations,1,2026-04-10 11:18:21.983567162,44.31,3.0
T0002661,M00986,2026-05-05 16:00:00,Refund/Dispute,1,2026-05-06 12:32:59.499254914,20.55,5.0
T0002663,M00987,2026-05-15 18:00:00,Account,1,2026-05-16 01:27:48.835028808,7.46,4.0
T0002664,M00988,2026-04-08 13:00:00,Account,1,2026-04-09 09:46:30.792916005,20.78,3.0
T0002666,M00989,2026-03-27 08:00:00,Technical,0,,,
T0002667,M00989,2026-04-20 14:00:00,Technical,1,2026-04-21 02:11:27.255311480,12.19,5.0
T0002665,M00989,2026-05-11 18:00:00,Account,0,,,
T0002671,M00990,2026-02-10 18:00:00,Operations,1,2026-02-12 07:42:05.435027103,37.7,3.0
T0002668,M00990,2026-04-12 14:00:00,Operations,1,2026-04-14 16:48:49.966098181,50.81,4.0
T0002669,M00990,2026-04-19 15:00:00,Account,1,2026-04-20 06:05:05.602967350,15.08,5.0
T0002672,M00990,2026-05-01 17:00:00,Refund/Dispute,1,2026-05-02 16:31:44.321617322,23.53,4.0
T0002670,M00990,2026-05-19 19:00:00,Technical,1,2026-05-20 08:00:43.957325512,13.01,4.0
T0002673,M00991,2026-03-25 09:00:00,Refund/Dispute,1,2026-03-26 03:09:01.299103635,18.15,4.0
T0002675,M00992,2026-02-02 11:00:00,Operations,1,2026-02-03 19:09:45.479650060,32.16,3.0
T0002676,M00992,2026-04-23 11:00:00,Operations,1,2026-04-24 18:13:00.605186853,31.22,4.0
T0002674,M00992,2026-04-30 12:00:00,Operations,1,2026-05-02 01:35:06.306128174,37.59,3.0
T0002678,M00993,2026-02-13 13:00:00,Refund/Dispute,1,2026-02-15 19:29:51.991411480,54.5,3.0
T0002677,M00993,2026-02-16 13:00:00,Operations,1,2026-02-17 09:46:03.418540993,20.77,4.0
T0002679,M00993,2026-05-31 13:00:00,Technical,1,2026-06-01 04:22:46.587359953,15.38,5.0
T0002685,M00994,2026-02-21 15:00:00,Account,1,2026-02-22 19:46:56.850955014,28.78,5.0
T0002682,M00994,2026-02-26 20:00:00,Refund/Dispute,1,2026-02-27 17:12:46.853127691,21.21,4.0
T0002680,M00994,2026-04-12 17:00:00,Account,0,,,
T0002681,M00994,2026-04-18 10:00:00,Payment,1,2026-04-18 23:49:24.822838056,13.82,5.0
T0002683,M00994,2026-04-30 10:00:00,Payment,0,,,
T0002684,M00994,2026-05-30 15:00:00,Operations,1,2026-05-31 15:08:13.501746402,24.14,4.0
T0002687,M00995,2026-02-05 11:00:00,Operations,0,,,
T0002691,M00995,2026-02-10 19:00:00,Payment,1,2026-02-11 07:53:25.554685743,12.89,4.0
T0002690,M00995,2026-03-04 11:00:00,Technical,1,2026-03-06 01:34:36.816028773,38.58,3.0
T0002688,M00995,2026-03-08 20:00:00,Technical,0,,,
T0002689,M00995,2026-03-28 13:00:00,Refund/Dispute,1,2026-03-30 02:58:47.576466562,37.98,3.0
T0002686,M00995,2026-03-30 17:00:00,Operations,1,2026-04-01 11:41:22.903481374,42.69,3.0
T0002692,M00996,2026-03-09 12:00:00,Technical,1,2026-03-10 23:36:57.921943888,35.62,3.0
T0002693,M00996,2026-03-27 11:00:00,Payment,0,,,
T0002696,M00997,2026-02-07 15:00:00,Account,1,2026-02-09 08:33:18.937652418,41.56,4.0
T0002695,M00997,2026-02-07 17:00:00,Technical,1,2026-02-08 21:57:28.774579690,28.96,4.0
T0002694,M00997,2026-04-04 12:00:00,Payment,1,2026-04-05 04:52:49.774870524,16.88,4.0
T0002698,M00998,2026-03-20 10:00:00,Operations,1,2026-03-20 20:46:58.849608651,10.78,5.0
T0002697,M00998,2026-03-31 13:00:00,Operations,0,,,
T0002699,M00998,2026-04-19 13:00:00,Operations,1,2026-04-20 15:22:04.165456263,26.37,4.0
T0002700,M00999,2026-04-06 12:00:00,Operations,1,2026-04-07 11:48:22.981849120,23.81,3.0
T0002704,M01000,2026-02-02 17:00:00,Operations,0,,,
T0002703,M01000,2026-02-15 15:00:00,Account,1,2026-02-16 10:07:49.846997614,19.13,4.0
T0002701,M01000,2026-03-31 11:00:00,Technical,1,2026-04-01 23:22:44.233490953,36.38,3.0
T0002702,M01000,2026-04-26 08:00:00,Technical,1,2026-04-28 07:05:25.071728038,47.09,3.0
T0002709,M01001,2026-02-17 12:00:00,Operations,1,2026-02-17 17:57:05.014374696,5.95,5.0
T0002708,M01001,2026-03-30 11:00:00,Refund/Dispute,0,,,
T0002705,M01001,2026-04-18 10:00:00,Technical,1,2026-04-18 17:24:46.755746492,7.41,4.0
T0002706,M01001,2026-05-27 11:00:00,Operations,1,2026-05-28 07:48:00.636962281,20.8,5.0
T0002707,M01001,2026-05-31 12:00:00,Technical,0,,,
T0002711,M01002,2026-02-15 19:00:00,Account,1,2026-02-18 03:34:41.478690640,56.58,3.0
T0002713,M01002,2026-02-28 20:00:00,Payment,1,2026-03-03 10:38:19.371700341,62.64,2.0
T0002710,M01002,2026-03-01 20:00:00,Technical,1,2026-03-02 09:06:08.832761276,13.1,4.0
T0002714,M01002,2026-04-26 12:00:00,Operations,1,2026-04-29 03:51:19.444197297,63.86,3.0
T0002712,M01002,2026-05-10 08:00:00,Operations,1,2026-05-11 08:44:04.298446824,24.73,3.0
T0002719,M01003,2026-02-28 09:00:00,Account,1,2026-02-28 18:10:09.563529385,9.17,4.0
T0002718,M01003,2026-03-19 08:00:00,Operations,0,,,
T0002716,M01003,2026-04-14 13:00:00,Technical,1,2026-04-14 22:57:38.489121162,9.96,5.0
T0002717,M01003,2026-04-29 10:00:00,Refund/Dispute,1,2026-04-30 13:32:04.667832362,27.53,3.0
T0002715,M01003,2026-05-17 12:00:00,Operations,1,2026-05-18 14:02:15.768162841,26.04,4.0
T0002720,M01004,2026-04-17 15:00:00,Account,1,2026-04-17 23:03:08.453474154,8.05,4.0
T0002721,M01004,2026-05-26 16:00:00,Technical,1,2026-05-27 10:26:16.206855338,18.44,4.0
T0002722,M01005,2026-03-08 15:00:00,Technical,1,2026-03-09 11:31:03.539483662,20.52,4.0
T0002723,M01005,2026-05-20 17:00:00,Refund/Dispute,1,2026-05-21 06:38:54.400242526,13.65,5.0
T0002724,M01006,2026-03-14 10:00:00,Account,1,2026-03-15 15:34:07.829744397,29.57,4.0
T0002725,M01006,2026-03-28 18:00:00,Refund/Dispute,1,2026-03-31 01:14:34.253271355,55.24,3.0
T0002726,M01007,2026-04-30 18:00:00,Refund/Dispute,1,2026-05-02 00:41:51.351230634,30.7,5.0
T0002727,M01007,2026-05-05 14:00:00,Account,0,,,
T0002728,M01007,2026-05-17 08:00:00,Technical,0,,,
T0002730,M01008,2026-02-15 19:00:00,Technical,1,2026-02-17 13:02:54.981934432,42.05,3.0
T0002729,M01008,2026-05-28 18:00:00,Refund/Dispute,1,2026-05-29 07:11:19.387492648,13.19,5.0
T0002731,M01009,2026-02-03 08:00:00,Operations,1,2026-02-04 03:29:20.044620517,19.49,4.0
T0002732,M01009,2026-03-14 18:00:00,Technical,1,2026-03-15 11:36:52.374558945,17.61,4.0
T0002733,M01010,2026-03-12 20:00:00,Account,1,2026-03-13 18:17:47.307156100,22.3,5.0
T0002734,M01011,2026-02-08 10:00:00,Technical,0,,,
T0002736,M01011,2026-04-07 17:00:00,Operations,1,2026-04-08 07:56:44.061247345,14.95,5.0
T0002735,M01011,2026-05-18 13:00:00,Technical,1,2026-05-18 17:53:16.715884837,4.89,5.0
T0002740,M01012,2026-02-01 12:00:00,Account,0,,,
T0002737,M01012,2026-02-25 08:00:00,Technical,1,2026-02-26 06:22:53.281169832,22.38,5.0
T0002739,M01012,2026-03-28 20:00:00,Technical,1,2026-03-30 17:31:47.772706584,45.53,3.0
T0002738,M01012,2026-04-02 16:00:00,Account,0,,,
T0002742,M01013,2026-02-27 09:00:00,Technical,1,2026-02-27 21:43:21.847108609,12.72,5.0
T0002741,M01013,2026-05-15 11:00:00,Refund/Dispute,1,2026-05-16 21:27:16.798419961,34.45,5.0
T0002743,M01014,2026-03-30 13:00:00,Operations,1,2026-03-31 11:04:42.717702684,22.08,5.0
T0002744,M01015,2026-04-16 20:00:00,Refund/Dispute,1,2026-04-18 12:56:14.121571664,40.94,4.0
T0002745,M01015,2026-05-22 18:00:00,Operations,1,2026-05-23 14:47:52.556518345,20.8,4.0
T0002747,M01016,2026-04-10 10:00:00,Refund/Dispute,0,,,
T0002746,M01016,2026-05-14 08:00:00,Technical,1,2026-05-14 19:49:55.889911243,11.83,4.0
T0002750,M01017,2026-03-16 08:00:00,Technical,1,2026-03-16 13:48:14.049136198,5.8,5.0
T0002751,M01017,2026-03-16 08:00:00,Technical,0,,,
T0002752,M01017,2026-04-06 12:00:00,Refund/Dispute,1,2026-04-07 00:59:24.187076088,12.99,4.0
T0002748,M01017,2026-04-08 17:00:00,Technical,1,2026-04-09 12:05:30.647833141,19.09,3.0
T0002749,M01017,2026-04-15 14:00:00,Refund/Dispute,1,2026-04-16 02:53:44.652531364,12.9,5.0
T0002754,M01018,2026-04-06 13:00:00,Technical,0,,,
T0002753,M01018,2026-05-02 14:00:00,Refund/Dispute,1,2026-05-03 13:14:07.888957062,23.24,4.0
T0002755,M01020,2026-02-24 16:00:00,Technical,0,,,
T0002757,M01020,2026-03-06 19:00:00,Technical,1,2026-03-08 05:00:09.855587235,34.0,4.0
T0002758,M01020,2026-03-15 19:00:00,Account,0,,,
T0002756,M01020,2026-04-05 17:00:00,Account,0,,,
T0002759,M01020,2026-05-22 13:00:00,Operations,1,2026-05-23 04:16:36.157646038,15.28,5.0
T0002760,M01020,2026-05-24 15:00:00,Operations,1,2026-05-24 23:21:57.639198801,8.37,5.0
T0002762,M01021,2026-02-18 10:00:00,Account,1,2026-02-18 23:50:25.658159820,13.84,4.0
T0002761,M01021,2026-03-27 18:00:00,Operations,1,2026-03-28 22:49:19.903385179,28.82,5.0
T0002765,M01022,2026-02-13 13:00:00,Refund/Dispute,1,2026-02-14 21:11:04.443601034,32.18,3.0
T0002763,M01022,2026-03-13 19:00:00,Refund/Dispute,0,,,
T0002764,M01022,2026-03-16 11:00:00,Payment,1,2026-03-17 07:55:36.008816966,20.93,4.0
T0002767,M01023,2026-03-06 10:00:00,Technical,1,2026-03-07 00:09:05.711771037,14.15,4.0
T0002766,M01023,2026-05-12 18:00:00,Operations,1,2026-05-13 10:55:46.563833168,16.93,4.0
T0002770,M01024,2026-02-14 16:00:00,Technical,1,2026-02-15 11:41:07.216275627,19.69,4.0
T0002771,M01024,2026-03-07 17:00:00,Payment,1,2026-03-08 03:50:37.256296412,10.84,5.0
T0002768,M01024,2026-03-14 18:00:00,Payment,1,2026-03-15 07:14:14.456328169,13.24,5.0
T0002772,M01024,2026-03-18 08:00:00,Technical,1,2026-03-19 23:22:35.727482535,39.38,3.0
T0002769,M01024,2026-03-30 14:00:00,Technical,0,,,
T0002773,M01024,2026-05-24 18:00:00,Refund/Dispute,1,2026-05-25 10:42:51.191084030,16.71,3.0
T0002774,M01025,2026-02-10 09:00:00,Operations,0,,,
T0002776,M01025,2026-02-28 17:00:00,Payment,1,2026-03-01 05:35:15.069813043,12.59,4.0
T0002775,M01025,2026-03-08 09:00:00,Operations,1,2026-03-09 12:51:09.096659848,27.85,4.0
T0002778,M01026,2026-02-25 09:00:00,Technical,1,2026-02-25 19:57:21.119994068,10.96,5.0
T0002777,M01026,2026-03-25 19:00:00,Payment,1,2026-03-26 20:28:46.111918483,25.48,4.0
T0002779,M01026,2026-05-30 12:00:00,Payment,1,2026-05-31 01:22:18.954861355,13.37,5.0
T0002780,M01027,2026-03-16 18:00:00,Technical,1,2026-03-17 05:44:47.527736521,11.75,3.0
T0002781,M01027,2026-03-30 16:00:00,Refund/Dispute,1,2026-03-31 06:19:46.649673242,14.33,4.0
T0002782,M01028,2026-02-15 14:00:00,Refund/Dispute,1,2026-02-16 04:45:25.407768798,14.76,3.0
T0002783,M01028,2026-03-18 14:00:00,Operations,0,,,
T0002784,M01028,2026-03-19 20:00:00,Payment,1,2026-03-23 08:42:55.722979620,84.72,3.0
T0002786,M01028,2026-03-21 15:00:00,Refund/Dispute,1,2026-03-22 12:56:30.480488350,21.94,5.0
T0002788,M01028,2026-04-07 11:00:00,Payment,1,2026-04-09 02:52:59.003530046,39.88,4.0
T0002789,M01028,2026-04-10 10:00:00,Refund/Dispute,1,2026-04-11 03:39:25.974193273,17.66,4.0
T0002785,M01028,2026-04-27 11:00:00,Operations,1,2026-04-28 22:34:20.476588494,35.57,4.0
T0002787,M01028,2026-05-03 18:00:00,Refund/Dispute,1,2026-05-04 03:54:07.220735071,9.9,4.0
T0002790,M01029,2026-02-16 11:00:00,Payment,1,2026-02-16 20:17:17.451634484,9.29,5.0
T0002792,M01029,2026-04-08 11:00:00,Account,1,2026-04-09 02:47:49.597030773,15.8,4.0
T0002791,M01029,2026-04-22 11:00:00,Refund/Dispute,1,2026-04-22 19:50:57.418340791,8.85,5.0
T0002793,M01030,2026-04-08 12:00:00,Operations,1,2026-04-09 18:28:21.716346324,30.47,4.0
T0002794,M01031,2026-04-12 20:00:00,Account,1,2026-04-13 16:56:37.811994561,20.94,4.0
T0002795,M01031,2026-04-15 18:00:00,Account,0,,,
T0002796,M01031,2026-05-08 09:00:00,Account,1,2026-05-08 19:02:07.639727405,10.04,4.0
T0002797,M01032,2026-04-27 19:00:00,Account,1,2026-04-29 04:09:02.774201295,33.15,3.0
T0002798,M01033,2026-04-09 09:00:00,Account,1,2026-04-11 21:52:37.121470618,60.88,3.0
T0002799,M01034,2026-02-04 19:00:00,Payment,1,2026-02-05 22:33:47.372310774,27.56,5.0
T0002800,M01034,2026-04-07 10:00:00,Account,0,,,
T0002804,M01035,2026-02-27 10:00:00,Payment,1,2026-02-28 20:20:51.280231034,34.35,4.0
T0002805,M01035,2026-02-27 20:00:00,Operations,1,2026-03-02 01:04:52.222069977,53.08,3.0
T0002806,M01035,2026-02-28 14:00:00,Operations,0,,,
T0002803,M01035,2026-03-08 12:00:00,Refund/Dispute,0,,,
T0002801,M01035,2026-03-31 14:00:00,Operations,1,2026-04-02 01:01:12.564379282,35.02,2.0
T0002802,M01035,2026-05-03 16:00:00,Account,1,2026-05-04 11:45:51.501504661,19.76,4.0
T0002808,M01036,2026-04-10 15:00:00,Operations,1,2026-04-11 14:01:24.618130262,23.02,5.0
T0002812,M01036,2026-04-24 19:00:00,Refund/Dispute,1,2026-04-25 02:43:00.981892282,7.72,5.0
T0002810,M01036,2026-04-30 11:00:00,Operations,1,2026-04-30 16:47:05.520039831,5.78,4.0
T0002811,M01036,2026-05-04 20:00:00,Technical,1,2026-05-05 16:14:09.896639629,20.24,5.0
T0002807,M01036,2026-05-09 17:00:00,Refund/Dispute,1,2026-05-10 09:18:20.682169135,16.31,5.0
T0002809,M01036,2026-05-11 10:00:00,Payment,1,2026-05-11 22:11:49.661840983,12.2,4.0
T0002813,M01037,2026-05-22 14:00:00,Technical,1,2026-05-23 18:42:08.797707716,28.7,4.0
T0002819,M01039,2026-02-05 15:00:00,Operations,1,2026-02-07 00:32:46.207914035,33.55,3.0
T0002816,M01039,2026-02-15 19:00:00,Account,1,2026-02-16 07:25:56.982387158,12.43,5.0
T0002814,M01039,2026-02-18 18:00:00,Refund/Dispute,1,2026-02-19 12:32:13.412840863,18.54,4.0
T0002820,M01039,2026-02-21 12:00:00,Operations,1,2026-02-22 03:32:44.081550006,15.55,5.0
T0002815,M01039,2026-04-15 14:00:00,Technical,1,2026-04-16 04:05:59.129134576,14.1,4.0
T0002817,M01039,2026-04-23 14:00:00,Payment,1,2026-04-23 19:50:15.653298253,5.84,4.0
T0002818,M01039,2026-05-10 16:00:00,Technical,0,,,
T0002821,M01040,2026-02-13 20:00:00,Technical,1,2026-02-14 14:19:13.650737088,18.32,5.0
T0002822,M01040,2026-04-12 19:00:00,Account,1,2026-04-13 06:29:19.838929102,11.49,4.0
T0002825,M01041,2026-02-21 18:00:00,Account,0,,,
T0002823,M01041,2026-02-28 11:00:00,Technical,1,2026-03-01 09:07:27.838280704,22.12,4.0
T0002824,M01041,2026-04-18 11:00:00,Operations,1,2026-04-18 21:06:42.310126429,10.11,5.0
T0002826,M01042,2026-04-30 08:00:00,Refund/Dispute,0,,,
T0002827,M01042,2026-05-02 12:00:00,Payment,0,,,
T0002829,M01043,2026-02-14 20:00:00,Payment,1,2026-02-15 09:08:41.103708828,13.14,5.0
T0002828,M01043,2026-04-24 12:00:00,Refund/Dispute,1,2026-04-25 09:58:40.601809034,21.98,5.0
T0002830,M01044,2026-02-26 12:00:00,Payment,1,2026-02-27 17:29:12.171115186,29.49,5.0
T0002833,M01044,2026-03-27 16:00:00,Operations,1,2026-03-28 11:00:28.325453529,19.01,4.0
T0002831,M01044,2026-04-29 20:00:00,Account,1,2026-05-01 13:03:37.177870600,41.06,3.0
T0002832,M01044,2026-05-26 19:00:00,Account,1,2026-05-27 06:24:11.635769811,11.4,5.0
T0002836,M01045,2026-02-25 14:00:00,Operations,1,2026-02-26 00:07:12.623089177,10.12,5.0
T0002837,M01045,2026-04-01 17:00:00,Technical,1,2026-04-03 17:11:22.885766476,48.19,4.0
T0002838,M01045,2026-04-02 09:00:00,Refund/Dispute,1,2026-04-04 01:53:35.714868453,40.89,3.0
T0002834,M01045,2026-04-09 15:00:00,Operations,1,2026-04-10 00:38:12.369316606,9.64,4.0
T0002835,M01045,2026-04-15 13:00:00,Operations,1,2026-04-16 04:26:43.600831418,15.45,4.0
T0002839,M01046,2026-02-22 14:00:00,Refund/Dispute,1,2026-02-22 20:10:44.386987479,6.18,5.0
T0002841,M01046,2026-02-28 20:00:00,Refund/Dispute,1,2026-03-01 15:21:34.270112167,19.36,4.0
T0002840,M01046,2026-05-31 15:00:00,Operations,1,2026-06-01 04:44:14.121744662,13.74,4.0
T0002842,M01047,2026-02-21 13:00:00,Payment,1,2026-02-21 20:14:40.664014180,7.24,4.0
T0002843,M01047,2026-04-18 20:00:00,Operations,1,2026-04-19 10:32:46.021833229,14.55,4.0
T0002844,M01047,2026-05-04 12:00:00,Refund/Dispute,1,2026-05-05 09:50:35.191757472,21.84,4.0
T0002848,M01048,2026-03-02 14:00:00,Technical,1,2026-03-03 12:57:10.375482942,22.95,5.0
T0002846,M01048,2026-03-23 12:00:00,Operations,1,2026-03-24 02:37:10.133746197,14.62,4.0
T0002845,M01048,2026-04-27 11:00:00,Operations,1,2026-04-28 21:57:48.469707194,34.96,3.0
T0002847,M01048,2026-05-29 17:00:00,Refund/Dispute,0,,,
T0002850,M01049,2026-02-14 19:00:00,Operations,1,2026-02-16 14:29:54.891438514,43.5,3.0
T0002849,M01049,2026-04-14 20:00:00,Account,1,2026-04-15 10:14:45.686378943,14.25,5.0
T0002851,M01049,2026-05-14 19:00:00,Refund/Dispute,1,2026-05-15 08:51:33.252825405,13.86,5.0
T0002852,M01049,2026-05-26 10:00:00,Payment,1,2026-05-27 15:21:32.157990133,29.36,5.0
T0002854,M01050,2026-03-13 08:00:00,Payment,0,,,
T0002853,M01050,2026-03-19 16:00:00,Account,1,2026-03-20 03:26:27.716572060,11.44,4.0
T0002855,M01051,2026-03-15 09:00:00,Payment,1,2026-03-15 21:37:00.236916717,12.62,4.0
T0002856,M01051,2026-05-08 11:00:00,Operations,0,,,
T0002857,M01052,2026-03-03 08:00:00,Refund/Dispute,1,2026-03-04 17:25:29.645029812,33.42,4.0
T0002859,M01053,2026-02-04 17:00:00,Payment,1,2026-02-05 04:48:11.895371654,11.8,5.0
T0002860,M01053,2026-03-23 18:00:00,Payment,1,2026-03-24 04:19:25.461284664,10.32,5.0
T0002858,M01053,2026-05-08 20:00:00,Refund/Dispute,1,2026-05-09 08:58:49.728234612,12.98,5.0
T0002861,M01054,2026-02-09 11:00:00,Refund/Dispute,1,2026-02-09 20:50:07.399573303,9.84,5.0
T0002862,M01054,2026-03-20 18:00:00,Payment,1,2026-03-21 01:31:41.385655981,7.53,5.0
T0002865,M01055,2026-02-14 19:00:00,Technical,1,2026-02-15 06:37:42.829657014,11.63,5.0
T0002863,M01055,2026-02-17 08:00:00,Payment,1,2026-02-17 22:49:13.224456202,14.82,5.0
T0002864,M01055,2026-03-27 14:00:00,Technical,0,,,
T0002866,M01055,2026-04-08 18:00:00,Payment,0,,,
T0002867,M01056,2026-04-03 19:00:00,Operations,0,,,
T0002868,M01056,2026-05-16 13:00:00,Technical,1,2026-05-17 02:42:27.946734483,13.71,4.0
T0002869,M01057,2026-02-23 14:00:00,Payment,1,2026-02-23 23:32:43.027024704,9.55,4.0
T0002871,M01057,2026-05-02 17:00:00,Account,1,2026-05-03 21:16:11.962558848,28.27,3.0
T0002870,M01057,2026-05-31 09:00:00,Technical,1,2026-06-01 00:41:59.627815958,15.7,5.0
T0002877,M01058,2026-02-08 15:00:00,Refund/Dispute,0,,,
T0002876,M01058,2026-02-21 13:00:00,Operations,0,,,
T0002878,M01058,2026-04-02 12:00:00,Technical,1,2026-04-03 20:44:06.625295754,32.74,5.0
T0002874,M01058,2026-04-09 12:00:00,Account,1,2026-04-10 09:21:30.375584982,21.36,4.0
T0002873,M01058,2026-04-14 09:00:00,Refund/Dispute,0,,,
T0002875,M01058,2026-05-23 15:00:00,Refund/Dispute,1,2026-05-24 11:38:51.774572072,20.65,4.0
T0002872,M01058,2026-05-30 17:00:00,Payment,0,,,
T0002879,M01059,2026-02-23 11:00:00,Payment,1,2026-02-24 03:05:34.244376594,16.09,4.0
T0002880,M01059,2026-05-20 20:00:00,Account,1,2026-05-21 09:17:45.346428322,13.3,5.0
T0002882,M01060,2026-03-15 11:00:00,Technical,1,2026-03-15 16:41:09.036191101,5.69,4.0
T0002881,M01060,2026-04-22 14:00:00,Payment,1,2026-04-23 03:55:42.105320137,13.93,4.0
T0002883,M01060,2026-05-08 20:00:00,Payment,0,,,
T0002884,M01061,2026-05-27 14:00:00,Technical,1,2026-05-28 11:52:47.134855966,21.88,5.0
T0002885,M01062,2026-03-07 17:00:00,Operations,0,,,
T0002886,M01062,2026-03-17 09:00:00,Account,1,2026-03-18 13:39:15.154276816,28.65,3.0
T0002887,M01062,2026-04-17 19:00:00,Refund/Dispute,0,,,
T0002888,M01063,2026-03-06 11:00:00,Account,1,2026-03-07 05:52:05.329425666,18.87,4.0
T0002890,M01063,2026-03-30 08:00:00,Refund/Dispute,0,,,
T0002889,M01063,2026-04-26 15:00:00,Account,0,,,
T0002894,M01064,2026-03-07 14:00:00,Account,0,,,
T0002891,M01064,2026-03-18 15:00:00,Operations,1,2026-03-19 19:55:22.931022604,28.92,4.0
T0002892,M01064,2026-03-24 09:00:00,Operations,1,2026-03-25 09:33:52.728920704,24.56,4.0
T0002893,M01064,2026-04-19 19:00:00,Payment,1,2026-04-20 08:10:20.424020944,13.17,5.0
T0002897,M01065,2026-02-01 18:00:00,Operations,1,2026-02-02 14:58:39.088943436,20.98,4.0
T0002898,M01065,2026-02-02 18:00:00,Technical,1,2026-02-03 12:10:27.160522334,18.17,4.0
T0002895,M01065,2026-02-03 13:00:00,Account,1,2026-02-03 21:39:49.581751550,8.66,5.0
T0002899,M01065,2026-04-17 08:00:00,Refund/Dispute,1,2026-04-17 20:15:21.468793032,12.26,4.0
T0002896,M01065,2026-04-30 19:00:00,Refund/Dispute,1,2026-05-01 17:45:02.826234514,22.75,5.0
T0002900,M01066,2026-02-12 19:00:00,Account,1,2026-02-13 07:09:30.828310617,12.16,4.0
T0002901,M01066,2026-04-06 14:00:00,Technical,0,,,
T0002903,M01066,2026-05-11 17:00:00,Payment,0,,,
T0002902,M01066,2026-05-25 20:00:00,Operations,1,2026-05-26 10:04:05.642153551,14.07,5.0
T0002904,M01067,2026-04-13 13:00:00,Refund/Dispute,1,2026-04-14 02:58:42.456892940,13.98,4.0
T0002906,M01068,2026-02-11 14:00:00,Account,1,2026-02-12 02:49:57.632471205,12.83,5.0
T0002905,M01068,2026-05-09 18:00:00,Payment,1,2026-05-10 03:34:20.668580227,9.57,4.0
T0002907,M01068,2026-05-29 14:00:00,Refund/Dispute,1,2026-05-29 22:36:33.441905674,8.61,5.0
T0002909,M01069,2026-02-05 08:00:00,Payment,1,2026-02-06 00:13:52.564821513,16.23,5.0
T0002908,M01069,2026-05-13 08:00:00,Payment,0,,,
T0002910,M01070,2026-04-24 20:00:00,Refund/Dispute,1,2026-04-25 14:46:08.033254147,18.77,5.0
T0002911,M01071,2026-04-17 13:00:00,Operations,1,2026-04-18 10:26:39.682624106,21.44,5.0
T0002912,M01071,2026-05-21 20:00:00,Technical,0,,,
T0002917,M01072,2026-02-24 12:00:00,Payment,0,,,
T0002914,M01072,2026-05-04 14:00:00,Account,1,2026-05-05 00:20:08.760733407,10.34,3.0
T0002915,M01072,2026-05-06 09:00:00,Payment,0,,,
T0002913,M01072,2026-05-20 15:00:00,Refund/Dispute,0,,,
T0002916,M01072,2026-05-28 14:00:00,Payment,0,,,
T0002918,M01073,2026-02-24 11:00:00,Operations,1,2026-02-24 23:58:16.724882708,12.97,5.0
T0002919,M01073,2026-05-27 17:00:00,Technical,1,2026-05-28 02:59:22.882577301,9.99,5.0
T0002920,M01074,2026-03-05 20:00:00,Operations,1,2026-03-06 03:49:37.372943470,7.83,5.0
T0002921,M01074,2026-05-09 14:00:00,Technical,1,2026-05-09 19:21:35.536155696,5.36,4.0
T0002922,M01075,2026-03-19 08:00:00,Refund/Dispute,1,2026-03-19 23:06:11.022169233,15.1,4.0
T0002924,M01075,2026-03-26 17:00:00,Technical,0,,,
T0002923,M01075,2026-04-23 10:00:00,Payment,1,2026-04-24 06:03:29.206697500,20.06,4.0
T0002925,M01075,2026-05-04 08:00:00,Operations,1,2026-05-04 19:11:04.172803224,11.18,5.0
T0002926,M01076,2026-02-16 18:00:00,Account,1,2026-02-18 01:47:23.848201129,31.79,4.0
T0002927,M01076,2026-02-27 12:00:00,Operations,1,2026-02-28 00:29:02.722268421,12.48,4.0
T0002928,M01078,2026-05-17 19:00:00,Refund/Dispute,1,2026-05-18 17:06:25.225798352,22.11,4.0
T0002930,M01079,2026-03-12 15:00:00,Technical,1,2026-03-13 08:58:13.563551438,17.97,4.0
T0002929,M01079,2026-03-31 18:00:00,Account,1,2026-04-01 00:55:31.229604512,6.93,5.0
T0002933,M01080,2026-04-15 11:00:00,Technical,1,2026-04-16 03:45:06.354910418,16.75,4.0
T0002934,M01080,2026-04-30 16:00:00,Refund/Dispute,1,2026-05-02 04:14:31.606500649,36.24,4.0
T0002932,M01080,2026-05-12 16:00:00,Operations,1,2026-05-14 05:27:38.200348375,37.46,4.0
T0002931,M01080,2026-05-18 17:00:00,Account,1,2026-05-19 02:55:48.039969824,9.93,4.0
T0002935,M01081,2026-02-05 17:00:00,Technical,1,2026-02-06 04:07:32.024653874,11.13,4.0
T0002936,M01081,2026-03-31 08:00:00,Operations,1,2026-04-01 00:16:22.378155218,16.27,4.0
T0002937,M01082,2026-05-08 14:00:00,Refund/Dispute,0,,,
T0002939,M01083,2026-03-04 15:00:00,Payment,1,2026-03-05 09:33:09.316220126,18.55,5.0
T0002938,M01083,2026-03-23 19:00:00,Operations,1,2026-03-25 21:25:21.057586082,50.42,3.0
T0002941,M01083,2026-04-20 10:00:00,Refund/Dispute,1,2026-04-22 01:59:21.339518784,39.99,2.0
T0002940,M01083,2026-05-15 13:00:00,Refund/Dispute,1,2026-05-16 14:59:12.121363536,25.99,4.0
T0002944,M01084,2026-02-02 18:00:00,Technical,1,2026-02-03 02:07:09.145478582,8.12,4.0
T0002942,M01084,2026-03-22 20:00:00,Technical,1,2026-03-23 14:05:12.516118890,18.09,3.0
T0002943,M01084,2026-05-30 11:00:00,Technical,1,2026-05-31 00:55:53.482720850,13.93,5.0
T0002948,M01085,2026-03-19 19:00:00,Technical,1,2026-03-20 14:42:09.398680286,19.7,5.0
T0002947,M01085,2026-03-28 12:00:00,Account,1,2026-03-29 13:10:54.170078008,25.18,4.0
T0002945,M01085,2026-04-26 15:00:00,Account,1,2026-04-27 18:49:07.523758365,27.82,3.0
T0002946,M01085,2026-05-15 12:00:00,Operations,1,2026-05-16 14:00:39.173991303,26.01,4.0
T0002950,M01086,2026-03-31 19:00:00,Payment,1,2026-04-01 00:45:35.215078575,5.76,4.0
T0002949,M01086,2026-04-23 19:00:00,Payment,1,2026-04-25 08:13:10.718943715,37.22,4.0
T0002951,M01087,2026-02-04 14:00:00,Refund/Dispute,1,2026-02-06 07:35:39.469878333,41.59,4.0
T0002952,M01087,2026-03-02 10:00:00,Account,1,2026-03-02 20:37:28.029134006,10.62,5.0
T0002953,M01087,2026-04-26 19:00:00,Payment,1,2026-04-27 01:45:58.985156304,6.77,4.0
T0002954,M01088,2026-02-01 20:00:00,Account,1,2026-02-03 03:58:30.329963587,31.98,3.0
T0002955,M01088,2026-04-06 19:00:00,Operations,1,2026-04-07 10:58:20.112582216,15.97,4.0
T0002956,M01089,2026-05-08 13:00:00,Refund/Dispute,0,,,
T0002957,M01091,2026-03-04 10:00:00,Payment,1,2026-03-05 13:12:46.037873221,27.21,4.0
T0002958,M01091,2026-04-27 11:00:00,Payment,1,2026-04-27 19:12:32.675436817,8.21,5.0
T0002959,M01091,2026-05-05 11:00:00,Payment,1,2026-05-06 01:34:46.495521062,14.58,4.0
T0002960,M01091,2026-05-25 12:00:00,Payment,1,2026-05-26 09:22:41.546654814,21.38,4.0
T0002964,M01092,2026-02-17 10:00:00,Payment,1,2026-02-17 16:49:23.143053388,6.82,5.0
T0002965,M01092,2026-02-17 19:00:00,Payment,1,2026-02-18 07:22:27.226133400,12.37,5.0
T0002963,M01092,2026-02-27 13:00:00,Refund/Dispute,1,2026-02-27 21:17:06.883505995,8.29,5.0
T0002961,M01092,2026-04-03 12:00:00,Technical,1,2026-04-04 07:15:24.617279574,19.26,5.0
T0002962,M01092,2026-05-25 10:00:00,Operations,1,2026-05-26 07:20:25.091673435,21.34,4.0
T0002968,M01093,2026-03-08 17:00:00,Operations,0,,,
T0002967,M01093,2026-04-05 16:00:00,Account,1,2026-04-06 23:54:12.134094800,31.9,3.0
T0002966,M01093,2026-04-09 16:00:00,Technical,1,2026-04-11 19:07:06.551708664,51.12,4.0
T0002971,M01095,2026-02-06 10:00:00,Payment,1,2026-02-07 18:49:30.014405457,32.83,3.0
T0002969,M01095,2026-04-01 12:00:00,Operations,1,2026-04-02 15:45:19.086727899,27.76,5.0
T0002970,M01095,2026-04-22 11:00:00,Account,1,2026-04-23 01:23:54.942036594,14.4,5.0
T0002972,M01095,2026-04-26 11:00:00,Technical,0,,,
T0002973,M01096,2026-02-11 19:00:00,Technical,1,2026-02-14 15:36:56.757958023,68.62,2.0
T0002974,M01096,2026-03-26 20:00:00,Operations,1,2026-03-27 16:40:07.471306034,20.67,5.0
T0002975,M01098,2026-02-14 08:00:00,Account,1,2026-02-16 03:05:19.152631471,43.09,3.0
T0002976,M01101,2026-03-20 17:00:00,Refund/Dispute,1,2026-03-21 09:47:31.143264072,16.79,5.0
T0002982,M01102,2026-02-18 15:00:00,Refund/Dispute,1,2026-02-20 11:39:44.097099901,44.66,3.0
T0002977,M01102,2026-03-02 18:00:00,Operations,0,,,
T0002981,M01102,2026-03-10 12:00:00,Technical,1,2026-03-11 18:27:02.045126638,30.45,4.0
T0002979,M01102,2026-03-27 17:00:00,Account,1,2026-03-28 05:30:58.244414961,12.52,5.0
T0002978,M01102,2026-04-02 15:00:00,Refund/Dispute,1,2026-04-03 19:01:56.972846179,28.03,4.0
T0002980,M01102,2026-05-02 18:00:00,Refund/Dispute,1,2026-05-04 04:44:27.110951808,34.74,3.0
T0002984,M01103,2026-03-02 09:00:00,Payment,1,2026-03-03 05:46:24.667014997,20.77,4.0
T0002983,M01103,2026-03-19 15:00:00,Account,1,2026-03-21 07:54:44.230561380,40.91,3.0
T0002987,M01103,2026-03-27 09:00:00,Payment,0,,,
T0002986,M01103,2026-03-28 09:00:00,Account,1,2026-03-29 19:52:58.084005115,34.88,4.0
T0002985,M01103,2026-05-18 14:00:00,Refund/Dispute,1,2026-05-19 11:48:12.163908362,21.8,5.0
T0002988,M01104,2026-03-27 19:00:00,Operations,0,,,
T0002991,M01105,2026-02-02 08:00:00,Operations,1,2026-02-03 05:38:02.525900953,21.63,5.0
T0002992,M01105,2026-02-06 16:00:00,Technical,1,2026-02-07 11:44:41.644297352,19.74,4.0
T0002990,M01105,2026-02-09 09:00:00,Payment,1,2026-02-12 00:20:53.354284692,63.35,2.0
T0002989,M01105,2026-02-26 20:00:00,Operations,1,2026-02-27 17:00:51.926142974,21.01,4.0
T0002994,M01105,2026-03-29 08:00:00,Payment,1,2026-03-31 04:17:42.487842749,44.3,4.0
T0002993,M01105,2026-05-22 18:00:00,Account,1,2026-05-23 03:33:20.366735641,9.56,4.0
T0002996,M01106,2026-03-25 14:00:00,Technical,0,,,
T0002997,M01106,2026-04-30 18:00:00,Refund/Dispute,1,2026-05-02 03:53:15.782883810,33.89,4.0
T0002995,M01106,2026-05-07 08:00:00,Operations,1,2026-05-08 00:01:26.770574103,16.02,4.0
T0002998,M01106,2026-05-07 20:00:00,Payment,1,2026-05-08 21:06:17.553654291,25.1,3.0
T0003000,M01106,2026-05-11 09:00:00,Account,1,2026-05-12 04:55:24.812626670,19.92,4.0
T0002999,M01106,2026-05-21 12:00:00,Payment,1,2026-05-22 16:32:06.444135808,28.54,5.0
T0003001,M01107,2026-03-15 08:00:00,Technical,1,2026-03-15 19:53:45.306930948,11.9,4.0
T0003008,M01108,2026-02-09 12:00:00,Account,1,2026-02-11 04:25:45.759803800,40.43,3.0
T0003006,M01108,2026-02-10 10:00:00,Refund/Dispute,1,2026-02-12 02:28:41.689770830,40.48,3.0
T0003002,M01108,2026-02-24 19:00:00,Refund/Dispute,1,2026-02-26 00:50:16.627671654,29.84,5.0
T0003005,M01108,2026-03-10 13:00:00,Account,1,2026-03-12 18:28:29.988494004,53.47,2.0
T0003004,M01108,2026-03-20 08:00:00,Account,1,2026-03-22 04:36:08.318144851,44.6,5.0
T0003003,M01108,2026-05-07 17:00:00,Account,1,2026-05-08 17:00:19.514226862,24.01,4.0
T0003007,M01108,2026-05-29 19:00:00,Technical,1,2026-05-31 04:31:22.182345224,33.52,4.0
T0003010,M01109,2026-02-03 11:00:00,Refund/Dispute,1,2026-02-05 12:11:23.659591660,49.19,4.0
T0003011,M01109,2026-03-25 18:00:00,Operations,0,,,
T0003009,M01109,2026-04-12 11:00:00,Technical,1,2026-04-14 19:33:18.627049224,56.56,3.0
T0003012,M01111,2026-03-12 08:00:00,Technical,1,2026-03-13 01:10:47.912066752,17.18,4.0
T0003014,M01111,2026-03-29 13:00:00,Account,1,2026-03-30 19:50:48.803713036,30.85,4.0
T0003013,M01111,2026-04-04 10:00:00,Account,1,2026-04-05 22:32:19.806107067,36.54,4.0
T0003018,M01113,2026-02-04 12:00:00,Operations,1,2026-02-04 21:48:09.607384530,9.8,5.0
T0003017,M01113,2026-02-13 08:00:00,Account,1,2026-02-13 20:32:58.966298347,12.55,5.0
T0003016,M01113,2026-04-02 10:00:00,Payment,1,2026-04-02 19:09:40.204466409,9.16,5.0
T0003015,M01113,2026-05-21 12:00:00,Technical,1,2026-05-21 23:42:55.446679922,11.72,5.0
T0003020,M01114,2026-02-24 13:00:00,Operations,1,2026-02-25 10:28:21.808066170,21.47,3.0
T0003021,M01114,2026-03-24 08:00:00,Technical,1,2026-03-25 12:29:20.833351692,28.49,5.0
T0003019,M01114,2026-05-02 16:00:00,Refund/Dispute,1,2026-05-03 03:23:06.452184663,11.39,5.0
T0003022,M01115,2026-04-14 08:00:00,Payment,1,2026-04-15 03:16:58.373199858,19.28,4.0
T0003023,M01115,2026-05-11 17:00:00,Refund/Dispute,1,2026-05-13 01:30:10.668387139,32.5,3.0
T0003024,M01116,2026-02-18 17:00:00,Account,1,2026-02-19 05:06:53.992309190,12.11,5.0
T0003025,M01116,2026-04-08 11:00:00,Account,0,,,
T0003026,M01116,2026-05-22 10:00:00,Technical,1,2026-05-22 21:59:06.010030374,11.99,5.0
T0003028,M01117,2026-02-25 18:00:00,Account,1,2026-02-26 11:58:33.463105741,17.98,3.0
T0003027,M01117,2026-04-10 18:00:00,Payment,0,,,
T0003029,M01118,2026-05-08 11:00:00,Operations,1,2026-05-08 22:28:33.948446988,11.48,5.0
T0003030,M01119,2026-04-23 20:00:00,Technical,1,2026-04-25 02:08:55.889780078,30.15,5.0
T0003031,M01120,2026-02-02 16:00:00,Payment,0,,,
T0003032,M01120,2026-04-06 18:00:00,Account,1,2026-04-07 06:37:02.571219015,12.62,5.0
T0003035,M01121,2026-02-05 15:00:00,Refund/Dispute,1,2026-02-06 15:11:20.196697452,24.19,4.0
T0003036,M01121,2026-04-09 09:00:00,Technical,1,2026-04-09 12:41:41.795621804,3.69,5.0
T0003037,M01121,2026-04-28 12:00:00,Payment,1,2026-04-28 19:59:29.596801578,7.99,5.0
T0003033,M01121,2026-04-28 19:00:00,Account,0,,,
T0003034,M01121,2026-05-31 13:00:00,Technical,1,2026-06-01 15:16:29.151728540,26.27,3.0
T0003038,M01122,2026-02-21 15:00:00,Refund/Dispute,1,2026-02-22 00:58:05.311968466,9.97,5.0
T0003042,M01123,2026-02-10 09:00:00,Refund/Dispute,1,2026-02-11 02:18:25.683195142,17.31,4.0
T0003039,M01123,2026-04-19 20:00:00,Payment,1,2026-04-21 18:44:55.152022995,46.75,3.0
T0003040,M01123,2026-05-22 11:00:00,Payment,1,2026-05-23 19:57:25.498155805,32.96,4.0
T0003041,M01123,2026-05-30 15:00:00,Technical,1,2026-05-31 06:44:43.111821933,15.75,5.0
T0003043,M01124,2026-02-14 19:00:00,Account,1,2026-02-15 12:34:44.323168256,17.58,4.0
T0003044,M01125,2026-03-22 14:00:00,Technical,0,,,
T0003045,M01125,2026-03-25 12:00:00,Payment,1,2026-03-26 09:10:05.263401633,21.17,4.0
T0003046,M01125,2026-04-09 09:00:00,Operations,1,2026-04-10 20:45:59.496821283,35.77,4.0
T0003047,M01126,2026-03-26 12:00:00,Account,0,,,
T0003048,M01126,2026-05-30 10:00:00,Refund/Dispute,1,2026-05-31 12:17:53.036668953,26.3,5.0
T0003050,M01127,2026-03-10 09:00:00,Technical,1,2026-03-11 02:18:54.535952019,17.32,5.0
T0003049,M01127,2026-03-12 17:00:00,Payment,1,2026-03-12 22:35:13.985165965,5.59,5.0
T0003051,M01129,2026-05-11 08:00:00,Account,1,2026-05-11 16:48:54.606282440,8.82,5.0
T0003052,M01131,2026-02-14 20:00:00,Technical,1,2026-02-15 15:14:52.081292475,19.25,4.0
T0003055,M01133,2026-04-22 18:00:00,Technical,1,2026-04-23 04:36:25.409244319,10.61,5.0
T0003053,M01133,2026-05-05 11:00:00,Payment,1,2026-05-05 22:21:17.255682482,11.35,5.0
T0003054,M01133,2026-05-23 14:00:00,Operations,1,2026-05-24 01:28:40.691950982,11.48,5.0
T0003056,M01134,2026-03-01 12:00:00,Refund/Dispute,1,2026-03-02 09:00:51.529122522,21.01,5.0
T0003057,M01134,2026-03-27 08:00:00,Operations,1,2026-03-27 22:58:06.072190885,14.97,4.0
T0003060,M01135,2026-05-03 20:00:00,Operations,1,2026-05-05 03:55:58.115622201,31.93,3.0
T0003058,M01135,2026-05-05 19:00:00,Refund/Dispute,1,2026-05-06 13:41:10.249423828,18.69,5.0
T0003059,M01135,2026-05-20 13:00:00,Account,0,,,
T0003061,M01136,2026-04-25 15:00:00,Operations,1,2026-04-25 23:13:20.592081523,8.22,4.0
T0003062,M01136,2026-05-09 20:00:00,Refund/Dispute,1,2026-05-11 06:34:40.027025334,34.58,4.0
T0003064,M01137,2026-02-07 15:00:00,Refund/Dispute,1,2026-02-07 21:51:06.636625430,6.85,3.0
T0003063,M01137,2026-03-03 10:00:00,Payment,1,2026-03-04 16:47:01.156870647,30.78,4.0
T0003065,M01138,2026-03-06 16:00:00,Account,1,2026-03-07 11:40:00.941245395,19.67,5.0
T0003066,M01138,2026-04-13 11:00:00,Account,1,2026-04-14 05:44:24.527238345,18.74,4.0
T0003068,M01139,2026-02-03 19:00:00,Refund/Dispute,0,,,
T0003069,M01139,2026-04-20 13:00:00,Payment,1,2026-04-21 12:16:33.997225681,23.28,4.0
T0003067,M01139,2026-05-09 16:00:00,Refund/Dispute,1,2026-05-11 01:16:46.615101535,33.28,3.0
T0003071,M01140,2026-03-12 10:00:00,Refund/Dispute,1,2026-03-14 04:29:18.511154250,42.49,4.0
T0003070,M01140,2026-05-21 16:00:00,Technical,1,2026-05-23 02:17:35.317994798,34.29,4.0
T0003072,M01141,2026-04-24 11:00:00,Payment,1,2026-04-25 23:55:05.216761887,36.92,4.0
T0003075,M01143,2026-02-03 12:00:00,Technical,1,2026-02-05 02:46:52.026598862,38.78,4.0
T0003076,M01143,2026-02-10 12:00:00,Technical,1,2026-02-11 03:46:04.494520664,15.77,4.0
T0003078,M01143,2026-03-07 17:00:00,Refund/Dispute,1,2026-03-08 17:25:12.818137162,24.42,4.0
T0003074,M01143,2026-03-22 10:00:00,Payment,1,2026-03-24 06:02:39.460157005,44.04,4.0
T0003073,M01143,2026-04-10 15:00:00,Refund/Dispute,1,2026-04-12 14:02:19.416136318,47.04,3.0
T0003077,M01143,2026-05-20 08:00:00,Payment,1,2026-05-23 13:42:46.296139226,77.71,2.0
T0003079,M01144,2026-02-16 20:00:00,Account,1,2026-02-18 05:36:14.418659001,33.6,4.0
T0003080,M01144,2026-02-17 11:00:00,Payment,1,2026-02-18 10:59:26.774741140,23.99,4.0
T0003083,M01145,2026-02-11 19:00:00,Payment,0,,,
T0003081,M01145,2026-04-14 08:00:00,Operations,1,2026-04-16 06:33:59.923332684,46.57,3.0
T0003082,M01145,2026-05-29 16:00:00,Refund/Dispute,0,,,
T0003085,M01147,2026-02-13 08:00:00,Technical,1,2026-02-13 18:44:25.572467590,10.74,5.0
T0003084,M01147,2026-03-22 17:00:00,Technical,1,2026-03-23 21:21:58.148179995,28.37,4.0
T0003086,M01147,2026-05-05 15:00:00,Operations,1,2026-05-06 04:59:28.714733682,13.99,5.0
T0003087,M01148,2026-02-20 16:00:00,Operations,1,2026-02-21 09:18:04.785892833,17.3,4.0
T0003089,M01148,2026-02-25 15:00:00,Operations,0,,,
T0003088,M01148,2026-03-11 16:00:00,Refund/Dispute,0,,,
T0003090,M01148,2026-03-21 12:00:00,Technical,0,,,
T0003091,M01149,2026-02-05 15:00:00,Operations,1,2026-02-07 03:49:55.210984291,36.83,4.0
T0003092,M01149,2026-02-26 17:00:00,Technical,1,2026-02-27 07:56:31.327905001,14.94,5.0
T0003093,M01149,2026-03-22 13:00:00,Account,1,2026-03-25 04:30:06.648549850,63.5,3.0
T0003094,M01150,2026-03-26 13:00:00,Refund/Dispute,1,2026-03-27 06:00:24.584353383,17.01,5.0
T0003098,M01150,2026-04-06 13:00:00,Refund/Dispute,1,2026-04-06 22:54:08.218090929,9.9,4.0
T0003097,M01150,2026-05-08 11:00:00,Operations,1,2026-05-09 21:29:53.182891039,34.5,3.0
T0003095,M01150,2026-05-15 08:00:00,Operations,1,2026-05-16 00:10:17.064821776,16.17,5.0
T0003096,M01150,2026-05-27 10:00:00,Refund/Dispute,1,2026-05-28 07:13:27.898301290,21.22,4.0
T0003099,M01150,2026-05-31 16:00:00,Payment,1,2026-06-01 13:30:33.226978503,21.51,4.0
T0003100,M01151,2026-03-16 17:00:00,Refund/Dispute,0,,,
T0003101,M01151,2026-03-16 19:00:00,Payment,1,2026-03-17 02:16:26.701091810,7.27,5.0
T0003102,M01151,2026-03-19 18:00:00,Operations,1,2026-03-20 18:58:29.924433008,24.97,4.0
T0003103,M01151,2026-05-12 18:00:00,Technical,0,,,
T0003106,M01153,2026-03-20 09:00:00,Refund/Dispute,1,2026-03-21 06:44:33.716649793,21.74,4.0
T0003104,M01153,2026-04-21 17:00:00,Payment,1,2026-04-22 02:05:06.537224259,9.09,4.0
T0003105,M01153,2026-05-22 12:00:00,Account,1,2026-05-23 00:58:02.561595063,12.97,5.0
T0003107,M01153,2026-05-23 09:00:00,Refund/Dispute,1,2026-05-23 15:50:14.200776423,6.84,4.0
T0003110,M01154,2026-02-06 09:00:00,Refund/Dispute,1,2026-02-06 22:25:07.150813312,13.42,5.0
T0003108,M01154,2026-03-19 16:00:00,Refund/Dispute,1,2026-03-20 22:48:24.820777364,30.81,4.0
T0003112,M01154,2026-03-24 16:00:00,Refund/Dispute,1,2026-03-26 07:39:53.402356998,39.66,3.0
T0003111,M01154,2026-05-02 18:00:00,Account,0,,,
T0003109,M01154,2026-05-11 08:00:00,Technical,1,2026-05-13 10:20:52.679068112,50.35,4.0
T0003113,M01155,2026-02-26 08:00:00,Account,1,2026-02-28 07:00:59.639169888,47.02,3.0
T0003116,M01155,2026-03-13 10:00:00,Payment,0,,,
T0003114,M01155,2026-05-08 13:00:00,Payment,1,2026-05-09 14:37:09.561939920,25.62,4.0
T0003115,M01155,2026-05-19 16:00:00,Technical,1,2026-05-21 16:45:56.973670462,48.77,3.0
T0003117,M01156,2026-05-08 13:00:00,Payment,1,2026-05-10 04:30:14.301599425,39.5,5.0
T0003118,M01157,2026-03-02 14:00:00,Payment,1,2026-03-03 19:49:34.308619474,29.83,5.0
T0003120,M01157,2026-03-19 15:00:00,Technical,1,2026-03-20 15:17:18.484946955,24.29,3.0
T0003119,M01157,2026-05-02 18:00:00,Technical,1,2026-05-02 22:47:26.266287444,4.79,5.0
T0003124,M01158,2026-02-18 12:00:00,Technical,1,2026-02-18 19:22:05.073207639,7.37,5.0
T0003122,M01158,2026-02-26 18:00:00,Operations,1,2026-02-27 08:58:45.769279137,14.98,5.0
T0003121,M01158,2026-03-15 12:00:00,Account,1,2026-03-16 09:00:41.617153364,21.01,5.0
T0003123,M01158,2026-05-26 17:00:00,Operations,1,2026-05-27 18:46:36.074726680,25.78,3.0
T0003126,M01159,2026-03-30 08:00:00,Technical,1,2026-03-30 19:37:34.540443778,11.63,5.0
T0003125,M01159,2026-05-29 09:00:00,Operations,1,2026-06-01 08:19:13.172617149,71.32,1.0
T0003127,M01160,2026-05-14 16:00:00,Operations,1,2026-05-16 23:49:59.089573722,55.83,2.0
T0003129,M01161,2026-02-01 09:00:00,Payment,1,2026-02-01 17:53:22.915458024,8.89,5.0
T0003131,M01161,2026-02-03 16:00:00,Technical,1,2026-02-03 23:06:06.923580030,7.1,5.0
T0003128,M01161,2026-02-09 11:00:00,Refund/Dispute,1,2026-02-10 12:49:57.938318076,25.83,4.0
T0003132,M01161,2026-02-17 18:00:00,Technical,1,2026-02-17 23:42:54.871304418,5.72,4.0
T0003130,M01161,2026-03-22 08:00:00,Account,1,2026-03-22 22:56:11.164571901,14.94,3.0
T0003133,M01161,2026-04-07 15:00:00,Account,1,2026-04-09 09:00:26.212644568,42.01,4.0
T0003136,M01162,2026-02-26 15:00:00,Operations,0,,,
T0003135,M01162,2026-03-01 09:00:00,Payment,1,2026-03-02 02:12:11.169661795,17.2,5.0
T0003134,M01162,2026-05-14 20:00:00,Account,1,2026-05-16 08:22:40.126837501,36.38,3.0
T0003138,M01164,2026-02-23 17:00:00,Refund/Dispute,1,2026-02-23 21:43:25.294346450,4.72,5.0
T0003137,M01164,2026-04-02 18:00:00,Refund/Dispute,1,2026-04-02 20:12:34.894382335,2.21,5.0
T0003139,M01164,2026-05-19 09:00:00,Refund/Dispute,1,2026-05-19 19:45:57.164661255,10.77,5.0
T0003140,M01165,2026-04-29 11:00:00,Technical,1,2026-04-29 19:43:57.354067632,8.73,4.0
T0003141,M01166,2026-02-04 19:00:00,Refund/Dispute,0,,,
T0003142,M01167,2026-05-15 10:00:00,Account,1,2026-05-16 03:44:07.004295711,17.74,5.0
T0003144,M01168,2026-03-12 18:00:00,Refund/Dispute,1,2026-03-13 14:46:48.431279096,20.78,5.0
T0003146,M01168,2026-03-17 12:00:00,Account,1,2026-03-18 11:17:40.805238094,23.29,4.0
T0003143,M01168,2026-04-06 19:00:00,Payment,1,2026-04-08 08:23:44.026157443,37.4,4.0
T0003147,M01168,2026-04-12 20:00:00,Technical,1,2026-04-14 05:11:38.846796428,33.19,3.0
T0003145,M01168,2026-05-15 14:00:00,Account,1,2026-05-16 11:16:51.181284914,21.28,4.0
T0003148,M01169,2026-04-10 10:00:00,Technical,0,,,
T0003149,M01169,2026-04-10 19:00:00,Operations,1,2026-04-11 09:40:29.937068032,14.67,5.0
T0003150,M01169,2026-04-29 18:00:00,Account,1,2026-04-30 12:19:34.110992452,18.33,4.0
T0003151,M01169,2026-05-21 17:00:00,Technical,1,2026-05-22 12:10:04.797978837,19.17,5.0
T0003153,M01170,2026-02-17 14:00:00,Technical,1,2026-02-18 17:29:45.874148359,27.5,5.0
T0003152,M01170,2026-02-21 19:00:00,Operations,1,2026-02-22 12:24:10.557289249,17.4,4.0
T0003155,M01170,2026-02-27 15:00:00,Operations,1,2026-02-28 05:28:42.700647140,14.48,4.0
T0003154,M01170,2026-04-25 19:00:00,Payment,0,,,
T0003157,M01171,2026-02-20 11:00:00,Operations,1,2026-02-20 20:31:24.149082522,9.52,5.0
T0003156,M01171,2026-04-02 13:00:00,Technical,1,2026-04-03 03:45:17.506855940,14.75,4.0
T0003160,M01172,2026-02-25 11:00:00,Technical,1,2026-02-26 11:10:02.925810051,24.17,3.0
T0003159,M01172,2026-03-03 17:00:00,Refund/Dispute,1,2026-03-04 03:07:14.610459860,10.12,5.0
T0003158,M01172,2026-04-20 12:00:00,Technical,1,2026-04-21 07:57:07.198156159,19.95,3.0
T0003162,M01173,2026-02-02 16:00:00,Account,1,2026-02-03 04:09:53.386259130,12.16,4.0
T0003163,M01173,2026-02-12 20:00:00,Account,1,2026-02-13 15:24:24.748767925,19.41,3.0
T0003161,M01173,2026-05-31 17:00:00,Payment,1,2026-06-01 07:52:05.648944422,14.87,5.0
T0003169,M01174,2026-02-11 20:00:00,Refund/Dispute,0,,,
T0003164,M01174,2026-02-28 18:00:00,Refund/Dispute,1,2026-03-02 09:09:09.236821391,39.15,4.0
T0003168,M01174,2026-03-16 18:00:00,Refund/Dispute,0,,,
T0003167,M01174,2026-03-19 08:00:00,Account,1,2026-03-20 09:59:53.431470985,26.0,3.0
T0003166,M01174,2026-04-10 20:00:00,Operations,1,2026-04-11 19:32:59.869225435,23.55,4.0
T0003165,M01174,2026-05-10 08:00:00,Account,0,,,
T0003172,M01175,2026-02-01 11:00:00,Technical,1,2026-02-03 16:33:41.211135889,53.56,3.0
T0003170,M01175,2026-02-14 17:00:00,Technical,0,,,
T0003174,M01175,2026-02-21 14:00:00,Refund/Dispute,1,2026-02-22 02:18:18.226804068,12.31,4.0
T0003175,M01175,2026-04-26 16:00:00,Operations,1,2026-04-27 17:39:16.988877849,25.65,5.0
T0003173,M01175,2026-04-27 18:00:00,Operations,1,2026-04-28 11:24:59.249229926,17.42,4.0
T0003171,M01175,2026-05-29 20:00:00,Account,1,2026-05-30 03:14:11.692512988,7.24,5.0
T0003176,M01176,2026-02-22 20:00:00,Account,1,2026-02-23 16:15:19.498342028,20.26,5.0
T0003177,M01176,2026-03-25 17:00:00,Operations,1,2026-03-26 19:51:09.385083068,26.85,3.0
T0003178,M01176,2026-05-21 17:00:00,Payment,1,2026-05-24 00:03:27.121313397,55.06,4.0
T0003180,M01177,2026-02-12 15:00:00,Operations,1,2026-02-13 08:46:00.502781260,17.77,4.0
T0003179,M01177,2026-02-24 19:00:00,Account,0,,,
T0003181,M01177,2026-03-19 10:00:00,Technical,0,,,
T0003186,M01178,2026-03-23 19:00:00,Refund/Dispute,0,,,
T0003187,M01178,2026-04-22 20:00:00,Account,1,2026-04-24 02:44:15.982003960,30.74,4.0
T0003184,M01178,2026-04-28 16:00:00,Payment,1,2026-04-29 04:39:42.574519911,12.66,5.0
T0003185,M01178,2026-05-04 16:00:00,Operations,1,2026-05-05 09:08:09.745221631,17.14,4.0
T0003183,M01178,2026-05-06 15:00:00,Operations,1,2026-05-07 13:01:11.116494771,22.02,4.0
T0003182,M01178,2026-05-21 10:00:00,Refund/Dispute,0,,,
T0003191,M01179,2026-03-24 10:00:00,Payment,1,2026-03-25 17:06:17.024326934,31.1,4.0
T0003190,M01179,2026-03-24 14:00:00,Operations,1,2026-03-24 20:08:15.814308454,6.14,4.0
T0003188,M01179,2026-05-12 19:00:00,Operations,1,2026-05-14 05:23:25.622769757,34.39,4.0
T0003189,M01179,2026-05-14 12:00:00,Operations,1,2026-05-15 11:28:50.594059261,23.48,5.0
T0003193,M01180,2026-02-01 13:00:00,Payment,0,,,
T0003192,M01180,2026-03-22 14:00:00,Operations,1,2026-03-23 11:24:49.229919374,21.41,3.0
T0003195,M01181,2026-02-07 17:00:00,Refund/Dispute,0,,,
T0003194,M01181,2026-04-12 13:00:00,Technical,1,2026-04-13 20:19:15.050942342,31.32,5.0
T0003196,M01181,2026-04-27 13:00:00,Payment,1,2026-04-28 16:56:30.167062076,27.94,4.0
T0003198,M01182,2026-05-07 19:00:00,Technical,1,2026-05-08 07:59:14.899098674,12.99,4.0
T0003197,M01182,2026-05-19 12:00:00,Account,1,2026-05-19 17:52:54.393185881,5.88,5.0
T0003200,M01184,2026-02-09 09:00:00,Technical,1,2026-02-11 13:35:10.509800661,52.59,4.0
T0003201,M01184,2026-04-15 12:00:00,Payment,1,2026-04-15 18:46:56.608540482,6.78,5.0
T0003199,M01184,2026-05-20 14:00:00,Technical,1,2026-05-21 18:20:45.800796206,28.35,4.0
T0003202,M01185,2026-02-24 19:00:00,Payment,1,2026-02-25 02:38:11.362246076,7.64,4.0
T0003203,M01185,2026-03-30 15:00:00,Technical,1,2026-03-30 22:03:10.381779280,7.05,5.0
T0003205,M01186,2026-03-27 10:00:00,Account,1,2026-03-28 01:39:53.953178580,15.66,5.0
T0003204,M01186,2026-04-22 18:00:00,Refund/Dispute,1,2026-04-23 20:50:02.838986725,26.83,4.0
T0003206,M01186,2026-05-03 11:00:00,Account,1,2026-05-04 09:37:27.161625583,22.62,4.0
T0003209,M01187,2026-03-31 11:00:00,Technical,1,2026-04-02 07:41:19.852680919,44.69,4.0
T0003207,M01187,2026-04-19 17:00:00,Operations,0,,,
T0003208,M01187,2026-05-24 08:00:00,Account,1,2026-05-25 11:51:02.555828787,27.85,4.0
T0003210,M01188,2026-05-16 17:00:00,Account,1,2026-05-17 04:24:08.958669498,11.4,5.0
T0003211,M01189,2026-04-07 16:00:00,Payment,0,,,
T0003212,M01190,2026-03-30 13:00:00,Refund/Dispute,0,,,
T0003213,M01190,2026-05-25 08:00:00,Operations,1,2026-05-25 14:28:36.794553200,6.48,4.0
T0003214,M01191,2026-02-20 12:00:00,Account,1,2026-02-20 22:40:21.453722392,10.67,4.0
T0003220,M01192,2026-02-03 15:00:00,Operations,1,2026-02-04 04:02:42.097099434,13.05,5.0
T0003215,M01192,2026-02-21 16:00:00,Payment,1,2026-02-22 06:51:46.100566486,14.86,5.0
T0003217,M01192,2026-03-28 10:00:00,Refund/Dispute,1,2026-03-29 05:18:40.477390329,19.31,3.0
T0003216,M01192,2026-04-08 14:00:00,Technical,1,2026-04-09 00:55:05.026060635,10.92,4.0
T0003219,M01192,2026-04-12 09:00:00,Refund/Dispute,1,2026-04-12 19:19:37.949430201,10.33,5.0
T0003218,M01192,2026-05-07 19:00:00,Operations,1,2026-05-08 03:32:54.256901517,8.55,5.0
T0003221,M01193,2026-02-03 13:00:00,Payment,1,2026-02-04 04:22:56.486436841,15.38,5.0
T0003222,M01193,2026-05-03 15:00:00,Payment,1,2026-05-04 08:26:15.718328199,17.44,5.0
T0003223,M01193,2026-05-12 11:00:00,Operations,1,2026-05-12 18:39:50.660870364,7.66,5.0
T0003224,M01194,2026-05-21 18:00:00,Payment,0,,,
T0003225,M01195,2026-02-24 10:00:00,Technical,1,2026-02-24 21:51:06.716783527,11.85,4.0
T0003227,M01195,2026-02-27 16:00:00,Operations,1,2026-02-28 13:32:34.022477680,21.54,4.0
T0003226,M01195,2026-03-26 08:00:00,Operations,1,2026-03-26 22:27:05.822978108,14.45,4.0
T0003229,M01196,2026-02-23 12:00:00,Refund/Dispute,0,,,
T0003230,M01196,2026-03-05 10:00:00,Account,0,,,
T0003231,M01196,2026-04-03 15:00:00,Operations,0,,,
T0003228,M01196,2026-05-24 17:00:00,Account,1,2026-05-25 02:46:55.851221931,9.78,4.0
T0003232,M01197,2026-02-18 10:00:00,Technical,1,2026-02-19 14:26:58.473818509,28.45,3.0
T0003234,M01197,2026-05-05 15:00:00,Technical,1,2026-05-06 20:18:08.027321846,29.3,4.0
T0003233,M01197,2026-05-17 13:00:00,Operations,1,2026-05-18 11:38:01.502398237,22.63,5.0
T0003238,M01198,2026-02-17 18:00:00,Operations,1,2026-02-18 07:31:50.375110375,13.53,4.0
T0003239,M01198,2026-03-03 14:00:00,Technical,1,2026-03-03 22:24:05.456982992,8.4,4.0
T0003236,M01198,2026-04-10 17:00:00,Refund/Dispute,1,2026-04-11 14:37:56.590997520,21.63,5.0
T0003235,M01198,2026-04-27 20:00:00,Payment,0,,,
T0003237,M01198,2026-05-20 08:00:00,Refund/Dispute,1,2026-05-20 20:46:30.027475473,12.78,5.0
T0003240,M01199,2026-02-27 09:00:00,Refund/Dispute,1,2026-02-28 07:21:28.767238524,22.36,4.0
T0003241,M01199,2026-03-17 17:00:00,Account,1,2026-03-19 04:45:28.922670064,35.76,4.0
T0003242,M01199,2026-05-22 14:00:00,Refund/Dispute,1,2026-05-23 10:59:34.726240179,20.99,4.0
T0003244,M01200,2026-02-15 18:00:00,Refund/Dispute,1,2026-02-16 03:56:42.956541949,9.95,5.0
T0003243,M01200,2026-02-20 18:00:00,Payment,1,2026-02-21 09:32:52.631035443,15.55,4.0
T0003247,M01201,2026-03-01 14:00:00,Technical,1,2026-03-02 15:20:32.632593111,25.34,5.0
T0003246,M01201,2026-03-09 11:00:00,Account,1,2026-03-12 06:44:57.072802833,67.75,3.0
T0003245,M01201,2026-05-29 09:00:00,Operations,1,2026-05-31 05:10:53.079459704,44.18,3.0
T0003249,M01202,2026-02-15 18:00:00,Payment,1,2026-02-16 06:35:14.277347689,12.59,4.0
T0003248,M01202,2026-03-27 19:00:00,Payment,1,2026-03-28 15:00:45.091663754,20.01,5.0
T0003250,M01202,2026-05-20 13:00:00,Technical,1,2026-05-21 01:04:31.687923936,12.08,4.0
T0003253,M01203,2026-02-02 09:00:00,Account,1,2026-02-04 08:43:31.696181288,47.73,4.0
T0003251,M01203,2026-04-22 17:00:00,Payment,1,2026-04-23 11:08:01.803172790,18.13,4.0
T0003254,M01203,2026-05-01 16:00:00,Technical,1,2026-05-02 13:04:25.969914962,21.07,4.0
T0003252,M01203,2026-05-20 11:00:00,Operations,1,2026-05-21 02:11:39.643510272,15.19,5.0
T0003260,M01204,2026-02-03 08:00:00,Refund/Dispute,1,2026-02-04 07:19:46.578978390,23.33,4.0
T0003255,M01204,2026-02-06 16:00:00,Technical,1,2026-02-07 14:40:15.430443373,22.67,4.0
T0003258,M01204,2026-02-23 09:00:00,Operations,1,2026-02-23 23:24:34.846577434,14.41,5.0
T0003259,M01204,2026-03-06 15:00:00,Refund/Dispute,1,2026-03-07 22:04:55.899688684,31.08,4.0
T0003257,M01204,2026-03-29 15:00:00,Operations,0,,,
T0003256,M01204,2026-05-17 17:00:00,Operations,1,2026-05-19 16:51:24.403771540,47.86,2.0
T0003261,M01204,2026-05-24 18:00:00,Account,0,,,
T0003262,M01205,2026-02-03 11:00:00,Payment,0,,,
T0003263,M01206,2026-02-03 16:00:00,Refund/Dispute,1,2026-02-05 03:16:29.530348824,35.27,4.0
T0003265,M01206,2026-02-22 14:00:00,Account,1,2026-02-23 17:21:01.626869689,27.35,5.0
T0003266,M01206,2026-03-19 08:00:00,Payment,1,2026-03-20 16:40:31.926474242,32.68,4.0
T0003264,M01206,2026-03-27 16:00:00,Payment,1,2026-03-28 03:21:39.506819907,11.36,4.0
T0003268,M01207,2026-03-08 15:00:00,Payment,1,2026-03-10 01:08:02.741113935,34.13,4.0
T0003267,M01207,2026-03-24 09:00:00,Account,1,2026-03-24 19:44:05.270152891,10.73,4.0
T0003269,M01208,2026-03-24 20:00:00,Technical,1,2026-03-25 13:28:20.573431323,17.47,5.0
T0003270,M01208,2026-05-10 08:00:00,Technical,1,2026-05-10 23:29:07.895585932,15.49,4.0
T0003271,M01209,2026-02-02 15:00:00,Payment,0,,,
T0003273,M01209,2026-02-02 18:00:00,Refund/Dispute,1,2026-02-03 02:43:10.505228361,8.72,5.0
T0003274,M01209,2026-04-30 15:00:00,Operations,1,2026-05-02 03:24:36.477312274,36.41,4.0
T0003272,M01209,2026-05-22 16:00:00,Technical,1,2026-05-24 01:22:10.896626694,33.37,4.0
T0003275,M01210,2026-02-04 15:00:00,Technical,1,2026-02-05 11:44:09.998692652,20.74,4.0
T0003277,M01210,2026-04-20 19:00:00,Refund/Dispute,1,2026-04-21 21:03:47.230716038,26.06,4.0
T0003278,M01210,2026-04-24 17:00:00,Refund/Dispute,1,2026-04-24 23:25:01.829115134,6.42,3.0
T0003276,M01210,2026-05-06 17:00:00,Refund/Dispute,1,2026-05-07 08:30:39.866309290,15.51,4.0
T0003280,M01211,2026-02-09 10:00:00,Operations,0,,,
T0003279,M01211,2026-04-03 11:00:00,Account,1,2026-04-04 16:18:08.790160870,29.3,4.0
T0003283,M01212,2026-02-01 20:00:00,Technical,1,2026-02-02 10:15:56.586439929,14.27,5.0
T0003282,M01212,2026-03-25 11:00:00,Refund/Dispute,1,2026-03-26 07:46:34.736626804,20.78,4.0
T0003281,M01212,2026-04-28 18:00:00,Operations,0,,,
T0003284,M01213,2026-02-05 20:00:00,Operations,1,2026-02-06 06:44:58.711112858,10.75,5.0
T0003285,M01213,2026-04-22 14:00:00,Refund/Dispute,1,2026-04-23 08:59:59.833942162,19.0,4.0
T0003287,M01214,2026-02-17 12:00:00,Payment,1,2026-02-18 01:58:47.827639592,13.98,5.0
T0003288,M01214,2026-04-04 14:00:00,Account,0,,,
T0003290,M01214,2026-04-06 15:00:00,Technical,1,2026-04-07 04:57:10.392398384,13.95,4.0
T0003289,M01214,2026-04-15 18:00:00,Operations,1,2026-04-16 06:25:47.553122654,12.43,5.0
T0003286,M01214,2026-04-25 09:00:00,Account,1,2026-04-26 10:57:07.227210124,25.95,5.0
T0003291,M01215,2026-02-06 13:00:00,Technical,1,2026-02-07 05:15:03.416889283,16.25,5.0
T0003293,M01215,2026-03-24 12:00:00,Technical,1,2026-03-26 11:18:42.895541898,47.31,4.0
T0003292,M01215,2026-04-18 16:00:00,Operations,1,2026-04-18 23:28:10.811559802,7.47,5.0
T0003295,M01216,2026-03-11 11:00:00,Account,1,2026-03-12 17:38:47.420024517,30.65,3.0
T0003294,M01216,2026-05-12 10:00:00,Technical,1,2026-05-12 18:54:56.797542583,8.92,4.0
T0003296,M01217,2026-02-23 17:00:00,Payment,1,2026-02-24 06:57:24.048995018,13.96,3.0
T0003298,M01217,2026-02-28 15:00:00,Payment,1,2026-03-01 11:55:42.496661107,20.93,5.0
T0003297,M01217,2026-04-13 13:00:00,Operations,1,2026-04-14 08:48:50.561685219,19.81,5.0
T0003299,M01218,2026-02-25 15:00:00,Payment,1,2026-02-26 06:12:50.189622476,15.21,3.0
T0003301,M01219,2026-03-07 17:00:00,Payment,0,,,
T0003300,M01219,2026-04-12 15:00:00,Technical,1,2026-04-13 09:13:56.982669110,18.23,5.0
T0003302,M01219,2026-04-19 15:00:00,Operations,1,2026-04-20 00:02:39.141947414,9.04,4.0
T0003304,M01220,2026-04-17 12:00:00,Operations,1,2026-04-18 03:53:13.575690178,15.89,4.0
T0003303,M01220,2026-05-06 10:00:00,Technical,1,2026-05-06 18:13:24.600969822,8.22,4.0
T0003305,M01221,2026-04-27 09:00:00,Payment,1,2026-04-28 17:47:48.674986170,32.8,5.0
T0003306,M01221,2026-05-29 18:00:00,Payment,1,2026-05-30 08:02:47.116394901,14.05,4.0
T0003312,M01223,2026-03-01 09:00:00,Refund/Dispute,1,2026-03-02 22:03:26.033467806,37.06,3.0
T0003309,M01223,2026-03-15 17:00:00,Technical,1,2026-03-16 08:29:51.046114974,15.5,5.0
T0003308,M01223,2026-04-01 20:00:00,Operations,1,2026-04-02 08:56:23.981883630,12.94,4.0
T0003307,M01223,2026-04-16 18:00:00,Technical,1,2026-04-17 06:05:24.867843828,12.09,5.0
T0003310,M01223,2026-04-17 16:00:00,Payment,0,,,
T0003311,M01223,2026-04-20 16:00:00,Account,1,2026-04-21 06:11:44.501212993,14.2,5.0
T0003314,M01224,2026-04-27 14:00:00,Technical,1,2026-04-29 22:32:41.603070501,56.54,3.0
T0003313,M01224,2026-05-09 15:00:00,Operations,0,,,
T0003316,M01227,2026-02-12 12:00:00,Operations,1,2026-02-12 16:36:05.867286120,4.6,5.0
T0003315,M01227,2026-02-24 18:00:00,Technical,1,2026-02-25 14:52:38.602322594,20.88,4.0
T0003320,M01228,2026-02-25 13:00:00,Technical,1,2026-02-26 06:24:22.817207145,17.41,5.0
T0003318,M01228,2026-03-09 18:00:00,Account,0,,,
T0003317,M01228,2026-03-17 18:00:00,Payment,1,2026-03-18 06:39:53.428359528,12.66,5.0
T0003321,M01228,2026-03-17 19:00:00,Operations,1,2026-03-18 11:40:38.097724566,16.68,5.0
T0003319,M01228,2026-04-13 11:00:00,Operations,1,2026-04-14 06:56:33.875391487,19.94,4.0
T0003323,M01229,2026-02-03 11:00:00,Account,1,2026-02-04 16:09:34.022939061,29.16,5.0
T0003326,M01229,2026-02-09 20:00:00,Operations,1,2026-02-10 08:15:14.587571959,12.25,5.0
T0003325,M01229,2026-02-28 16:00:00,Account,1,2026-03-01 03:31:05.207658906,11.52,4.0
T0003322,M01229,2026-04-07 09:00:00,Account,1,2026-04-07 22:14:17.578115113,13.24,5.0
T0003324,M01229,2026-04-19 12:00:00,Account,1,2026-04-19 16:02:41.667681076,4.04,4.0
T0003327,M01230,2026-04-18 09:00:00,Operations,1,2026-04-19 09:44:33.730633014,24.74,4.0
T0003328,M01230,2026-05-17 13:00:00,Refund/Dispute,1,2026-05-18 10:17:40.911833518,21.29,4.0
T0003329,M01231,2026-02-26 19:00:00,Refund/Dispute,1,2026-02-28 05:29:50.463998512,34.5,4.0
T0003332,M01231,2026-03-22 12:00:00,Account,1,2026-03-25 12:32:49.581848032,72.55,3.0
T0003331,M01231,2026-03-25 15:00:00,Account,1,2026-03-26 17:02:24.147706311,26.04,4.0
T0003333,M01231,2026-05-09 10:00:00,Technical,1,2026-05-09 19:36:56.046896553,9.62,5.0
T0003330,M01231,2026-05-18 08:00:00,Operations,0,,,
T0003334,M01232,2026-03-22 11:00:00,Operations,1,2026-03-22 18:22:15.125506233,7.37,4.0
T0003335,M01232,2026-04-07 16:00:00,Payment,1,2026-04-08 06:00:09.995256302,14.0,4.0
T0003336,M01232,2026-04-22 16:00:00,Payment,1,2026-04-23 02:31:34.203648723,10.53,5.0
T0003339,M01234,2026-03-03 20:00:00,Payment,1,2026-03-04 18:15:21.512559513,22.26,4.0
T0003337,M01234,2026-03-21 13:00:00,Technical,0,,,
T0003338,M01234,2026-03-27 09:00:00,Technical,1,2026-03-28 02:18:09.744553979,17.3,4.0
T0003342,M01234,2026-04-10 20:00:00,Payment,1,2026-04-11 18:39:17.212190356,22.65,5.0
T0003341,M01234,2026-04-23 19:00:00,Operations,0,,,
T0003340,M01234,2026-04-28 16:00:00,Refund/Dispute,0,,,
T0003343,M01235,2026-02-05 19:00:00,Payment,1,2026-02-06 08:52:23.636501997,13.87,5.0
T0003346,M01236,2026-02-03 13:00:00,Refund/Dispute,1,2026-02-04 05:03:53.576936989,16.06,4.0
T0003347,M01236,2026-02-07 10:00:00,Operations,1,2026-02-08 03:17:55.261525110,17.3,4.0
T0003345,M01236,2026-04-13 15:00:00,Operations,1,2026-04-14 03:19:29.513366990,12.32,5.0
T0003344,M01236,2026-05-07 09:00:00,Technical,1,2026-05-08 00:01:46.354773925,15.03,5.0
T0003350,M01237,2026-03-13 17:00:00,Payment,1,2026-03-15 03:37:54.037449818,34.63,4.0
T0003354,M01237,2026-03-24 08:00:00,Payment,0,,,
T0003351,M01237,2026-04-11 16:00:00,Account,1,2026-04-16 16:00:00.000000000,120.0,2.0
T0003352,M01237,2026-04-17 09:00:00,Payment,1,2026-04-19 02:42:11.414146744,41.7,4.0
T0003353,M01237,2026-04-30 18:00:00,Refund/Dispute,1,2026-05-01 17:53:50.813903666,23.9,5.0
T0003348,M01237,2026-05-02 12:00:00,Technical,1,2026-05-03 15:38:08.172503185,27.64,3.0
T0003349,M01237,2026-05-24 17:00:00,Refund/Dispute,1,2026-05-25 16:05:40.034588931,23.09,5.0
T0003355,M01238,2026-03-29 12:00:00,Operations,1,2026-03-30 03:40:18.095727064,15.67,4.0
T0003358,M01238,2026-05-10 10:00:00,Payment,1,2026-05-11 05:03:42.408976014,19.06,4.0
T0003357,M01238,2026-05-11 19:00:00,Refund/Dispute,1,2026-05-12 09:51:59.654398359,14.87,5.0
T0003356,M01238,2026-05-29 10:00:00,Operations,1,2026-05-30 03:09:06.586333336,17.15,4.0
T0003360,M01239,2026-03-30 11:00:00,Payment,1,2026-03-31 06:56:53.872218758,19.95,5.0
T0003361,M01239,2026-04-03 16:00:00,Operations,1,2026-04-05 20:36:15.328356685,52.6,3.0
T0003362,M01239,2026-05-11 10:00:00,Refund/Dispute,1,2026-05-12 04:21:11.959896463,18.35,5.0
T0003359,M01239,2026-05-20 12:00:00,Account,1,2026-05-21 20:54:19.062622868,32.91,3.0
T0003363,M01240,2026-05-04 09:00:00,Account,1,2026-05-05 09:53:25.337043477,24.89,4.0
T0003364,M01240,2026-05-21 17:00:00,Operations,1,2026-05-22 01:40:50.308748259,8.68,4.0
T0003366,M01241,2026-04-08 10:00:00,Refund/Dispute,1,2026-04-08 20:25:16.172276772,10.42,5.0
T0003367,M01241,2026-05-05 18:00:00,Technical,1,2026-05-06 04:30:55.486145282,10.52,5.0
T0003365,M01241,2026-05-31 16:00:00,Operations,1,2026-05-31 21:21:16.537610876,5.35,4.0
T0003369,M01242,2026-03-29 10:00:00,Refund/Dispute,1,2026-03-30 16:56:25.555302150,30.94,3.0
T0003370,M01242,2026-04-30 10:00:00,Technical,1,2026-05-01 06:20:16.465164309,20.34,5.0
T0003368,M01242,2026-05-06 09:00:00,Refund/Dispute,0,,,
T0003371,M01243,2026-05-28 17:00:00,Technical,1,2026-05-29 07:18:16.561527609,14.3,4.0
T0003372,M01244,2026-04-11 19:00:00,Technical,1,2026-04-12 13:36:48.374413005,18.61,5.0
T0003373,M01244,2026-04-23 18:00:00,Refund/Dispute,1,2026-04-24 00:56:51.405139377,6.95,5.0
T0003374,M01245,2026-05-13 12:00:00,Payment,1,2026-05-14 01:09:17.493085933,13.15,4.0
T0003376,M01247,2026-03-03 16:00:00,Operations,1,2026-03-04 21:22:31.150139779,29.38,4.0
T0003375,M01247,2026-03-15 15:00:00,Refund/Dispute,1,2026-03-15 20:56:38.621925916,5.94,5.0
T0003377,M01248,2026-02-10 18:00:00,Technical,1,2026-02-11 05:57:52.196123314,11.96,5.0
T0003381,M01248,2026-02-15 15:00:00,Account,1,2026-02-16 04:15:21.796857377,13.26,5.0
T0003380,M01248,2026-02-20 19:00:00,Technical,1,2026-02-21 10:22:34.955646387,15.38,4.0
T0003378,M01248,2026-02-24 16:00:00,Technical,1,2026-02-26 08:50:23.975443888,40.84,4.0
T0003379,M01248,2026-05-07 20:00:00,Operations,0,,,
T0003382,M01249,2026-03-13 08:00:00,Payment,1,2026-03-14 03:51:24.256363114,19.86,5.0
T0003383,M01249,2026-05-25 17:00:00,Payment,1,2026-05-28 11:51:20.754997002,66.86,2.0
T0003384,M01250,2026-03-19 19:00:00,Technical,1,2026-03-20 17:28:42.306276788,22.48,4.0
T0003387,M01250,2026-04-25 08:00:00,Operations,0,,,
T0003386,M01250,2026-05-11 19:00:00,Account,1,2026-05-12 11:18:25.489536444,16.31,5.0
T0003385,M01250,2026-05-14 19:00:00,Operations,1,2026-05-15 17:38:45.980324098,22.65,5.0
T0003388,M01250,2026-05-24 16:00:00,Account,0,,,
T0003389,M01251,2026-03-07 18:00:00,Technical,1,2026-03-08 04:27:43.688391966,10.46,5.0
T0003391,M01251,2026-03-28 10:00:00,Account,0,,,
T0003390,M01251,2026-04-03 10:00:00,Payment,1,2026-04-05 05:17:08.834502159,43.29,4.0
T0003392,M01251,2026-04-26 17:00:00,Operations,1,2026-05-01 00:11:21.745941662,103.19,1.0
T0003396,M01252,2026-02-28 19:00:00,Technical,1,2026-03-02 06:08:11.098802785,35.14,3.0
T0003393,M01252,2026-03-06 11:00:00,Account,1,2026-03-06 22:55:48.834165385,11.93,5.0
T0003398,M01252,2026-03-10 16:00:00,Payment,1,2026-03-11 02:44:19.617438260,10.74,5.0
T0003394,M01252,2026-04-07 10:00:00,Operations,1,2026-04-08 09:46:21.008841945,23.77,5.0
T0003397,M01252,2026-04-19 19:00:00,Refund/Dispute,1,2026-04-22 01:11:43.184717142,54.2,4.0
T0003395,M01252,2026-04-21 09:00:00,Technical,1,2026-04-22 12:04:17.791007278,27.07,3.0
T0003399,M01252,2026-05-21 16:00:00,Operations,1,2026-05-22 02:50:30.995876817,10.84,4.0
T0003400,M01254,2026-05-01 13:00:00,Technical,1,2026-05-02 04:16:30.046387195,15.28,4.0
T0003402,M01255,2026-04-26 16:00:00,Payment,1,2026-04-27 02:35:03.123408843,10.58,5.0
T0003401,M01255,2026-05-28 13:00:00,Operations,1,2026-05-28 21:14:14.693943908,8.24,5.0
T0003404,M01256,2026-03-08 18:00:00,Account,1,2026-03-09 04:41:39.931300939,10.69,5.0
T0003403,M01256,2026-05-13 17:00:00,Payment,1,2026-05-14 13:11:03.445197813,20.18,5.0
T0003405,M01257,2026-05-11 19:00:00,Account,1,2026-05-12 21:35:59.934460250,26.6,5.0
T0003406,M01258,2026-04-11 19:00:00,Technical,1,2026-04-12 03:27:24.337943899,8.46,5.0
T0003407,M01259,2026-02-07 12:00:00,Account,1,2026-02-08 00:35:31.297033975,12.59,4.0
T0003408,M01259,2026-03-29 10:00:00,Account,1,2026-03-30 04:34:58.289754309,18.58,5.0
T0003409,M01260,2026-02-17 17:00:00,Refund/Dispute,1,2026-02-18 15:29:39.578665250,22.49,4.0
T0003410,M01260,2026-03-12 12:00:00,Technical,1,2026-03-13 04:55:48.765007246,16.93,5.0
T0003412,M01260,2026-03-31 14:00:00,Payment,1,2026-04-01 15:06:46.344075681,25.11,4.0
T0003411,M01260,2026-04-23 19:00:00,Technical,0,,,
T0003413,M01261,2026-04-10 13:00:00,Technical,1,2026-04-10 18:39:03.122565530,5.65,5.0
T0003414,M01261,2026-04-19 10:00:00,Technical,1,2026-04-19 16:45:08.421402643,6.75,4.0
T0003416,M01262,2026-02-01 13:00:00,Technical,1,2026-02-02 14:03:16.745623891,25.05,4.0
T0003415,M01262,2026-05-16 16:00:00,Refund/Dispute,1,2026-05-17 09:29:36.254361904,17.49,4.0
T0003418,M01263,2026-03-01 19:00:00,Technical,1,2026-03-02 13:45:30.469648143,18.76,5.0
T0003419,M01263,2026-03-27 12:00:00,Technical,1,2026-03-28 05:38:07.359773737,17.64,5.0
T0003417,M01263,2026-04-27 09:00:00,Refund/Dispute,1,2026-04-28 04:36:34.120161593,19.61,4.0
T0003420,M01264,2026-02-12 12:00:00,Account,0,,,
T0003421,M01264,2026-03-06 12:00:00,Technical,0,,,
T0003422,M01265,2026-02-03 10:00:00,Account,1,2026-02-04 19:58:22.858676551,33.97,3.0
T0003423,M01265,2026-02-25 10:00:00,Refund/Dispute,1,2026-02-25 20:50:02.527092250,10.83,5.0
T0003426,M01266,2026-02-08 13:00:00,Refund/Dispute,1,2026-02-09 11:34:27.722256481,22.57,5.0
T0003424,M01266,2026-02-12 12:00:00,Technical,1,2026-02-13 05:51:48.124744718,17.86,4.0
T0003427,M01266,2026-02-27 13:00:00,Operations,0,,,
T0003425,M01266,2026-04-17 14:00:00,Technical,1,2026-04-17 23:16:04.713835814,9.27,5.0
T0003429,M01267,2026-02-19 12:00:00,Operations,1,2026-02-21 05:25:37.414288113,41.43,3.0
T0003430,M01267,2026-02-24 11:00:00,Technical,1,2026-02-26 06:31:33.688152663,43.53,3.0
T0003428,M01267,2026-04-28 15:00:00,Operations,1,2026-04-29 11:21:24.981655824,20.36,4.0
T0003431,M01268,2026-03-18 14:00:00,Refund/Dispute,1,2026-03-19 08:58:58.116678574,18.98,4.0
T0003436,M01269,2026-03-04 17:00:00,Refund/Dispute,1,2026-03-05 11:02:41.624809620,18.04,4.0
T0003432,M01269,2026-03-06 15:00:00,Refund/Dispute,1,2026-03-06 23:54:36.641620962,8.91,5.0
T0003435,M01269,2026-03-29 18:00:00,Account,1,2026-03-30 05:49:32.635649118,11.83,4.0
T0003434,M01269,2026-04-20 12:00:00,Technical,1,2026-04-21 00:59:01.012143793,12.98,5.0
T0003433,M01269,2026-05-16 13:00:00,Account,1,2026-05-17 02:27:31.840663636,13.46,4.0
T0003437,M01270,2026-02-24 15:00:00,Technical,1,2026-02-25 10:44:34.806864580,19.74,5.0
T0003438,M01271,2026-02-06 16:00:00,Account,0,,,
T0003440,M01271,2026-05-11 17:00:00,Technical,1,2026-05-12 06:59:00.805560576,13.98,4.0
T0003439,M01271,2026-05-24 14:00:00,Refund/Dispute,1,2026-05-26 03:04:50.310576843,37.08,5.0
T0003441,M01272,2026-04-23 08:00:00,Operations,1,2026-04-24 04:59:30.228675867,20.99,4.0
T0003445,M01273,2026-02-09 16:00:00,Refund/Dispute,1,2026-02-11 02:11:52.657486357,34.2,4.0
T0003443,M01273,2026-02-25 19:00:00,Refund/Dispute,0,,,
T0003444,M01273,2026-04-27 13:00:00,Account,1,2026-04-28 18:35:13.819594488,29.59,5.0
T0003442,M01273,2026-05-21 15:00:00,Account,1,2026-05-22 11:13:40.083300145,20.23,5.0
T0003447,M01274,2026-03-19 20:00:00,Payment,1,2026-03-20 01:04:35.141164536,5.08,5.0
T0003446,M01274,2026-04-01 18:00:00,Account,1,2026-04-02 04:05:57.129956556,10.1,5.0
T0003448,M01274,2026-04-09 08:00:00,Payment,1,2026-04-10 10:54:54.779223139,26.92,4.0
T0003449,M01274,2026-04-23 15:00:00,Refund/Dispute,0,,,
T0003452,M01275,2026-03-14 18:00:00,Operations,1,2026-03-15 01:19:29.869314762,7.32,4.0
T0003450,M01275,2026-03-22 18:00:00,Operations,1,2026-03-23 03:00:42.303033216,9.01,4.0
T0003451,M01275,2026-04-20 19:00:00,Payment,0,,,
T0003455,M01276,2026-03-12 18:00:00,Technical,1,2026-03-13 08:04:59.940464394,14.08,4.0
T0003454,M01276,2026-04-19 20:00:00,Refund/Dispute,0,,,
T0003453,M01276,2026-05-23 18:00:00,Account,0,,,
T0003461,M01277,2026-02-10 20:00:00,Account,0,,,
T0003456,M01277,2026-02-16 17:00:00,Refund/Dispute,1,2026-02-18 05:40:11.884293778,36.67,4.0
T0003459,M01277,2026-02-16 19:00:00,Account,1,2026-02-17 08:11:53.210252666,13.2,5.0
T0003458,M01277,2026-03-14 16:00:00,Refund/Dispute,1,2026-03-15 08:08:08.312014863,16.14,5.0
T0003460,M01277,2026-04-11 08:00:00,Operations,1,2026-04-12 06:39:01.892323317,22.65,4.0
T0003457,M01277,2026-04-28 14:00:00,Technical,1,2026-04-29 04:36:39.547714334,14.61,5.0
T0003462,M01278,2026-02-12 10:00:00,Technical,1,2026-02-14 04:53:46.820377226,42.9,4.0
T0003468,M01279,2026-03-02 08:00:00,Refund/Dispute,1,2026-03-03 09:24:42.584181058,25.41,5.0
T0003465,M01279,2026-03-03 17:00:00,Payment,1,2026-03-05 02:40:48.905110131,33.68,5.0
T0003466,M01279,2026-03-15 11:00:00,Operations,0,,,
T0003464,M01279,2026-04-17 17:00:00,Technical,1,2026-04-18 03:13:50.079193294,10.23,4.0
T0003463,M01279,2026-05-01 09:00:00,Operations,1,2026-05-02 08:32:47.077287975,23.55,4.0
T0003467,M01279,2026-05-02 09:00:00,Refund/Dispute,1,2026-05-04 01:27:55.378183878,40.47,4.0
T0003470,M01280,2026-02-06 18:00:00,Account,1,2026-02-06 23:32:57.081040278,5.55,5.0
T0003469,M01280,2026-03-05 20:00:00,Payment,1,2026-03-06 05:11:52.915672860,9.2,5.0
T0003471,M01281,2026-02-22 12:00:00,Operations,0,,,
T0003472,M01281,2026-04-11 08:00:00,Payment,1,2026-04-12 14:08:15.915302242,30.14,4.0
T0003473,M01282,2026-05-25 15:00:00,Operations,1,2026-05-28 13:27:56.502421178,70.47,4.0
T0003474,M01283,2026-03-22 13:00:00,Operations,1,2026-03-23 12:13:32.476997798,23.23,5.0
T0003475,M01283,2026-03-23 09:00:00,Refund/Dispute,1,2026-03-26 02:29:12.865425594,65.49,2.0
T0003477,M01284,2026-04-25 13:00:00,Refund/Dispute,1,2026-04-26 06:02:25.664705952,17.04,5.0
T0003476,M01284,2026-04-30 17:00:00,Technical,1,2026-05-01 03:32:21.287371430,10.54,4.0
T0003478,M01285,2026-02-22 17:00:00,Technical,1,2026-02-23 18:10:20.145236462,25.17,4.0
T0003479,M01286,2026-05-01 10:00:00,Operations,1,2026-05-02 08:13:31.247357156,22.23,4.0
T0003480,M01286,2026-05-03 08:00:00,Operations,0,,,
T0003483,M01287,2026-03-12 20:00:00,Refund/Dispute,1,2026-03-14 02:04:34.661835472,30.08,4.0
T0003481,M01287,2026-03-27 15:00:00,Refund/Dispute,0,,,
T0003484,M01287,2026-05-06 15:00:00,Technical,0,,,
T0003482,M01287,2026-05-27 12:00:00,Operations,0,,,
T0003485,M01288,2026-02-12 20:00:00,Refund/Dispute,1,2026-02-15 09:52:39.337344343,61.88,3.0
T0003486,M01289,2026-02-12 12:00:00,Payment,1,2026-02-13 17:12:57.116225044,29.22,5.0
T0003487,M01289,2026-03-03 09:00:00,Account,1,2026-03-04 03:28:52.614003061,18.48,5.0
T0003492,M01290,2026-02-14 13:00:00,Account,1,2026-02-18 16:33:14.326397150,99.55,1.0
T0003488,M01290,2026-02-22 10:00:00,Operations,1,2026-02-23 10:22:44.634799830,24.38,5.0
T0003493,M01290,2026-04-18 17:00:00,Payment,1,2026-04-19 10:26:40.990004890,17.44,4.0
T0003490,M01290,2026-04-27 19:00:00,Account,1,2026-04-29 00:52:07.979425266,29.87,4.0
T0003491,M01290,2026-05-04 09:00:00,Payment,1,2026-05-06 05:38:07.620962953,44.64,4.0
T0003489,M01290,2026-05-16 16:00:00,Refund/Dispute,0,,,
T0003494,M01291,2026-02-09 20:00:00,Payment,1,2026-02-10 14:22:17.729330973,18.37,4.0
T0003500,M01291,2026-03-13 09:00:00,Operations,1,2026-03-14 20:47:25.595889072,35.79,3.0
T0003495,M01291,2026-05-04 17:00:00,Operations,1,2026-05-05 13:56:22.460318545,20.94,4.0
T0003499,M01291,2026-05-10 10:00:00,Payment,1,2026-05-11 17:44:25.422782629,31.74,4.0
T0003497,M01291,2026-05-17 18:00:00,Technical,1,2026-05-20 20:00:59.121830667,74.02,3.0
T0003496,M01291,2026-05-19 15:00:00,Technical,1,2026-05-20 03:09:18.714243528,12.16,5.0
T0003498,M01291,2026-05-25 14:00:00,Refund/Dispute,1,2026-05-26 15:05:00.842155364,25.08,4.0
T0003502,M01292,2026-02-03 10:00:00,Payment,1,2026-02-04 07:01:18.799070376,21.02,5.0
T0003501,M01292,2026-04-19 19:00:00,Payment,1,2026-04-20 22:54:38.501310085,27.91,5.0
T0003504,M01293,2026-02-04 18:00:00,Refund/Dispute,1,2026-02-05 08:46:49.822386600,14.78,5.0
T0003505,M01293,2026-04-25 18:00:00,Payment,1,2026-04-26 13:49:39.816763089,19.83,4.0
T0003503,M01293,2026-05-18 11:00:00,Payment,1,2026-05-18 19:45:28.369832223,8.76,4.0
T0003506,M01294,2026-02-16 19:00:00,Operations,0,,,
T0003508,M01294,2026-04-06 10:00:00,Refund/Dispute,0,,,
T0003509,M01294,2026-04-19 17:00:00,Operations,1,2026-04-20 07:57:49.712308938,14.96,5.0
T0003507,M01294,2026-05-26 11:00:00,Operations,0,,,
T0003510,M01294,2026-05-26 12:00:00,Operations,1,2026-05-28 10:56:21.632119965,46.94,3.0
T0003511,M01295,2026-03-18 20:00:00,Operations,1,2026-03-19 06:30:31.884731676,10.51,5.0
T0003514,M01296,2026-02-14 08:00:00,Account,1,2026-02-14 23:24:13.117892587,15.4,5.0
T0003512,M01296,2026-03-14 14:00:00,Payment,1,2026-03-15 03:59:47.860805943,14.0,3.0
T0003513,M01296,2026-03-20 09:00:00,Technical,1,2026-03-21 04:51:16.226941453,19.85,4.0
T0003515,M01296,2026-05-14 14:00:00,Operations,1,2026-05-16 01:52:51.028829151,35.88,3.0
T0003522,M01297,2026-02-23 13:00:00,Technical,0,,,
T0003520,M01297,2026-02-24 18:00:00,Account,1,2026-02-25 12:35:34.360022954,18.59,4.0
T0003523,M01297,2026-02-27 12:00:00,Technical,0,,,
T0003518,M01297,2026-04-02 10:00:00,Payment,0,,,
T0003521,M01297,2026-04-13 08:00:00,Operations,0,,,
T0003517,M01297,2026-04-17 09:00:00,Account,1,2026-04-18 18:03:56.773606233,33.07,4.0
T0003524,M01297,2026-05-14 14:00:00,Refund/Dispute,1,2026-05-14 19:47:46.804973013,5.8,5.0
T0003525,M01297,2026-05-18 16:00:00,Payment,0,,,
T0003516,M01297,2026-05-20 19:00:00,Refund/Dispute,1,2026-05-21 08:37:11.713566234,13.62,5.0
T0003519,M01297,2026-05-27 18:00:00,Payment,1,2026-05-28 04:36:20.314427868,10.61,4.0
T0003527,M01298,2026-02-19 10:00:00,Refund/Dispute,1,2026-02-19 21:15:23.014819382,11.26,5.0
T0003529,M01298,2026-03-07 08:00:00,Operations,1,2026-03-07 21:32:30.599025964,13.54,4.0
T0003528,M01298,2026-03-21 13:00:00,Refund/Dispute,0,,,
T0003526,M01298,2026-05-17 10:00:00,Operations,1,2026-05-17 18:29:13.460874360,8.49,5.0
T0003533,M01299,2026-02-21 11:00:00,Technical,1,2026-02-21 20:39:23.891535342,9.66,5.0
T0003531,M01299,2026-02-26 16:00:00,Technical,1,2026-02-27 02:25:10.655944096,10.42,4.0
T0003532,M01299,2026-05-04 11:00:00,Payment,1,2026-05-04 18:25:06.204860576,7.42,4.0
T0003534,M01299,2026-05-05 20:00:00,Refund/Dispute,1,2026-05-06 18:06:09.427642531,22.1,5.0
T0003530,M01299,2026-05-10 17:00:00,Technical,1,2026-05-11 07:10:59.521566360,14.18,4.0
T0003537,M01300,2026-02-19 17:00:00,Operations,1,2026-02-20 14:55:09.230336644,21.92,4.0
T0003535,M01300,2026-03-23 17:00:00,Technical,1,2026-03-24 22:41:32.064373867,29.69,5.0
T0003536,M01300,2026-04-07 15:00:00,Operations,1,2026-04-08 22:33:54.283266000,31.57,4.0
T0003538,M01301,2026-05-12 18:00:00,Payment,1,2026-05-13 11:57:58.022574548,17.97,4.0
T0003539,M01301,2026-05-30 08:00:00,Technical,1,2026-05-31 01:06:16.708559853,17.1,5.0
T0003542,M01303,2026-02-17 19:00:00,Refund/Dispute,0,,,
T0003540,M01303,2026-03-13 15:00:00,Refund/Dispute,1,2026-03-15 01:33:05.462919993,34.55,3.0
T0003541,M01303,2026-05-10 10:00:00,Payment,1,2026-05-10 23:14:34.306268398,13.24,5.0
T0003543,M01304,2026-03-27 17:00:00,Operations,1,2026-03-28 16:56:30.714844768,23.94,5.0
T0003544,M01304,2026-04-29 17:00:00,Operations,1,2026-04-30 10:47:36.217831884,17.79,3.0
T0003545,M01305,2026-03-19 14:00:00,Account,1,2026-03-20 00:30:07.339874659,10.5,5.0
T0003546,M01305,2026-04-03 14:00:00,Technical,1,2026-04-04 05:13:43.063123886,15.23,5.0
T0003549,M01306,2026-02-16 15:00:00,Operations,1,2026-02-17 15:22:26.535154756,24.37,4.0
T0003547,M01306,2026-03-06 18:00:00,Account,1,2026-03-08 03:18:53.909149251,33.31,5.0
T0003548,M01306,2026-04-15 11:00:00,Technical,1,2026-04-15 22:07:27.040994169,11.12,4.0
T0003550,M01306,2026-05-07 16:00:00,Account,1,2026-05-08 17:36:05.355427968,25.6,5.0
T0003551,M01308,2026-04-11 20:00:00,Operations,1,2026-04-12 22:37:16.282111022,26.62,4.0
T0003552,M01309,2026-05-01 18:00:00,Technical,0,,,
T0003553,M01309,2026-05-10 11:00:00,Account,1,2026-05-11 00:26:34.566479217,13.44,5.0
T0003555,M01310,2026-04-25 19:00:00,Technical,1,2026-04-26 01:40:41.417689976,6.68,5.0
T0003556,M01310,2026-05-16 18:00:00,Account,1,2026-05-17 12:19:00.609560536,18.32,5.0
T0003554,M01310,2026-05-31 18:00:00,Operations,0,,,
T0003557,M01311,2026-05-13 18:00:00,Refund/Dispute,1,2026-05-14 09:55:01.400107382,15.92,4.0
T0003558,M01312,2026-04-11 18:00:00,Refund/Dispute,1,2026-04-13 12:15:10.658852539,42.25,4.0
T0003559,M01313,2026-03-14 08:00:00,Refund/Dispute,1,2026-03-14 21:06:46.243478199,13.11,5.0
T0003560,M01314,2026-04-01 16:00:00,Technical,1,2026-04-03 07:56:35.498526014,39.94,4.0
T0003561,M01314,2026-04-09 09:00:00,Operations,1,2026-04-10 06:43:32.003341770,21.73,4.0
T0003562,M01314,2026-04-25 12:00:00,Payment,1,2026-04-25 21:44:52.594085176,9.75,4.0
T0003565,M01315,2026-05-05 17:00:00,Payment,0,,,
T0003564,M01315,2026-05-06 10:00:00,Refund/Dispute,1,2026-05-07 11:04:36.186310257,25.08,4.0
T0003563,M01315,2026-05-15 16:00:00,Technical,1,2026-05-16 03:38:42.289600948,11.65,4.0
T0003566,M01316,2026-03-04 19:00:00,Operations,1,2026-03-05 06:18:18.613886630,11.31,5.0
T0003567,M01317,2026-02-20 16:00:00,Account,1,2026-02-21 10:58:49.863891403,18.98,4.0
T0003571,M01318,2026-02-07 17:00:00,Account,0,,,
T0003570,M01318,2026-02-27 14:00:00,Operations,1,2026-02-27 23:24:04.366971205,9.4,5.0
T0003569,M01318,2026-03-27 09:00:00,Account,1,2026-03-28 00:13:01.365414222,15.22,4.0
T0003568,M01318,2026-05-26 17:00:00,Account,0,,,
T0003572,M01319,2026-04-10 09:00:00,Operations,1,2026-04-10 21:05:00.054340008,12.08,4.0
T0003573,M01319,2026-05-02 10:00:00,Account,1,2026-05-02 20:14:50.820868741,10.25,5.0
T0003574,M01320,2026-05-04 16:00:00,Operations,1,2026-05-05 07:23:36.721135204,15.39,5.0
T0003575,M01321,2026-05-13 13:00:00,Payment,1,2026-05-13 19:06:59.955766801,6.12,5.0
T0003576,M01322,2026-03-17 20:00:00,Refund/Dispute,1,2026-03-18 02:47:35.613403101,6.79,4.0
T0003579,M01322,2026-04-01 14:00:00,Account,1,2026-04-02 03:53:44.314500649,13.9,5.0
T0003578,M01322,2026-04-04 14:00:00,Technical,1,2026-04-05 10:03:38.274441742,20.06,4.0
T0003577,M01322,2026-04-20 14:00:00,Operations,1,2026-04-21 10:29:51.486658256,20.5,3.0
T0003582,M01323,2026-02-22 18:00:00,Refund/Dispute,1,2026-02-23 07:50:31.687337763,13.84,4.0
T0003581,M01323,2026-05-05 14:00:00,Payment,1,2026-05-05 23:40:32.438603442,9.68,5.0
T0003580,M01323,2026-05-23 09:00:00,Payment,1,2026-05-23 16:49:59.224694955,7.83,4.0
T0003583,M01325,2026-02-13 13:00:00,Refund/Dispute,1,2026-02-14 01:31:48.592653556,12.53,5.0
T0003584,M01326,2026-03-03 16:00:00,Technical,1,2026-03-05 21:33:52.941806067,53.56,2.0
T0003586,M01327,2026-02-14 11:00:00,Technical,1,2026-02-15 01:46:40.318133142,14.78,5.0
T0003585,M01327,2026-03-18 18:00:00,Operations,1,2026-03-19 10:39:45.911997090,16.66,4.0
T0003587,M01327,2026-05-26 15:00:00,Account,1,2026-05-27 02:16:31.689319141,11.28,5.0
T0003589,M01328,2026-03-25 13:00:00,Payment,0,,,
T0003588,M01328,2026-03-29 10:00:00,Payment,1,2026-03-29 22:02:41.110724860,12.04,5.0
T0003590,M01329,2026-04-11 20:00:00,Technical,1,2026-04-12 06:03:58.488594372,10.07,5.0
T0003591,M01329,2026-04-13 18:00:00,Technical,1,2026-04-14 03:02:02.782214422,9.03,5.0
T0003592,M01330,2026-02-10 08:00:00,Payment,0,,,
T0003593,M01331,2026-03-12 11:00:00,Payment,0,,,
T0003595,M01331,2026-03-27 16:00:00,Refund/Dispute,0,,,
T0003594,M01331,2026-05-14 09:00:00,Refund/Dispute,0,,,
T0003596,M01332,2026-03-22 08:00:00,Technical,1,2026-03-23 06:14:04.561235530,22.23,5.0
T0003597,M01332,2026-04-09 15:00:00,Payment,1,2026-04-10 07:37:57.980886157,16.63,4.0
T0003598,M01332,2026-04-21 19:00:00,Account,0,,,
T0003599,M01333,2026-02-16 20:00:00,Refund/Dispute,1,2026-02-17 08:06:45.183660620,12.11,5.0
T0003600,M01334,2026-03-15 13:00:00,Refund/Dispute,0,,,
T0003601,M01334,2026-03-16 11:00:00,Technical,1,2026-03-17 20:17:34.837286002,33.29,3.0
T0003602,M01334,2026-03-22 14:00:00,Account,1,2026-03-22 19:15:00.945253886,5.25,3.0
T0003603,M01334,2026-04-03 12:00:00,Payment,1,2026-04-03 21:55:32.600988912,9.93,4.0
T0003604,M01335,2026-03-25 20:00:00,Account,0,,,
T0003605,M01335,2026-04-08 13:00:00,Operations,1,2026-04-09 06:53:46.871848374,17.9,4.0
T0003606,M01335,2026-05-22 16:00:00,Account,1,2026-05-25 14:37:16.513667317,70.62,3.0
T0003609,M01336,2026-02-01 20:00:00,Operations,0,,,
T0003608,M01336,2026-02-03 14:00:00,Payment,1,2026-02-04 07:53:09.955950021,17.89,5.0
T0003610,M01336,2026-03-12 17:00:00,Technical,1,2026-03-12 19:38:20.983083655,2.64,4.0
T0003607,M01336,2026-05-03 10:00:00,Payment,1,2026-05-03 19:08:15.479094145,9.14,5.0
T0003612,M01337,2026-03-20 09:00:00,Account,1,2026-03-20 15:48:53.189868780,6.81,5.0
T0003616,M01337,2026-04-17 19:00:00,Refund/Dispute,1,2026-04-19 02:55:13.619900866,31.92,4.0
T0003614,M01337,2026-04-18 12:00:00,Refund/Dispute,0,,,
T0003615,M01337,2026-04-19 15:00:00,Account,1,2026-04-20 04:50:12.415903112,13.84,4.0
T0003613,M01337,2026-05-02 17:00:00,Operations,0,,,
T0003611,M01337,2026-05-08 14:00:00,Operations,1,2026-05-09 04:32:03.754688917,14.53,5.0
T0003618,M01338,2026-02-04 17:00:00,Account,1,2026-02-05 12:12:35.581368124,19.21,4.0
T0003617,M01338,2026-04-11 18:00:00,Operations,1,2026-04-12 05:03:56.120895259,11.07,5.0
T0003619,M01338,2026-04-16 10:00:00,Technical,1,2026-04-18 02:22:20.312603000,40.37,4.0
T0003623,M01340,2026-02-26 11:00:00,Payment,1,2026-02-27 00:31:15.575337415,13.52,5.0
T0003621,M01340,2026-04-11 08:00:00,Refund/Dispute,1,2026-04-12 04:47:33.408163510,20.79,4.0
T0003620,M01340,2026-05-03 13:00:00,Account,1,2026-05-04 04:22:17.272235398,15.37,4.0
T0003622,M01340,2026-05-24 16:00:00,Payment,1,2026-05-25 07:59:24.431436193,15.99,5.0
T0003624,M01341,2026-02-08 12:00:00,Operations,1,2026-02-09 02:22:12.163810677,14.37,5.0
T0003628,M01341,2026-02-26 08:00:00,Operations,0,,,
T0003626,M01341,2026-03-03 09:00:00,Refund/Dispute,1,2026-03-04 12:33:21.342164367,27.56,3.0
T0003627,M01341,2026-04-03 10:00:00,Operations,0,,,
T0003625,M01341,2026-04-25 18:00:00,Account,1,2026-04-26 06:26:15.386689366,12.44,5.0
T0003629,M01343,2026-02-18 19:00:00,Account,1,2026-02-19 19:03:41.632022584,24.06,4.0
T0003634,M01343,2026-03-21 15:00:00,Payment,1,2026-03-22 16:39:31.708750417,25.66,5.0
T0003632,M01343,2026-04-05 16:00:00,Payment,0,,,
T0003633,M01343,2026-04-17 13:00:00,Technical,1,2026-04-18 13:43:57.054283017,24.73,5.0
T0003631,M01343,2026-04-23 14:00:00,Operations,1,2026-04-24 01:59:45.630225610,12.0,4.0
T0003630,M01343,2026-05-30 17:00:00,Account,1,2026-05-31 08:09:49.505343084,15.16,5.0
T0003637,M01344,2026-03-10 18:00:00,Operations,1,2026-03-12 03:35:13.524969285,33.59,4.0
T0003636,M01344,2026-03-11 09:00:00,Refund/Dispute,0,,,
T0003635,M01344,2026-05-04 11:00:00,Refund/Dispute,0,,,
T0003642,M01345,2026-02-14 19:00:00,Payment,1,2026-02-15 23:12:10.056538569,28.2,3.0
T0003639,M01345,2026-03-11 15:00:00,Payment,1,2026-03-13 01:58:55.197398848,34.98,4.0
T0003641,M01345,2026-04-01 08:00:00,Technical,0,,,
T0003643,M01345,2026-04-13 08:00:00,Account,1,2026-04-16 03:02:12.333853989,67.04,2.0
T0003640,M01345,2026-04-19 20:00:00,Operations,1,2026-04-20 16:04:29.139705055,20.07,5.0
T0003644,M01345,2026-05-09 18:00:00,Operations,0,,,
T0003638,M01345,2026-05-16 12:00:00,Account,1,2026-05-17 07:51:01.462396791,19.85,5.0
T0003648,M01346,2026-02-05 14:00:00,Technical,1,2026-02-08 02:25:42.608348914,60.43,2.0
T0003646,M01346,2026-02-10 17:00:00,Technical,1,2026-02-12 03:21:53.896603093,34.36,3.0
T0003645,M01346,2026-03-13 09:00:00,Technical,1,2026-03-14 23:03:43.001285040,38.06,4.0
T0003649,M01346,2026-04-04 20:00:00,Operations,0,,,
T0003647,M01346,2026-05-08 11:00:00,Payment,1,2026-05-10 00:15:59.553119448,37.27,3.0
T0003651,M01347,2026-03-09 11:00:00,Refund/Dispute,1,2026-03-10 06:13:28.868292512,19.22,5.0
T0003650,M01347,2026-03-22 11:00:00,Account,1,2026-03-24 10:07:39.327737620,47.13,4.0
T0003653,M01347,2026-04-03 13:00:00,Operations,1,2026-04-04 09:27:52.431740974,20.46,4.0
T0003652,M01347,2026-04-05 19:00:00,Account,1,2026-04-06 14:26:25.128999448,19.44,5.0
T0003654,M01348,2026-02-05 14:00:00,Payment,1,2026-02-05 23:18:21.558104114,9.31,4.0
T0003657,M01348,2026-02-26 13:00:00,Operations,1,2026-02-26 19:50:10.004733834,6.84,5.0
T0003655,M01348,2026-05-10 11:00:00,Payment,1,2026-05-10 19:57:50.665082738,8.96,5.0
T0003656,M01348,2026-05-20 18:00:00,Operations,1,2026-05-21 02:38:25.839169407,8.64,5.0
T0003658,M01349,2026-05-03 09:00:00,Account,1,2026-05-04 00:01:25.041567219,15.02,5.0
T0003660,M01349,2026-05-27 18:00:00,Technical,1,2026-05-28 08:55:18.075115095,14.92,4.0
T0003659,M01349,2026-05-28 13:00:00,Payment,1,2026-05-28 20:23:36.331761652,7.39,5.0
T0003661,M01350,2026-05-12 17:00:00,Payment,1,2026-05-13 00:40:16.013790631,7.67,5.0
T0003663,M01351,2026-03-25 19:00:00,Operations,1,2026-03-28 16:55:46.132410360,69.93,3.0
T0003662,M01351,2026-04-28 13:00:00,Account,1,2026-04-29 08:38:18.909179469,19.64,4.0
T0003665,M01352,2026-02-12 10:00:00,Payment,1,2026-02-13 20:40:30.366573445,34.68,4.0
T0003664,M01352,2026-02-20 19:00:00,Operations,1,2026-02-22 11:16:47.627657731,40.28,2.0
T0003667,M01352,2026-03-19 15:00:00,Account,1,2026-03-21 02:48:59.192402421,35.82,4.0
T0003668,M01352,2026-03-24 14:00:00,Operations,1,2026-03-26 20:48:20.349144633,54.81,3.0
T0003666,M01352,2026-05-06 19:00:00,Account,1,2026-05-08 12:39:46.297201723,41.66,4.0
T0003671,M01353,2026-02-09 13:00:00,Refund/Dispute,1,2026-02-09 21:21:03.120728508,8.35,5.0
T0003669,M01353,2026-03-13 15:00:00,Refund/Dispute,1,2026-03-14 13:07:48.599189382,22.13,5.0
T0003670,M01353,2026-04-03 20:00:00,Payment,1,2026-04-04 20:03:10.370011050,24.05,4.0
T0003672,M01354,2026-03-14 17:00:00,Account,1,2026-03-15 05:31:57.036794944,12.53,4.0
T0003673,M01354,2026-04-07 12:00:00,Operations,0,,,
T0003674,M01354,2026-05-15 18:00:00,Technical,1,2026-05-16 23:58:56.301385468,29.98,5.0
T0003676,M01355,2026-02-09 16:00:00,Account,1,2026-02-10 00:26:27.422937672,8.44,5.0
T0003675,M01355,2026-04-10 16:00:00,Payment,1,2026-04-11 13:08:34.493503902,21.14,4.0
T0003677,M01355,2026-04-26 08:00:00,Payment,1,2026-04-27 03:26:13.439595091,19.44,4.0
T0003679,M01356,2026-04-13 08:00:00,Payment,1,2026-04-13 15:22:21.324725256,7.37,4.0
T0003680,M01356,2026-04-19 17:00:00,Refund/Dispute,1,2026-04-20 02:29:48.285411223,9.5,5.0
T0003681,M01356,2026-04-21 16:00:00,Refund/Dispute,1,2026-04-23 04:29:59.637079446,36.5,4.0
T0003678,M01356,2026-05-25 15:00:00,Refund/Dispute,1,2026-05-26 09:58:13.124962822,18.97,4.0
T0003682,M01357,2026-02-03 10:00:00,Technical,1,2026-02-04 03:01:48.063092959,17.03,4.0
T0003685,M01358,2026-02-11 16:00:00,Operations,1,2026-02-12 06:24:53.717481774,14.41,5.0
T0003684,M01358,2026-03-15 08:00:00,Technical,1,2026-03-16 16:09:46.433691126,32.16,5.0
T0003683,M01358,2026-03-22 17:00:00,Account,0,,,
T0003687,M01359,2026-02-14 09:00:00,Operations,1,2026-02-14 13:30:30.515833227,4.51,5.0
T0003686,M01359,2026-04-16 13:00:00,Operations,0,,,
T0003690,M01360,2026-03-07 17:00:00,Payment,1,2026-03-09 03:43:53.884627503,34.73,3.0
T0003689,M01360,2026-05-04 14:00:00,Payment,0,,,
T0003688,M01360,2026-05-24 17:00:00,Account,1,2026-05-25 09:34:08.736385627,16.57,4.0
T0003692,M01361,2026-02-02 11:00:00,Payment,1,2026-02-03 06:53:13.135488824,19.89,4.0
T0003691,M01361,2026-03-13 16:00:00,Technical,1,2026-03-14 04:42:17.820259585,12.7,5.0
T0003693,M01362,2026-03-03 11:00:00,Refund/Dispute,1,2026-03-04 05:02:10.408893889,18.04,5.0
T0003694,M01362,2026-03-07 18:00:00,Account,1,2026-03-09 16:41:50.255683533,46.7,4.0
T0003695,M01363,2026-02-27 16:00:00,Payment,1,2026-02-27 23:39:45.263368386,7.66,4.0
T0003696,M01363,2026-03-25 08:00:00,Payment,1,2026-03-26 16:17:13.648180286,32.29,4.0
T0003698,M01363,2026-03-28 08:00:00,Payment,1,2026-03-29 00:46:10.456848256,16.77,4.0
T0003697,M01363,2026-04-29 09:00:00,Payment,0,,,
T0003699,M01364,2026-05-19 16:00:00,Technical,1,2026-05-20 06:17:33.218097478,14.29,5.0
T0003700,M01365,2026-04-29 15:00:00,Payment,1,2026-04-30 05:10:26.110629483,14.17,4.0
T0003701,M01365,2026-05-16 13:00:00,Refund/Dispute,1,2026-05-16 23:38:48.498825865,10.65,5.0
T0003705,M01366,2026-02-20 10:00:00,Technical,1,2026-02-20 22:44:16.992674448,12.74,4.0
T0003702,M01366,2026-03-06 10:00:00,Account,1,2026-03-07 07:08:16.218293881,21.14,5.0
T0003704,M01366,2026-03-21 13:00:00,Operations,1,2026-03-22 12:14:56.842108720,23.25,4.0
T0003703,M01366,2026-04-13 14:00:00,Technical,0,,,
T0003706,M01367,2026-03-08 17:00:00,Account,1,2026-03-09 00:18:08.318652206,7.3,4.0
T0003711,M01368,2026-04-04 14:00:00,Refund/Dispute,1,2026-04-05 01:34:24.615364785,11.57,5.0
T0003708,M01368,2026-04-15 13:00:00,Payment,1,2026-04-15 21:25:57.990766209,8.43,5.0
T0003709,M01368,2026-05-17 17:00:00,Payment,1,2026-05-18 04:29:02.956376414,11.48,5.0
T0003710,M01368,2026-05-20 17:00:00,Technical,1,2026-05-21 14:59:36.613328424,21.99,5.0
T0003707,M01368,2026-05-20 20:00:00,Payment,0,,,
T0003713,M01369,2026-02-14 14:00:00,Payment,1,2026-02-16 13:21:20.555915148,47.36,3.0
T0003712,M01369,2026-05-19 12:00:00,Technical,1,2026-05-20 11:49:36.031266411,23.83,5.0
T0003714,M01369,2026-05-21 13:00:00,Refund/Dispute,1,2026-05-22 04:40:16.018776354,15.67,5.0
T0003717,M01370,2026-03-10 13:00:00,Operations,0,,,
T0003716,M01370,2026-03-19 12:00:00,Payment,1,2026-03-20 00:27:59.433689955,12.47,5.0
T0003715,M01370,2026-05-30 13:00:00,Refund/Dispute,1,2026-05-31 06:21:49.116196249,17.36,5.0
T0003720,M01371,2026-02-11 20:00:00,Account,1,2026-02-12 03:21:26.769159691,7.36,5.0
T0003718,M01371,2026-02-14 14:00:00,Payment,1,2026-02-15 00:33:15.971969145,10.55,4.0
T0003719,M01371,2026-04-09 10:00:00,Refund/Dispute,1,2026-04-09 22:01:40.285632108,12.03,5.0
T0003721,M01373,2026-04-01 18:00:00,Account,1,2026-04-03 02:40:22.130860580,32.67,5.0
T0003723,M01373,2026-04-09 17:00:00,Payment,1,2026-04-10 03:28:47.521546899,10.48,5.0
T0003722,M01373,2026-05-17 11:00:00,Technical,1,2026-05-19 09:37:41.131669681,46.63,4.0
T0003724,M01373,2026-05-22 19:00:00,Technical,0,,,
T0003728,M01374,2026-02-28 14:00:00,Refund/Dispute,1,2026-03-02 08:30:22.369520358,42.51,3.0
T0003725,M01374,2026-03-03 17:00:00,Account,1,2026-03-04 15:59:29.613996384,22.99,3.0
T0003726,M01374,2026-04-30 14:00:00,Technical,1,2026-05-02 07:25:51.694861864,41.43,5.0
T0003727,M01374,2026-05-22 16:00:00,Technical,1,2026-05-23 03:55:13.673118817,11.92,5.0
T0003732,M01375,2026-03-10 14:00:00,Payment,0,,,
T0003733,M01375,2026-04-12 18:00:00,Payment,1,2026-04-13 15:08:42.852325390,21.15,4.0
T0003731,M01375,2026-04-21 11:00:00,Account,1,2026-04-22 11:33:36.442524049,24.56,4.0
T0003729,M01375,2026-05-03 08:00:00,Operations,1,2026-05-03 22:54:06.874121484,14.9,4.0
T0003734,M01375,2026-05-04 19:00:00,Account,1,2026-05-05 12:37:08.226535857,17.62,4.0
T0003730,M01375,2026-05-08 20:00:00,Technical,0,,,
T0003737,M01376,2026-04-17 15:00:00,Technical,1,2026-04-17 22:28:57.628230646,7.48,5.0
T0003735,M01376,2026-05-01 16:00:00,Technical,0,,,
T0003736,M01376,2026-05-04 18:00:00,Payment,0,,,
T0003738,M01377,2026-04-01 13:00:00,Refund/Dispute,1,2026-04-01 21:18:58.827866072,8.32,5.0
T0003740,M01378,2026-02-03 15:00:00,Account,1,2026-02-05 04:30:23.161880671,37.51,3.0
T0003739,M01378,2026-03-31 09:00:00,Refund/Dispute,1,2026-04-01 05:42:38.368593208,20.71,4.0
T0003742,M01379,2026-02-01 12:00:00,Account,1,2026-02-02 21:13:54.952045078,33.23,3.0
T0003744,M01379,2026-02-02 17:00:00,Technical,1,2026-02-03 09:42:21.533596653,16.71,5.0
T0003741,M01379,2026-02-28 13:00:00,Technical,1,2026-03-01 01:20:12.767826969,12.34,5.0
T0003745,M01379,2026-03-05 08:00:00,Technical,1,2026-03-05 17:45:31.678638382,9.76,5.0
T0003743,M01379,2026-03-12 17:00:00,Operations,0,,,
T0003746,M01380,2026-03-22 11:00:00,Payment,1,2026-03-22 20:14:47.946607152,9.25,5.0
T0003750,M01381,2026-03-24 18:00:00,Refund/Dispute,1,2026-03-25 01:04:47.457706245,7.08,5.0
T0003751,M01381,2026-03-31 14:00:00,Refund/Dispute,1,2026-04-01 14:02:40.448092495,24.04,4.0
T0003748,M01381,2026-04-12 11:00:00,Technical,0,,,
T0003749,M01381,2026-04-17 16:00:00,Technical,1,2026-04-18 03:06:57.014579142,11.12,5.0
T0003747,M01381,2026-05-18 12:00:00,Operations,1,2026-05-19 09:52:23.054042805,21.87,4.0
T0003752,M01382,2026-02-08 09:00:00,Account,0,,,
T0003757,M01382,2026-02-10 12:00:00,Operations,1,2026-02-10 20:33:30.791719566,8.56,5.0
T0003755,M01382,2026-02-16 16:00:00,Account,1,2026-02-17 01:41:51.531614523,9.7,5.0
T0003758,M01382,2026-03-02 18:00:00,Refund/Dispute,1,2026-03-04 00:40:50.460968870,30.68,4.0
T0003756,M01382,2026-03-02 20:00:00,Technical,1,2026-03-03 12:51:13.311712335,16.85,4.0
T0003753,M01382,2026-03-03 12:00:00,Refund/Dispute,1,2026-03-04 02:23:08.395351825,14.39,5.0
T0003754,M01382,2026-03-21 10:00:00,Refund/Dispute,1,2026-03-22 12:58:06.530671934,26.97,4.0
T0003759,M01382,2026-05-24 19:00:00,Operations,1,2026-05-25 07:52:39.111420338,12.88,4.0
T0003761,M01383,2026-03-22 11:00:00,Refund/Dispute,0,,,
T0003760,M01383,2026-03-29 10:00:00,Refund/Dispute,1,2026-03-29 19:17:12.776647340,9.29,4.0
T0003768,M01384,2026-03-15 11:00:00,Refund/Dispute,1,2026-03-16 18:59:49.846702196,32.0,4.0
T0003764,M01384,2026-03-29 14:00:00,Payment,1,2026-03-31 09:54:52.900288776,43.91,4.0
T0003763,M01384,2026-04-08 08:00:00,Payment,1,2026-04-09 15:21:44.429434833,31.36,4.0
T0003767,M01384,2026-04-14 15:00:00,Payment,1,2026-04-15 23:14:11.533324707,32.24,4.0
T0003762,M01384,2026-04-17 10:00:00,Refund/Dispute,1,2026-04-17 23:57:01.256620500,13.95,5.0
T0003766,M01384,2026-05-11 10:00:00,Payment,1,2026-05-13 08:01:28.873312500,46.02,3.0
T0003765,M01384,2026-05-25 17:00:00,Technical,1,2026-05-26 14:47:10.234065206,21.79,4.0
T0003770,M01385,2026-02-25 09:00:00,Refund/Dispute,1,2026-02-26 02:23:12.923184462,17.39,5.0
T0003769,M01385,2026-03-11 12:00:00,Technical,1,2026-03-12 04:03:46.039952599,16.06,5.0
T0003771,M01386,2026-02-23 08:00:00,Operations,1,2026-02-23 19:24:30.012313500,11.41,4.0
T0003773,M01386,2026-03-17 20:00:00,Refund/Dispute,0,,,
T0003776,M01386,2026-03-29 17:00:00,Operations,1,2026-03-30 03:38:01.154124600,10.63,5.0
T0003775,M01386,2026-04-06 16:00:00,Operations,1,2026-04-07 12:59:03.556523428,20.98,4.0
T0003774,M01386,2026-04-12 15:00:00,Refund/Dispute,1,2026-04-13 17:17:41.133816315,26.29,3.0
T0003772,M01386,2026-05-15 20:00:00,Technical,0,,,
T0003780,M01388,2026-02-10 11:00:00,Operations,1,2026-02-11 12:48:10.628121448,25.8,4.0
T0003777,M01388,2026-03-28 17:00:00,Refund/Dispute,1,2026-03-31 02:49:53.612667436,57.83,3.0
T0003779,M01388,2026-05-15 10:00:00,Payment,0,,,
T0003781,M01388,2026-05-18 19:00:00,Operations,0,,,
T0003778,M01388,2026-05-22 10:00:00,Technical,0,,,
T0003783,M01389,2026-03-03 09:00:00,Account,1,2026-03-03 20:33:21.260314954,11.56,5.0
T0003782,M01389,2026-04-30 11:00:00,Refund/Dispute,1,2026-05-02 02:27:35.218614002,39.46,3.0
T0003784,M01389,2026-05-07 09:00:00,Payment,0,,,
T0003786,M01390,2026-03-10 20:00:00,Account,1,2026-03-11 13:17:09.314030025,17.29,5.0
T0003787,M01390,2026-04-03 18:00:00,Payment,1,2026-04-04 07:01:22.632151555,13.02,4.0
T0003785,M01390,2026-04-04 12:00:00,Refund/Dispute,1,2026-04-04 20:37:54.165824770,8.63,5.0
T0003788,M01390,2026-05-04 08:00:00,Refund/Dispute,0,,,
T0003791,M01391,2026-03-14 19:00:00,Account,1,2026-03-15 19:32:32.715099592,24.54,5.0
T0003789,M01391,2026-04-05 08:00:00,Account,1,2026-04-06 03:51:29.174535241,19.86,4.0
T0003790,M01391,2026-04-12 14:00:00,Refund/Dispute,0,,,
T0003793,M01392,2026-03-12 18:00:00,Refund/Dispute,0,,,
T0003794,M01392,2026-04-02 15:00:00,Technical,1,2026-04-03 04:33:13.870577318,13.55,5.0
T0003792,M01392,2026-05-07 19:00:00,Account,0,,,
T0003795,M01392,2026-05-11 20:00:00,Refund/Dispute,1,2026-05-12 20:27:03.778501204,24.45,4.0
T0003796,M01393,2026-02-07 15:00:00,Technical,1,2026-02-08 01:29:15.992660176,10.49,5.0
T0003797,M01393,2026-02-18 09:00:00,Refund/Dispute,1,2026-02-19 06:19:58.203732540,21.33,5.0
T0003798,M01395,2026-03-10 12:00:00,Technical,1,2026-03-11 09:52:29.494566937,21.87,4.0
T0003799,M01396,2026-04-02 14:00:00,Technical,1,2026-04-03 14:38:45.781856282,24.65,4.0
T0003804,M01397,2026-03-23 15:00:00,Payment,1,2026-03-24 01:10:48.017846308,10.18,5.0
T0003800,M01397,2026-03-25 10:00:00,Account,1,2026-03-25 16:58:15.573615862,6.97,4.0
T0003801,M01397,2026-03-31 14:00:00,Payment,1,2026-04-01 06:40:13.264070048,16.67,4.0
T0003803,M01397,2026-04-24 17:00:00,Payment,1,2026-04-26 07:59:01.012342023,38.98,4.0
T0003802,M01397,2026-05-02 13:00:00,Technical,1,2026-05-02 22:06:37.702247288,9.11,5.0
T0003805,M01398,2026-03-16 17:00:00,Refund/Dispute,1,2026-03-19 07:13:34.726873918,62.23,2.0
T0003806,M01398,2026-04-09 17:00:00,Payment,1,2026-04-10 13:50:26.102752857,20.84,5.0
T0003807,M01398,2026-05-24 10:00:00,Technical,1,2026-05-25 06:53:34.838582510,20.89,4.0
T0003808,M01399,2026-04-01 10:00:00,Refund/Dispute,1,2026-04-01 19:57:13.346570397,9.95,5.0
T0003809,M01400,2026-02-06 19:00:00,Refund/Dispute,1,2026-02-07 04:52:21.043276924,9.87,5.0
T0003811,M01400,2026-03-20 14:00:00,Technical,1,2026-03-21 00:50:13.197262070,10.84,4.0
T0003810,M01400,2026-04-18 13:00:00,Operations,1,2026-04-18 15:36:01.734795352,2.6,4.0
T0003812,M01401,2026-04-05 20:00:00,Payment,1,2026-04-06 15:07:25.336777393,19.12,4.0
T0003813,M01402,2026-02-20 19:00:00,Payment,0,,,
T0003815,M01403,2026-03-10 10:00:00,Refund/Dispute,1,2026-03-10 18:27:22.640716202,8.46,4.0
T0003814,M01403,2026-03-27 13:00:00,Account,0,,,
T0003816,M01403,2026-05-16 15:00:00,Technical,1,2026-05-17 04:50:15.511431012,13.84,4.0
T0003817,M01404,2026-02-02 20:00:00,Refund/Dispute,1,2026-02-03 21:11:53.018681355,25.2,5.0
T0003818,M01405,2026-02-26 12:00:00,Technical,1,2026-02-27 20:02:12.049686675,32.04,5.0
T0003820,M01406,2026-02-08 10:00:00,Operations,0,,,
T0003819,M01406,2026-04-26 15:00:00,Refund/Dispute,1,2026-04-27 16:57:19.314272970,25.96,4.0
T0003821,M01406,2026-05-29 15:00:00,Technical,1,2026-05-30 21:22:20.108519400,30.37,4.0
T0003824,M01407,2026-02-09 19:00:00,Technical,1,2026-02-10 06:26:05.482698853,11.43,5.0
T0003822,M01407,2026-02-25 12:00:00,Operations,1,2026-02-26 01:44:01.106911136,13.73,5.0
T0003823,M01407,2026-03-15 12:00:00,Operations,1,2026-03-15 18:48:01.331686101,6.8,5.0
T0003825,M01407,2026-05-27 20:00:00,Operations,1,2026-05-28 13:28:03.794311131,17.47,5.0
T0003828,M01408,2026-02-02 13:00:00,Operations,1,2026-02-03 07:46:56.771171497,18.78,4.0
T0003827,M01408,2026-03-19 12:00:00,Technical,1,2026-03-21 09:28:55.597452211,45.48,4.0
T0003826,M01408,2026-04-04 11:00:00,Account,1,2026-04-05 06:06:54.985712443,19.12,5.0
T0003830,M01409,2026-02-10 18:00:00,Refund/Dispute,1,2026-02-11 14:38:25.796575183,20.64,4.0
T0003829,M01409,2026-02-28 14:00:00,Operations,1,2026-03-01 14:19:09.051086269,24.32,4.0
T0003831,M01409,2026-03-29 11:00:00,Operations,1,2026-03-30 05:28:27.324445371,18.47,5.0
T0003832,M01409,2026-04-30 08:00:00,Technical,1,2026-04-30 22:24:12.134319170,14.4,4.0
T0003836,M01410,2026-02-17 17:00:00,Refund/Dispute,1,2026-02-18 16:24:16.869598912,23.4,4.0
T0003837,M01410,2026-02-28 12:00:00,Technical,1,2026-03-01 00:35:42.760699573,12.6,5.0
T0003834,M01410,2026-04-03 17:00:00,Refund/Dispute,1,2026-04-04 14:44:06.590904738,21.74,4.0
T0003833,M01410,2026-04-26 14:00:00,Account,1,2026-04-27 10:34:26.240056478,20.57,3.0
T0003835,M01410,2026-05-11 16:00:00,Technical,1,2026-05-11 22:30:00.246419064,6.5,5.0
T0003842,M01411,2026-04-18 08:00:00,Payment,0,,,
T0003838,M01411,2026-04-24 16:00:00,Technical,1,2026-04-29 16:00:00.000000000,120.0,1.0
T0003841,M01411,2026-04-25 11:00:00,Account,1,2026-04-28 03:13:28.646972511,64.22,2.0
T0003839,M01411,2026-04-29 19:00:00,Payment,1,2026-05-01 00:41:48.143295265,29.7,4.0
T0003840,M01411,2026-05-08 20:00:00,Technical,1,2026-05-10 19:45:01.503998373,47.75,4.0
T0003845,M01412,2026-03-05 10:00:00,Technical,1,2026-03-06 02:00:38.591972330,16.01,5.0
T0003843,M01412,2026-03-14 18:00:00,Account,1,2026-03-17 13:59:56.620886650,68.0,3.0
T0003844,M01412,2026-04-08 11:00:00,Technical,0,,,
T0003846,M01413,2026-03-29 14:00:00,Operations,0,,,
T0003847,M01414,2026-03-14 08:00:00,Account,0,,,
T0003848,M01418,2026-03-11 11:00:00,Technical,1,2026-03-13 18:56:31.436157375,55.94,2.0
T0003852,M01418,2026-03-23 11:00:00,Payment,1,2026-03-27 03:24:47.875163382,88.41,2.0
T0003850,M01418,2026-03-27 13:00:00,Payment,1,2026-03-29 17:43:10.055974364,52.72,2.0
T0003851,M01418,2026-04-09 10:00:00,Payment,1,2026-04-11 04:56:25.210276152,42.94,2.0
T0003849,M01418,2026-04-12 17:00:00,Technical,1,2026-04-13 21:54:38.848046022,28.91,4.0
T0003854,M01418,2026-04-17 08:00:00,Operations,1,2026-04-18 18:02:55.318065342,34.05,4.0
T0003853,M01418,2026-04-24 18:00:00,Operations,1,2026-04-26 10:22:55.449048136,40.38,4.0
T0003858,M01419,2026-03-04 15:00:00,Account,1,2026-03-05 05:31:24.156693094,14.52,4.0
T0003857,M01419,2026-03-18 15:00:00,Payment,1,2026-03-18 22:52:51.833048412,7.88,4.0
T0003860,M01419,2026-04-09 18:00:00,Technical,1,2026-04-11 13:00:37.055612948,43.01,4.0
T0003859,M01419,2026-04-14 17:00:00,Operations,0,,,
T0003855,M01419,2026-04-17 19:00:00,Payment,1,2026-04-18 07:59:59.443948222,13.0,4.0
T0003856,M01419,2026-05-09 20:00:00,Technical,0,,,
T0003862,M01420,2026-02-08 17:00:00,Payment,0,,,
T0003861,M01420,2026-02-26 20:00:00,Technical,1,2026-02-27 19:12:13.587333300,23.2,3.0
T0003864,M01421,2026-02-02 15:00:00,Account,1,2026-02-03 17:17:29.311414846,26.29,4.0
T0003866,M01421,2026-02-27 09:00:00,Operations,1,2026-03-01 05:21:14.569912134,44.35,3.0
T0003863,M01421,2026-03-13 15:00:00,Refund/Dispute,1,2026-03-16 06:31:04.937010279,63.52,3.0
T0003870,M01421,2026-03-25 08:00:00,Payment,1,2026-03-26 03:09:50.485913002,19.16,4.0
T0003867,M01421,2026-04-07 15:00:00,Technical,1,2026-04-08 11:48:18.934119756,20.81,4.0
T0003869,M01421,2026-04-07 19:00:00,Payment,1,2026-04-11 23:51:33.393662445,100.86,1.0
T0003868,M01421,2026-04-12 11:00:00,Payment,1,2026-04-13 16:12:03.580634318,29.2,3.0
T0003865,M01421,2026-05-11 10:00:00,Technical,1,2026-05-12 06:05:21.622336029,20.09,4.0
T0003871,M01421,2026-05-13 12:00:00,Refund/Dispute,1,2026-05-14 05:57:33.514637191,17.96,4.0
T0003872,M01422,2026-02-10 12:00:00,Technical,1,2026-02-11 09:44:00.420662612,21.73,4.0
T0003875,M01423,2026-02-06 11:00:00,Operations,0,,,
T0003873,M01423,2026-02-14 19:00:00,Technical,1,2026-02-16 07:11:54.587906718,36.2,5.0
T0003876,M01423,2026-03-19 19:00:00,Operations,1,2026-03-20 03:47:32.728711970,8.79,5.0
T0003874,M01423,2026-04-23 09:00:00,Operations,0,,,
T0003877,M01423,2026-05-28 10:00:00,Operations,1,2026-05-31 21:40:27.909735074,83.67,3.0
T0003878,M01424,2026-02-04 20:00:00,Technical,1,2026-02-05 10:24:10.374384243,14.4,5.0
T0003879,M01424,2026-02-05 20:00:00,Account,0,,,
T0003881,M01424,2026-02-14 14:00:00,Refund/Dispute,1,2026-02-15 00:41:50.663453416,10.7,5.0
T0003880,M01424,2026-03-31 16:00:00,Account,1,2026-04-01 02:23:17.723350842,10.39,5.0
T0003883,M01425,2026-02-02 14:00:00,Payment,1,2026-02-03 04:37:56.966697865,14.63,4.0
T0003884,M01425,2026-05-23 11:00:00,Technical,1,2026-05-23 22:29:59.546614855,11.5,5.0
T0003882,M01425,2026-05-24 10:00:00,Operations,1,2026-05-25 00:04:15.478883356,14.07,4.0
T0003890,M01426,2026-02-06 09:00:00,Technical,1,2026-02-08 00:42:07.109158363,39.7,4.0
T0003888,M01426,2026-03-08 19:00:00,Payment,1,2026-03-09 13:09:53.484849928,18.16,5.0
T0003885,M01426,2026-03-19 08:00:00,Account,1,2026-03-19 17:45:08.231619535,9.75,5.0
T0003887,M01426,2026-04-09 17:00:00,Payment,1,2026-04-10 00:52:13.480863574,7.87,5.0
T0003886,M01426,2026-04-11 15:00:00,Operations,1,2026-04-11 23:43:41.078450431,8.73,5.0
T0003889,M01426,2026-05-20 14:00:00,Technical,1,2026-05-21 00:43:47.438571226,10.73,4.0
T0003893,M01427,2026-03-05 18:00:00,Refund/Dispute,1,2026-03-06 15:42:42.632883219,21.71,4.0
T0003891,M01427,2026-04-09 09:00:00,Account,1,2026-04-09 22:20:15.362881497,13.34,5.0
T0003892,M01427,2026-05-13 19:00:00,Operations,1,2026-05-14 15:54:58.866394528,20.92,4.0
T0003895,M01428,2026-02-13 16:00:00,Account,1,2026-02-14 09:15:40.261160743,17.26,3.0
T0003897,M01428,2026-03-04 13:00:00,Technical,1,2026-03-05 10:28:10.951670078,21.47,3.0
T0003896,M01428,2026-03-05 18:00:00,Refund/Dispute,1,2026-03-06 08:40:13.386641653,14.67,5.0
T0003894,M01428,2026-03-20 10:00:00,Technical,1,2026-03-22 01:04:39.433089190,39.08,3.0
T0003898,M01428,2026-04-19 11:00:00,Refund/Dispute,1,2026-04-20 15:20:50.262622346,28.35,3.0
T0003901,M01429,2026-03-09 18:00:00,Operations,1,2026-03-10 08:44:12.158821863,14.74,3.0
T0003900,M01429,2026-04-19 13:00:00,Operations,1,2026-04-19 22:21:52.644515461,9.36,5.0
T0003902,M01429,2026-04-19 14:00:00,Payment,1,2026-04-20 05:34:15.585370384,15.57,4.0
T0003899,M01429,2026-04-29 14:00:00,Technical,1,2026-04-30 04:09:51.461029360,14.16,5.0
T0003903,M01430,2026-02-08 11:00:00,Technical,0,,,
T0003904,M01430,2026-04-26 10:00:00,Operations,1,2026-04-29 03:56:34.203484384,65.94,3.0
T0003905,M01430,2026-04-27 17:00:00,Technical,1,2026-04-28 05:19:50.935225573,12.33,5.0
T0003906,M01430,2026-05-01 14:00:00,Operations,1,2026-05-02 03:41:26.303995942,13.69,5.0
T0003908,M01431,2026-02-10 11:00:00,Refund/Dispute,1,2026-02-11 06:06:17.923992724,19.1,5.0
T0003910,M01431,2026-02-28 10:00:00,Technical,1,2026-03-01 22:34:20.168066370,36.57,5.0
T0003907,M01431,2026-03-24 16:00:00,Account,1,2026-03-25 00:42:57.147341587,8.72,4.0
T0003909,M01431,2026-05-29 18:00:00,Refund/Dispute,1,2026-05-30 13:48:56.418364418,19.82,3.0
T0003911,M01432,2026-04-08 14:00:00,Technical,1,2026-04-10 01:43:09.322267483,35.72,3.0
T0003918,M01433,2026-02-11 08:00:00,Operations,0,,,
T0003917,M01433,2026-03-05 09:00:00,Operations,1,2026-03-07 02:15:07.598826892,41.25,3.0
T0003915,M01433,2026-03-14 08:00:00,Account,1,2026-03-15 07:45:30.430144072,23.76,4.0
T0003913,M01433,2026-03-21 20:00:00,Operations,0,,,
T0003912,M01433,2026-04-02 12:00:00,Technical,1,2026-04-03 12:14:04.349377446,24.23,3.0
T0003914,M01433,2026-04-13 20:00:00,Refund/Dispute,0,,,
T0003916,M01433,2026-04-22 17:00:00,Refund/Dispute,0,,,
T0003919,M01433,2026-05-03 13:00:00,Payment,0,,,
T0003920,M01434,2026-04-01 09:00:00,Operations,0,,,
T0003924,M01435,2026-03-31 18:00:00,Payment,0,,,
T0003925,M01435,2026-04-30 13:00:00,Account,0,,,
T0003922,M01435,2026-05-18 19:00:00,Account,1,2026-05-19 22:34:58.040527062,27.58,4.0
T0003921,M01435,2026-05-19 08:00:00,Operations,1,2026-05-20 00:56:55.600985025,16.95,3.0
T0003923,M01435,2026-05-28 11:00:00,Operations,1,2026-05-30 12:55:11.949395372,49.92,4.0
T0003926,M01436,2026-03-01 20:00:00,Technical,1,2026-03-02 07:05:58.628648536,11.1,4.0
T0003927,M01436,2026-03-17 18:00:00,Refund/Dispute,1,2026-03-18 10:37:32.704073623,16.63,4.0
T0003928,M01437,2026-03-08 13:00:00,Operations,1,2026-03-10 00:18:34.782344431,35.31,3.0
T0003929,M01437,2026-04-02 14:00:00,Payment,1,2026-04-03 08:55:37.953525741,18.93,5.0
T0003931,M01437,2026-04-20 17:00:00,Account,1,2026-04-22 04:34:13.269158094,35.57,3.0
T0003930,M01437,2026-05-26 17:00:00,Technical,0,,,
T0003932,M01439,2026-03-01 19:00:00,Payment,1,2026-03-02 05:43:04.307426968,10.72,5.0
T0003933,M01440,2026-03-26 20:00:00,Account,1,2026-03-27 13:08:46.779132926,17.15,5.0
T0003934,M01441,2026-02-08 17:00:00,Refund/Dispute,1,2026-02-09 00:23:29.214631863,7.39,5.0
T0003935,M01441,2026-05-31 13:00:00,Payment,1,2026-05-31 20:08:21.169969602,7.14,5.0
T0003938,M01442,2026-02-28 09:00:00,Payment,1,2026-02-28 15:20:41.818350469,6.34,5.0
T0003936,M01442,2026-04-09 11:00:00,Account,0,,,
T0003937,M01442,2026-04-10 08:00:00,Operations,1,2026-04-10 18:36:14.377370500,10.6,5.0
T0003939,M01443,2026-02-01 17:00:00,Account,1,2026-02-03 01:50:04.739925120,32.83,5.0
T0003940,M01444,2026-02-08 18:00:00,Payment,1,2026-02-09 14:09:45.286348723,20.16,4.0
T0003942,M01444,2026-04-23 20:00:00,Technical,1,2026-04-24 23:07:22.413002552,27.12,4.0
T0003944,M01444,2026-04-29 11:00:00,Technical,0,,,
T0003941,M01444,2026-05-05 09:00:00,Refund/Dispute,1,2026-05-05 22:41:00.907643659,13.68,4.0
T0003943,M01444,2026-05-21 19:00:00,Operations,1,2026-05-22 11:03:41.660766846,16.06,4.0
T0003947,M01445,2026-03-29 20:00:00,Refund/Dispute,1,2026-03-30 11:56:55.909163400,15.95,4.0
T0003945,M01445,2026-04-22 10:00:00,Refund/Dispute,1,2026-04-23 21:46:54.558218985,35.78,3.0
T0003946,M01445,2026-05-07 13:00:00,Operations,0,,,
T0003948,M01445,2026-05-12 13:00:00,Payment,1,2026-05-12 22:16:13.155185348,9.27,4.0
T0003949,M01447,2026-02-15 16:00:00,Technical,0,,,
T0003950,M01447,2026-03-21 13:00:00,Refund/Dispute,0,,,
T0003952,M01447,2026-05-01 16:00:00,Payment,1,2026-05-02 08:18:45.601562268,16.31,5.0
T0003951,M01447,2026-05-25 12:00:00,Account,1,2026-05-25 22:04:58.619873366,10.08,4.0
T0003953,M01448,2026-02-16 13:00:00,Refund/Dispute,1,2026-02-18 13:05:00.871781625,48.08,5.0
T0003954,M01448,2026-03-18 09:00:00,Refund/Dispute,0,,,
T0003955,M01448,2026-03-23 11:00:00,Operations,1,2026-03-25 21:16:17.813726742,58.27,3.0
T0003956,M01448,2026-04-20 13:00:00,Technical,1,2026-04-22 05:09:22.162169484,40.16,4.0
T0003959,M01449,2026-02-26 15:00:00,Operations,1,2026-02-27 04:33:37.767498314,13.56,4.0
T0003957,M01449,2026-03-25 09:00:00,Payment,1,2026-03-25 23:57:48.529579420,14.96,5.0
T0003958,M01449,2026-04-13 15:00:00,Technical,1,2026-04-14 03:15:07.164664178,12.25,4.0
T0003962,M01450,2026-03-08 17:00:00,Technical,1,2026-03-09 02:38:44.092257259,9.65,5.0
T0003961,M01450,2026-03-21 13:00:00,Account,1,2026-03-22 08:17:48.276752449,19.3,4.0
T0003960,M01450,2026-04-08 11:00:00,Refund/Dispute,1,2026-04-09 06:17:48.068156472,19.3,5.0
T0003966,M01452,2026-02-04 14:00:00,Payment,0,,,
T0003965,M01452,2026-02-14 17:00:00,Payment,1,2026-02-15 19:57:15.570310759,26.95,4.0
T0003964,M01452,2026-03-30 11:00:00,Technical,1,2026-03-31 03:30:06.288365952,16.5,4.0
T0003963,M01452,2026-05-05 16:00:00,Operations,1,2026-05-06 13:51:24.487681597,21.86,4.0
T0003970,M01453,2026-03-19 18:00:00,Operations,1,2026-03-20 00:35:09.783524652,6.59,5.0
T0003967,M01453,2026-03-24 13:00:00,Technical,1,2026-03-24 19:23:04.706944789,6.38,5.0
T0003968,M01453,2026-05-21 19:00:00,Operations,1,2026-05-22 09:19:36.643331956,14.33,5.0
T0003969,M01453,2026-05-30 10:00:00,Payment,1,2026-05-30 19:02:48.770631823,9.05,4.0
T0003972,M01454,2026-03-06 14:00:00,Refund/Dispute,1,2026-03-07 19:29:24.181825275,29.49,3.0
T0003971,M01454,2026-03-24 18:00:00,Account,1,2026-03-25 13:22:40.017183456,19.38,4.0
T0003974,M01454,2026-04-30 11:00:00,Payment,1,2026-05-01 05:48:58.546487948,18.82,4.0
T0003973,M01454,2026-05-09 18:00:00,Account,1,2026-05-11 01:45:49.173506056,31.76,4.0
T0003975,M01455,2026-03-04 14:00:00,Refund/Dispute,1,2026-03-05 14:07:11.507894832,24.12,4.0
T0003977,M01456,2026-02-16 19:00:00,Payment,1,2026-02-18 02:40:41.111911754,31.68,4.0
T0003976,M01456,2026-05-21 20:00:00,Operations,1,2026-05-22 07:51:54.745551709,11.87,4.0
T0003978,M01457,2026-03-31 14:00:00,Operations,1,2026-03-31 23:33:05.920542810,9.55,5.0
T0003984,M01458,2026-02-10 17:00:00,Payment,1,2026-02-12 11:34:47.179837945,42.58,3.0
T0003980,M01458,2026-02-24 08:00:00,Refund/Dispute,1,2026-02-25 20:06:03.256519485,36.1,3.0
T0003982,M01458,2026-03-25 15:00:00,Operations,1,2026-03-26 06:59:27.628582362,15.99,5.0
T0003979,M01458,2026-04-03 11:00:00,Payment,1,2026-04-03 22:42:22.223468746,11.71,5.0
T0003981,M01458,2026-04-08 08:00:00,Payment,1,2026-04-09 01:31:34.910360792,17.53,5.0
T0003983,M01458,2026-04-27 15:00:00,Account,1,2026-04-28 10:06:22.593959593,19.11,4.0
T0003986,M01459,2026-02-07 18:00:00,Operations,1,2026-02-08 20:28:07.587633784,26.47,4.0
T0003985,M01459,2026-03-27 18:00:00,Account,1,2026-03-30 02:26:17.924930275,56.44,4.0
T0003987,M01459,2026-05-27 17:00:00,Payment,1,2026-05-29 03:23:47.123299496,34.4,5.0
T0003989,M01460,2026-03-10 18:00:00,Account,1,2026-03-11 08:24:15.154623673,14.4,5.0
T0003988,M01460,2026-03-14 14:00:00,Operations,1,2026-03-15 06:29:11.437200114,16.49,4.0
T0003991,M01461,2026-02-14 18:00:00,Refund/Dispute,1,2026-02-15 11:50:58.286173372,17.85,4.0
T0003990,M01461,2026-04-17 14:00:00,Refund/Dispute,1,2026-04-18 20:24:16.371400251,30.4,5.0
T0003992,M01462,2026-03-27 20:00:00,Account,1,2026-03-28 09:59:32.805114316,13.99,4.0
T0003996,M01463,2026-02-03 09:00:00,Payment,0,,,
T0003997,M01463,2026-02-13 08:00:00,Refund/Dispute,1,2026-02-14 20:15:54.303855292,36.27,4.0
T0003995,M01463,2026-02-25 09:00:00,Operations,0,,,
T0003993,M01463,2026-04-07 16:00:00,Technical,1,2026-04-08 17:27:06.725187432,25.45,4.0
T0003994,M01463,2026-04-19 16:00:00,Operations,1,2026-04-21 04:52:42.587120719,36.88,2.0
T0003998,M01463,2026-05-22 08:00:00,Account,0,,,
T0004000,M01465,2026-02-03 18:00:00,Payment,0,,,
T0004001,M01465,2026-02-04 08:00:00,Technical,1,2026-02-05 11:52:41.909830690,27.88,3.0
T0004004,M01465,2026-03-28 17:00:00,Account,1,2026-03-29 18:15:11.238529078,25.25,4.0
T0004003,M01465,2026-04-06 11:00:00,Payment,1,2026-04-07 04:03:28.519236864,17.06,5.0
T0003999,M01465,2026-04-24 08:00:00,Refund/Dispute,1,2026-04-25 12:37:29.190775285,28.62,4.0
T0004002,M01465,2026-05-25 08:00:00,Payment,1,2026-05-25 16:43:50.743019222,8.73,5.0
T0004007,M01466,2026-02-06 14:00:00,Technical,1,2026-02-06 19:03:40.534753471,5.06,5.0
T0004006,M01466,2026-05-11 15:00:00,Refund/Dispute,1,2026-05-12 04:01:24.740909979,13.02,4.0
T0004005,M01466,2026-05-25 16:00:00,Operations,1,2026-05-26 18:02:46.878742330,26.05,4.0
T0004008,M01467,2026-04-28 08:00:00,Technical,1,2026-04-29 21:00:27.040554010,37.01,4.0
T0004013,M01468,2026-02-24 16:00:00,Operations,1,2026-02-26 01:44:29.092641162,33.74,5.0
T0004009,M01468,2026-02-28 16:00:00,Operations,0,,,
T0004012,M01468,2026-03-15 12:00:00,Payment,1,2026-03-16 13:58:19.182887328,25.97,4.0
T0004010,M01468,2026-03-31 20:00:00,Account,1,2026-04-01 12:56:55.295311538,16.95,4.0
T0004015,M01468,2026-05-05 16:00:00,Payment,1,2026-05-06 03:42:03.792333538,11.7,5.0
T0004014,M01468,2026-05-12 13:00:00,Refund/Dispute,1,2026-05-13 11:39:39.538430362,22.66,5.0
T0004011,M01468,2026-05-15 20:00:00,Account,0,,,
T0004016,M01468,2026-05-29 13:00:00,Refund/Dispute,1,2026-05-30 15:24:18.351011541,26.41,4.0
T0004018,M01469,2026-02-03 11:00:00,Payment,0,,,
T0004019,M01469,2026-02-10 20:00:00,Account,1,2026-02-12 01:22:22.279611885,29.37,4.0
T0004017,M01469,2026-03-25 18:00:00,Account,1,2026-03-27 04:08:11.127540462,34.14,4.0
T0004022,M01469,2026-03-29 10:00:00,Technical,0,,,
T0004024,M01469,2026-04-06 13:00:00,Operations,1,2026-04-07 22:18:06.546069615,33.3,4.0
T0004021,M01469,2026-04-23 20:00:00,Payment,1,2026-04-24 23:58:59.073624858,27.98,4.0
T0004023,M01469,2026-05-09 18:00:00,Technical,1,2026-05-11 03:41:02.750713393,33.68,2.0
T0004020,M01469,2026-05-12 08:00:00,Technical,1,2026-05-13 03:47:00.730980704,19.78,5.0
T0004025,M01470,2026-04-24 14:00:00,Refund/Dispute,1,2026-04-26 19:53:14.259479805,53.89,3.0
T0004027,M01471,2026-02-06 08:00:00,Payment,0,,,
T0004026,M01471,2026-04-22 18:00:00,Account,1,2026-04-23 08:37:35.491309086,14.63,4.0
T0004028,M01471,2026-05-18 09:00:00,Refund/Dispute,1,2026-05-19 04:09:33.069530426,19.16,5.0
T0004030,M01472,2026-02-23 10:00:00,Technical,0,,,
T0004031,M01472,2026-02-27 19:00:00,Technical,1,2026-02-28 05:59:56.470030720,11.0,5.0
T0004032,M01472,2026-05-06 18:00:00,Account,1,2026-05-07 06:30:54.197938252,12.52,5.0
T0004033,M01472,2026-05-23 18:00:00,Account,1,2026-05-24 01:29:09.230932644,7.49,5.0
T0004029,M01472,2026-05-27 13:00:00,Account,1,2026-05-27 19:57:34.284580675,6.96,4.0
T0004035,M01473,2026-02-23 13:00:00,Technical,1,2026-02-25 06:18:08.150546329,41.3,2.0
T0004034,M01473,2026-03-04 12:00:00,Refund/Dispute,1,2026-03-05 03:36:20.742180663,15.61,4.0
T0004039,M01474,2026-02-14 17:00:00,Payment,0,,,
T0004037,M01474,2026-03-11 08:00:00,Technical,1,2026-03-12 07:55:52.844425618,23.93,3.0
T0004041,M01474,2026-03-19 11:00:00,Payment,1,2026-03-21 07:50:27.923312979,44.84,3.0
T0004036,M01474,2026-04-06 09:00:00,Payment,1,2026-04-07 13:04:14.334634938,28.07,5.0
T0004040,M01474,2026-04-07 19:00:00,Technical,0,,,
T0004042,M01474,2026-04-26 09:00:00,Technical,1,2026-04-27 12:20:33.558387417,27.34,3.0
T0004043,M01474,2026-05-04 17:00:00,Technical,1,2026-05-05 15:32:53.874625131,22.55,4.0
T0004038,M01474,2026-05-12 15:00:00,Account,1,2026-05-15 18:10:14.966173059,75.17,3.0
T0004045,M01475,2026-03-18 16:00:00,Operations,1,2026-03-19 11:07:43.704444291,19.13,5.0
T0004044,M01475,2026-03-19 09:00:00,Technical,1,2026-03-21 09:28:10.204441024,48.47,4.0
T0004046,M01475,2026-03-29 14:00:00,Payment,1,2026-03-30 07:38:37.497611540,17.64,4.0
T0004049,M01476,2026-03-04 13:00:00,Account,1,2026-03-06 10:03:10.551104661,45.05,4.0
T0004047,M01476,2026-05-04 08:00:00,Refund/Dispute,1,2026-05-06 18:14:01.272930432,58.23,3.0
T0004048,M01476,2026-05-09 09:00:00,Operations,1,2026-05-10 03:03:18.047326795,18.06,5.0
T0004050,M01476,2026-05-27 16:00:00,Technical,0,,,
T0004053,M01477,2026-03-07 09:00:00,Refund/Dispute,1,2026-03-08 02:09:33.334951716,17.16,4.0
T0004051,M01477,2026-05-21 09:00:00,Refund/Dispute,1,2026-05-22 04:49:39.018792594,19.83,5.0
T0004052,M01477,2026-05-26 16:00:00,Operations,0,,,
T0004055,M01478,2026-04-02 18:00:00,Payment,1,2026-04-03 08:03:44.059641674,14.06,3.0
T0004054,M01478,2026-04-27 11:00:00,Payment,0,,,
T0004057,M01479,2026-02-03 18:00:00,Technical,1,2026-02-04 03:43:41.214786592,9.73,5.0
T0004056,M01479,2026-04-18 20:00:00,Refund/Dispute,1,2026-04-19 03:06:28.311927426,7.11,5.0
T0004058,M01480,2026-04-11 15:00:00,Technical,1,2026-04-11 23:56:09.097595023,8.94,4.0
T0004059,M01482,2026-02-16 17:00:00,Technical,0,,,
T0004062,M01482,2026-02-16 19:00:00,Operations,1,2026-02-18 02:43:59.401583522,31.73,4.0
T0004061,M01482,2026-03-23 08:00:00,Payment,1,2026-03-23 13:26:05.124255385,5.43,5.0
T0004060,M01482,2026-04-18 08:00:00,Account,1,2026-04-19 10:59:16.164805581,26.99,4.0
T0004063,M01483,2026-05-19 14:00:00,Refund/Dispute,1,2026-05-20 12:19:54.431254322,22.33,5.0
T0004066,M01484,2026-02-27 09:00:00,Account,1,2026-02-28 01:29:50.089038576,16.5,4.0
T0004065,M01484,2026-03-18 17:00:00,Account,1,2026-03-19 15:55:33.419841308,22.93,4.0
T0004064,M01484,2026-05-21 08:00:00,Account,0,,,
T0004067,M01484,2026-05-21 13:00:00,Account,1,2026-05-21 18:48:01.171494252,5.8,4.0
T0004068,M01485,2026-03-16 20:00:00,Operations,1,2026-03-17 04:23:56.327333326,8.4,3.0
T0004070,M01485,2026-05-03 08:00:00,Technical,1,2026-05-04 11:59:17.593506895,27.99,4.0
T0004069,M01485,2026-05-24 10:00:00,Technical,1,2026-05-24 21:26:14.018503686,11.44,4.0
T0004074,M01486,2026-03-05 13:00:00,Refund/Dispute,1,2026-03-06 14:50:51.032521258,25.85,4.0
T0004072,M01486,2026-05-08 16:00:00,Operations,1,2026-05-10 16:34:10.001129041,48.57,4.0
T0004071,M01486,2026-05-10 20:00:00,Technical,1,2026-05-12 10:30:54.976184827,38.52,4.0
T0004073,M01486,2026-05-26 09:00:00,Payment,0,,,
T0004078,M01489,2026-03-02 16:00:00,Account,1,2026-03-04 04:51:29.810245402,36.86,4.0
T0004079,M01489,2026-04-26 09:00:00,Payment,0,,,
T0004076,M01489,2026-05-08 17:00:00,Payment,1,2026-05-10 02:24:41.565850142,33.41,4.0
T0004081,M01489,2026-05-08 19:00:00,Account,1,2026-05-10 08:34:26.506721676,37.57,4.0
T0004080,M01489,2026-05-15 11:00:00,Payment,1,2026-05-19 08:31:22.116778842,93.52,1.0
T0004075,M01489,2026-05-16 12:00:00,Payment,1,2026-05-17 02:24:52.127395714,14.41,4.0
T0004077,M01489,2026-05-17 11:00:00,Refund/Dispute,1,2026-05-20 10:05:29.578448227,71.09,3.0
T0004082,M01490,2026-02-22 14:00:00,Refund/Dispute,1,2026-02-22 21:13:00.231605716,7.22,5.0
T0004084,M01490,2026-03-01 14:00:00,Operations,0,,,
T0004083,M01490,2026-03-21 08:00:00,Payment,1,2026-03-21 20:57:00.418662507,12.95,4.0
T0004086,M01491,2026-02-11 11:00:00,Account,1,2026-02-12 01:08:46.105704823,14.15,4.0
T0004088,M01491,2026-02-18 14:00:00,Operations,1,2026-02-18 21:22:55.311318055,7.38,5.0
T0004087,M01491,2026-03-20 16:00:00,Account,1,2026-03-21 00:27:01.899013230,8.45,5.0
T0004085,M01491,2026-04-23 19:00:00,Payment,1,2026-04-24 07:24:58.976468708,12.42,5.0
T0004093,M01492,2026-02-04 14:00:00,Operations,1,2026-02-05 09:03:06.983632314,19.05,4.0
T0004091,M01492,2026-02-06 09:00:00,Payment,0,,,
T0004090,M01492,2026-02-28 12:00:00,Refund/Dispute,0,,,
T0004089,M01492,2026-04-17 10:00:00,Account,1,2026-04-18 11:12:57.558352078,25.22,4.0
T0004092,M01492,2026-04-24 17:00:00,Operations,1,2026-04-25 00:17:12.158616980,7.29,5.0
T0004098,M01494,2026-02-05 16:00:00,Technical,1,2026-02-06 05:57:43.201998673,13.96,5.0
T0004096,M01494,2026-02-15 11:00:00,Account,1,2026-02-16 05:34:15.472150809,18.57,4.0
T0004097,M01494,2026-04-20 14:00:00,Refund/Dispute,1,2026-04-20 22:44:30.932955499,8.74,5.0
T0004095,M01494,2026-05-13 08:00:00,Account,1,2026-05-15 14:12:38.979381283,54.21,3.0
T0004094,M01494,2026-05-25 12:00:00,Payment,0,,,
T0004099,M01495,2026-04-04 08:00:00,Operations,1,2026-04-04 14:54:18.379978160,6.91,4.0
T0004100,M01496,2026-04-17 14:00:00,Payment,1,2026-04-19 07:36:26.075435659,41.61,4.0
T0004103,M01497,2026-02-11 10:00:00,Payment,1,2026-02-12 06:22:23.894170885,20.37,4.0
T0004104,M01497,2026-03-07 10:00:00,Operations,1,2026-03-08 17:41:25.955688908,31.69,4.0
T0004102,M01497,2026-03-14 08:00:00,Technical,1,2026-03-16 07:29:56.195440051,47.5,3.0
T0004108,M01497,2026-03-14 13:00:00,Operations,1,2026-03-16 16:51:15.212142180,51.85,2.0
T0004106,M01497,2026-04-01 13:00:00,Refund/Dispute,1,2026-04-02 04:42:45.118395594,15.71,5.0
T0004107,M01497,2026-04-01 18:00:00,Refund/Dispute,0,,,
T0004105,M01497,2026-04-16 15:00:00,Technical,1,2026-04-17 23:15:28.801023184,32.26,3.0
T0004101,M01497,2026-04-23 13:00:00,Account,1,2026-04-24 13:04:39.103255257,24.08,5.0
T0004109,M01498,2026-04-11 17:00:00,Refund/Dispute,1,2026-04-12 05:00:39.062911694,12.01,4.0
T0004110,M01498,2026-04-12 12:00:00,Payment,1,2026-04-13 14:10:54.639707098,26.18,4.0
T0004111,M01498,2026-05-17 19:00:00,Refund/Dispute,1,2026-05-19 06:16:57.190569121,35.28,4.0
T0004113,M01499,2026-04-27 13:00:00,Refund/Dispute,1,2026-04-29 01:40:50.747265778,36.68,5.0
T0004112,M01499,2026-05-29 20:00:00,Refund/Dispute,1,2026-05-30 21:06:39.741424113,25.11,4.0
T0004114,M01500,2026-04-14 16:00:00,Technical,1,2026-04-16 05:49:59.351554779,37.83,4.0
T0004118,M01501,2026-03-25 11:00:00,Account,1,2026-03-26 09:37:46.578720018,22.63,5.0
T0004116,M01501,2026-04-13 19:00:00,Refund/Dispute,1,2026-04-14 12:10:23.159441388,17.17,4.0
T0004117,M01501,2026-05-06 17:00:00,Payment,1,2026-05-07 06:54:32.136646230,13.91,4.0
T0004115,M01501,2026-05-20 09:00:00,Payment,0,,,
T0004119,M01502,2026-05-30 08:00:00,Refund/Dispute,0,,,
T0004122,M01503,2026-02-12 09:00:00,Refund/Dispute,1,2026-02-13 04:35:29.303103753,19.59,5.0
T0004123,M01503,2026-03-07 16:00:00,Account,1,2026-03-08 00:27:38.962133740,8.46,5.0
T0004121,M01503,2026-03-28 10:00:00,Refund/Dispute,1,2026-03-28 14:16:08.005123372,4.27,5.0
T0004120,M01503,2026-05-02 17:00:00,Account,1,2026-05-03 03:38:01.205494954,10.63,5.0
T0004129,M01504,2026-02-21 11:00:00,Technical,1,2026-02-23 06:56:59.695918083,43.95,3.0
T0004124,M01504,2026-03-12 10:00:00,Payment,1,2026-03-12 21:30:23.577179227,11.51,5.0
T0004128,M01504,2026-04-21 14:00:00,Operations,1,2026-04-22 14:31:37.174220796,24.53,5.0
T0004127,M01504,2026-04-22 14:00:00,Operations,1,2026-04-22 23:44:55.917956644,9.75,5.0
T0004125,M01504,2026-05-01 20:00:00,Account,1,2026-05-02 13:25:20.535113197,17.42,4.0
T0004126,M01504,2026-05-10 15:00:00,Technical,1,2026-05-11 08:11:48.911216470,17.2,5.0
T0004130,M01506,2026-03-31 13:00:00,Technical,1,2026-04-02 02:20:49.049677053,37.35,4.0
T0004131,M01506,2026-04-14 09:00:00,Refund/Dispute,1,2026-04-14 18:20:07.551559597,9.34,5.0
T0004132,M01506,2026-04-17 10:00:00,Operations,1,2026-04-18 09:58:32.974184787,23.98,4.0
T0004133,M01506,2026-05-18 17:00:00,Technical,1,2026-05-19 20:25:21.827413812,27.42,3.0
T0004134,M01507,2026-03-10 08:00:00,Refund/Dispute,1,2026-03-10 16:54:42.984163404,8.91,4.0
T0004137,M01507,2026-03-22 16:00:00,Operations,1,2026-03-23 05:17:43.090082577,13.3,3.0
T0004135,M01507,2026-05-01 19:00:00,Refund/Dispute,0,,,
T0004136,M01507,2026-05-17 14:00:00,Technical,1,2026-05-18 03:35:47.376166880,13.6,5.0
T0004139,M01509,2026-03-27 20:00:00,Technical,1,2026-03-28 06:10:06.487840585,10.17,4.0
T0004138,M01509,2026-04-22 16:00:00,Refund/Dispute,0,,,
T0004140,M01510,2026-03-30 16:00:00,Technical,1,2026-03-31 07:30:58.118760374,15.52,3.0
T0004141,M01510,2026-05-06 17:00:00,Account,1,2026-05-07 01:34:18.366846808,8.57,4.0
T0004145,M01511,2026-02-28 11:00:00,Payment,1,2026-03-02 01:21:19.094495374,38.36,4.0
T0004143,M01511,2026-03-04 09:00:00,Operations,1,2026-03-05 14:14:04.781300708,29.23,5.0
T0004144,M01511,2026-03-13 13:00:00,Payment,0,,,
T0004142,M01511,2026-05-25 08:00:00,Payment,1,2026-05-26 06:46:17.387387277,22.77,5.0
T0004149,M01512,2026-03-18 14:00:00,Payment,1,2026-03-20 09:08:02.880468254,43.13,2.0
T0004148,M01512,2026-04-15 10:00:00,Payment,1,2026-04-15 16:33:31.060304384,6.56,4.0
T0004147,M01512,2026-05-01 14:00:00,Operations,1,2026-05-03 08:08:30.181920349,42.14,4.0
T0004146,M01512,2026-05-03 08:00:00,Operations,1,2026-05-03 14:20:42.919226962,6.35,5.0
T0004150,M01513,2026-03-19 10:00:00,Technical,1,2026-03-20 01:50:15.635951959,15.84,4.0
T0004151,M01514,2026-03-10 11:00:00,Payment,1,2026-03-10 18:53:05.582625432,7.88,5.0
T0004155,M01515,2026-03-07 14:00:00,Account,0,,,
T0004154,M01515,2026-04-22 12:00:00,Operations,1,2026-04-24 11:52:02.825527537,47.87,3.0
T0004157,M01515,2026-04-24 11:00:00,Account,1,2026-04-25 06:28:37.930743105,19.48,5.0
T0004153,M01515,2026-05-06 18:00:00,Account,1,2026-05-07 09:23:25.386303184,15.39,5.0
T0004156,M01515,2026-05-07 16:00:00,Account,1,2026-05-09 11:25:32.013884442,43.43,5.0
T0004152,M01515,2026-05-19 11:00:00,Refund/Dispute,1,2026-05-21 03:31:50.602349100,40.53,4.0
T0004158,M01516,2026-02-27 14:00:00,Technical,1,2026-02-28 13:29:21.698518480,23.49,4.0
T0004159,M01516,2026-03-14 16:00:00,Operations,1,2026-03-15 19:55:41.162987352,27.93,3.0
T0004160,M01516,2026-05-21 17:00:00,Payment,1,2026-05-22 06:03:43.015533184,13.06,4.0
T0004163,M01517,2026-02-08 20:00:00,Account,1,2026-02-09 05:15:06.431189187,9.25,4.0
T0004161,M01517,2026-03-14 20:00:00,Technical,1,2026-03-15 10:59:38.705627850,14.99,4.0
T0004162,M01517,2026-04-14 14:00:00,Technical,1,2026-04-15 11:17:07.826063719,21.29,4.0
T0004164,M01518,2026-03-29 18:00:00,Technical,1,2026-03-31 09:17:12.571785254,39.29,3.0
T0004166,M01518,2026-04-20 11:00:00,Account,0,,,
T0004167,M01518,2026-05-08 10:00:00,Technical,1,2026-05-09 15:05:14.817084874,29.09,3.0
T0004165,M01518,2026-05-28 14:00:00,Payment,1,2026-05-29 01:08:02.400551520,11.13,5.0
T0004168,M01519,2026-03-30 12:00:00,Refund/Dispute,1,2026-04-01 20:16:49.586150640,56.28,3.0
T0004169,M01519,2026-04-20 10:00:00,Account,1,2026-04-21 10:05:44.999580951,24.1,3.0
T0004170,M01520,2026-03-18 11:00:00,Payment,1,2026-03-19 02:28:11.873748622,15.47,5.0
T0004172,M01520,2026-04-17 17:00:00,Technical,0,,,
T0004171,M01520,2026-05-02 18:00:00,Refund/Dispute,1,2026-05-04 08:19:10.552670673,38.32,3.0
T0004173,M01521,2026-02-14 15:00:00,Refund/Dispute,1,2026-02-15 16:34:55.047025426,25.58,4.0
T0004176,M01523,2026-02-12 11:00:00,Refund/Dispute,1,2026-02-12 19:54:52.189787232,8.91,4.0
T0004174,M01523,2026-04-11 08:00:00,Operations,1,2026-04-12 02:53:16.015468236,18.89,5.0
T0004175,M01523,2026-04-19 12:00:00,Account,1,2026-04-20 04:38:06.087247828,16.64,5.0
T0004178,M01523,2026-05-18 14:00:00,Operations,1,2026-05-19 08:58:29.914310971,18.97,4.0
T0004177,M01523,2026-05-24 17:00:00,Account,1,2026-05-25 14:24:39.095018942,21.41,5.0
T0004180,M01524,2026-02-27 16:00:00,Refund/Dispute,1,2026-02-28 02:36:21.657014438,10.61,4.0
T0004181,M01524,2026-03-30 17:00:00,Technical,1,2026-03-31 06:44:18.336946934,13.74,5.0
T0004179,M01524,2026-04-26 13:00:00,Payment,1,2026-04-27 06:11:36.895853472,17.19,5.0
T0004182,M01525,2026-05-05 10:00:00,Operations,1,2026-05-06 00:49:22.259567380,14.82,4.0
T0004184,M01526,2026-02-08 15:00:00,Refund/Dispute,1,2026-02-09 00:49:59.323003230,9.83,5.0
T0004185,M01526,2026-04-08 08:00:00,Operations,1,2026-04-08 16:07:57.858291847,8.13,4.0
T0004183,M01526,2026-05-02 15:00:00,Operations,1,2026-05-04 07:34:51.502828468,40.58,3.0
T0004187,M01527,2026-02-13 20:00:00,Operations,1,2026-02-15 04:18:04.913686130,32.3,3.0
T0004189,M01527,2026-03-04 18:00:00,Account,1,2026-03-05 13:46:34.758628492,19.78,4.0
T0004186,M01527,2026-03-25 15:00:00,Technical,1,2026-03-26 16:53:33.601632104,25.89,4.0
T0004188,M01527,2026-03-29 11:00:00,Operations,0,,,
T0004190,M01527,2026-05-16 08:00:00,Payment,1,2026-05-18 02:55:48.484528687,42.93,4.0
T0004191,M01527,2026-05-24 12:00:00,Account,1,2026-05-25 07:59:46.343813431,20.0,4.0
T0004192,M01529,2026-05-16 14:00:00,Account,1,2026-05-17 18:30:33.174385667,28.51,3.0
T0004193,M01530,2026-03-06 11:00:00,Operations,1,2026-03-07 02:36:20.223034020,15.61,5.0
T0004194,M01531,2026-03-25 15:00:00,Technical,1,2026-03-26 07:38:43.822552581,16.65,5.0
T0004195,M01532,2026-02-07 18:00:00,Payment,1,2026-02-08 18:14:05.491310013,24.23,4.0
T0004198,M01533,2026-02-03 19:00:00,Account,1,2026-02-04 04:50:16.058925009,9.84,4.0
T0004196,M01533,2026-04-26 16:00:00,Operations,1,2026-04-27 08:35:07.296127569,16.59,5.0
T0004200,M01533,2026-04-28 09:00:00,Payment,1,2026-04-29 00:03:04.990543671,15.05,3.0
T0004201,M01533,2026-04-30 08:00:00,Account,1,2026-05-01 14:32:06.993287170,30.54,4.0
T0004197,M01533,2026-05-10 14:00:00,Payment,1,2026-05-13 06:21:30.316016322,64.36,2.0
T0004199,M01533,2026-05-20 10:00:00,Technical,0,,,
T0004202,M01534,2026-03-31 20:00:00,Operations,1,2026-04-02 00:29:47.017398022,28.5,4.0
T0004203,M01534,2026-05-24 09:00:00,Operations,1,2026-05-26 09:20:54.394897131,48.35,3.0
T0004207,M01535,2026-02-18 17:00:00,Refund/Dispute,1,2026-02-19 00:42:24.041222402,7.71,5.0
T0004205,M01535,2026-03-03 08:00:00,Operations,1,2026-03-04 14:30:58.621223142,30.52,5.0
T0004208,M01535,2026-03-12 09:00:00,Account,0,,,
T0004210,M01535,2026-04-23 09:00:00,Refund/Dispute,1,2026-04-24 05:43:12.110760267,20.72,5.0
T0004209,M01535,2026-04-28 18:00:00,Payment,1,2026-05-01 12:25:53.261300794,66.43,4.0
T0004206,M01535,2026-05-04 18:00:00,Refund/Dispute,1,2026-05-07 21:10:27.207473620,75.17,3.0
T0004204,M01535,2026-05-10 19:00:00,Operations,0,,,
T0004212,M01536,2026-05-07 15:00:00,Refund/Dispute,1,2026-05-08 12:34:27.573313580,21.57,5.0
T0004211,M01536,2026-05-23 19:00:00,Account,1,2026-05-25 12:10:27.109560010,41.17,3.0
T0004214,M01537,2026-02-09 16:00:00,Technical,1,2026-02-10 08:03:55.410779595,16.07,4.0
T0004213,M01537,2026-05-06 19:00:00,Account,1,2026-05-08 08:29:45.844690200,37.5,3.0
T0004216,M01538,2026-02-11 10:00:00,Account,0,,,
T0004215,M01538,2026-04-24 20:00:00,Payment,1,2026-04-25 06:14:00.486766518,10.23,5.0
T0004217,M01539,2026-03-06 16:00:00,Payment,1,2026-03-07 11:59:24.713939004,19.99,5.0
T0004220,M01540,2026-02-11 14:00:00,Technical,0,,,
T0004219,M01540,2026-02-19 10:00:00,Technical,1,2026-02-20 12:24:26.141420761,26.41,4.0
T0004218,M01540,2026-03-04 16:00:00,Operations,1,2026-03-05 03:11:39.508050156,11.19,4.0
T0004221,M01543,2026-02-03 09:00:00,Account,0,,,
T0004222,M01544,2026-04-05 19:00:00,Operations,1,2026-04-06 01:16:19.059585632,6.27,5.0
T0004223,M01544,2026-04-15 14:00:00,Account,1,2026-04-15 22:53:39.149982949,8.89,4.0
T0004224,M01545,2026-02-13 14:00:00,Payment,1,2026-02-14 07:08:34.801092995,17.14,5.0
T0004226,M01546,2026-04-01 15:00:00,Account,0,,,
T0004227,M01546,2026-04-17 10:00:00,Technical,1,2026-04-18 11:34:09.423055002,25.57,4.0
T0004225,M01546,2026-04-19 09:00:00,Refund/Dispute,1,2026-04-19 19:50:34.677532017,10.84,4.0
T0004230,M01547,2026-02-08 10:00:00,Refund/Dispute,0,,,
T0004228,M01547,2026-02-21 10:00:00,Account,1,2026-02-22 09:18:59.249245082,23.32,5.0
T0004229,M01547,2026-04-22 10:00:00,Account,0,,,
T0004232,M01548,2026-03-14 13:00:00,Payment,1,2026-03-15 15:27:03.115039968,26.45,5.0
T0004231,M01548,2026-04-15 13:00:00,Operations,1,2026-04-15 19:34:35.936939546,6.58,3.0
T0004233,M01548,2026-04-24 12:00:00,Account,1,2026-04-25 05:10:55.031111047,17.18,5.0
T0004235,M01548,2026-05-15 17:00:00,Refund/Dispute,1,2026-05-17 12:38:21.126863324,43.64,3.0
T0004234,M01548,2026-05-19 09:00:00,Payment,1,2026-05-20 08:41:01.735176498,23.68,4.0
T0004239,M01549,2026-04-09 20:00:00,Refund/Dispute,1,2026-04-10 05:28:49.991550434,9.48,4.0
T0004237,M01549,2026-04-29 09:00:00,Technical,1,2026-05-01 05:54:24.730735960,44.91,4.0
T0004238,M01549,2026-05-17 17:00:00,Payment,0,,,
T0004236,M01549,2026-05-19 08:00:00,Payment,0,,,
T0004240,M01549,2026-05-30 18:00:00,Account,0,,,
T0004241,M01550,2026-02-03 15:00:00,Operations,1,2026-02-04 07:19:19.030875247,16.32,5.0
T0004242,M01550,2026-04-23 12:00:00,Operations,1,2026-04-24 16:57:27.885800563,28.96,4.0
T0004246,M01551,2026-02-23 09:00:00,Refund/Dispute,1,2026-02-23 16:46:40.063946239,7.78,5.0
T0004248,M01551,2026-03-16 15:00:00,Operations,0,,,
T0004243,M01551,2026-04-26 13:00:00,Refund/Dispute,1,2026-04-27 00:38:18.714730999,11.64,5.0
T0004245,M01551,2026-05-01 15:00:00,Account,0,,,
T0004244,M01551,2026-05-09 13:00:00,Operations,1,2026-05-10 14:23:34.966451846,25.39,4.0
T0004247,M01551,2026-05-19 13:00:00,Account,1,2026-05-20 11:04:16.792941298,22.07,4.0
T0004249,M01552,2026-05-10 16:00:00,Refund/Dispute,1,2026-05-11 09:34:52.528281934,17.58,5.0
T0004250,M01552,2026-05-16 19:00:00,Refund/Dispute,1,2026-05-18 02:40:09.879015334,31.67,4.0
T0004252,M01553,2026-03-02 18:00:00,Technical,1,2026-03-03 06:42:48.511284058,12.71,4.0
T0004251,M01553,2026-04-10 15:00:00,Payment,1,2026-04-10 19:22:01.576120206,4.37,4.0
T0004253,M01554,2026-02-01 17:00:00,Refund/Dispute,1,2026-02-02 19:08:53.157708567,26.15,5.0
T0004257,M01554,2026-02-10 20:00:00,Payment,1,2026-02-11 20:15:09.177325289,24.25,5.0
T0004254,M01554,2026-03-13 16:00:00,Operations,1,2026-03-16 15:51:44.098616260,71.86,2.0
T0004255,M01554,2026-05-18 15:00:00,Payment,1,2026-05-19 12:34:28.831068177,21.57,4.0
T0004256,M01554,2026-05-23 11:00:00,Technical,1,2026-05-24 01:25:50.031417064,14.43,5.0
T0004259,M01556,2026-02-04 20:00:00,Technical,1,2026-02-05 05:00:10.852649391,9.0,5.0
T0004258,M01556,2026-04-11 10:00:00,Refund/Dispute,0,,,
T0004260,M01557,2026-03-05 13:00:00,Payment,1,2026-03-07 11:19:50.985065013,46.33,4.0
T0004261,M01557,2026-04-24 19:00:00,Technical,1,2026-04-25 18:34:06.834904492,23.57,4.0
T0004262,M01557,2026-05-13 19:00:00,Technical,1,2026-05-15 16:19:50.387383048,45.33,4.0
T0004263,M01557,2026-05-21 15:00:00,Operations,1,2026-05-22 00:36:46.168689164,9.61,4.0
T0004264,M01558,2026-03-10 17:00:00,Technical,1,2026-03-12 04:47:18.154776249,35.79,3.0
T0004265,M01558,2026-05-16 10:00:00,Refund/Dispute,1,2026-05-16 18:12:30.236950299,8.21,4.0
T0004266,M01559,2026-02-01 18:00:00,Operations,0,,,
T0004268,M01559,2026-02-19 16:00:00,Account,1,2026-02-20 08:04:36.153284394,16.08,3.0
T0004267,M01559,2026-04-11 11:00:00,Operations,1,2026-04-12 10:38:26.208693132,23.64,3.0
T0004269,M01559,2026-05-05 12:00:00,Payment,1,2026-05-06 21:50:57.833818148,33.85,4.0
T0004270,M01560,2026-02-28 10:00:00,Operations,1,2026-03-01 19:39:24.815189818,33.66,5.0
T0004274,M01561,2026-04-07 12:00:00,Operations,1,2026-04-07 22:03:36.780444936,10.06,4.0
T0004272,M01561,2026-04-20 17:00:00,Account,1,2026-04-21 04:56:14.998836890,11.94,5.0
T0004271,M01561,2026-04-22 10:00:00,Account,1,2026-04-24 17:08:51.366265886,55.15,4.0
T0004273,M01561,2026-04-26 10:00:00,Operations,0,,,
T0004275,M01562,2026-03-16 10:00:00,Operations,1,2026-03-16 14:50:30.038991133,4.84,5.0
T0004277,M01563,2026-02-13 15:00:00,Account,0,,,
T0004278,M01563,2026-03-26 15:00:00,Refund/Dispute,1,2026-03-27 16:46:40.156648467,25.78,4.0
T0004276,M01563,2026-05-14 12:00:00,Technical,1,2026-05-14 18:30:47.370935844,6.51,4.0
T0004279,M01564,2026-02-16 16:00:00,Payment,1,2026-02-16 21:08:49.870738471,5.15,5.0
T0004280,M01565,2026-03-18 19:00:00,Technical,1,2026-03-19 09:00:41.551954826,14.01,5.0
T0004281,M01565,2026-05-23 20:00:00,Technical,1,2026-05-24 17:46:52.668500156,21.78,4.0
T0004283,M01567,2026-02-07 17:00:00,Account,1,2026-02-08 06:29:08.326063248,13.49,4.0
T0004284,M01567,2026-04-27 15:00:00,Account,1,2026-04-28 16:55:42.421718730,25.93,4.0
T0004282,M01567,2026-05-01 15:00:00,Refund/Dispute,1,2026-05-04 15:36:40.533911420,72.61,3.0
T0004287,M01568,2026-04-20 19:00:00,Refund/Dispute,1,2026-04-22 01:09:19.620883789,30.16,4.0
T0004285,M01568,2026-05-12 10:00:00,Technical,0,,,
T0004286,M01568,2026-05-17 15:00:00,Refund/Dispute,1,2026-05-18 04:29:50.297946637,13.5,4.0
T0004289,M01569,2026-02-18 19:00:00,Account,1,2026-02-19 18:31:30.671411052,23.53,5.0
T0004291,M01569,2026-03-12 18:00:00,Payment,1,2026-03-14 12:07:04.078429597,42.12,3.0
T0004290,M01569,2026-03-14 10:00:00,Payment,1,2026-03-14 18:57:55.999063008,8.97,5.0
T0004292,M01569,2026-04-12 13:00:00,Payment,1,2026-04-13 01:44:23.559277732,12.74,5.0
T0004288,M01569,2026-05-16 12:00:00,Operations,1,2026-05-16 17:43:35.886737557,5.73,5.0
T0004300,M01570,2026-03-15 19:00:00,Technical,1,2026-03-16 08:22:24.557816438,13.37,4.0
T0004296,M01570,2026-03-29 08:00:00,Refund/Dispute,0,,,
T0004298,M01570,2026-04-09 11:00:00,Refund/Dispute,1,2026-04-10 05:59:26.026832072,18.99,3.0
T0004299,M01570,2026-04-24 09:00:00,Operations,1,2026-04-24 19:43:54.782988409,10.73,4.0
T0004297,M01570,2026-04-24 20:00:00,Payment,1,2026-04-25 16:40:53.578163683,20.68,4.0
T0004293,M01570,2026-05-02 13:00:00,Payment,1,2026-05-04 17:39:39.875602640,52.66,3.0
T0004295,M01570,2026-05-03 16:00:00,Account,1,2026-05-04 15:30:54.480365992,23.52,4.0
T0004294,M01570,2026-05-10 15:00:00,Operations,1,2026-05-12 00:24:01.841747958,33.4,4.0
T0004301,M01570,2026-05-12 13:00:00,Technical,1,2026-05-13 16:07:39.007069989,27.13,4.0
T0004302,M01571,2026-02-03 20:00:00,Operations,1,2026-02-04 22:42:48.532443951,26.71,4.0
T0004303,M01571,2026-04-17 19:00:00,Account,1,2026-04-18 02:57:19.431561510,7.96,5.0
T0004304,M01572,2026-03-05 09:00:00,Technical,1,2026-03-05 23:57:59.611623469,14.97,4.0
T0004306,M01572,2026-03-24 10:00:00,Refund/Dispute,0,,,
T0004305,M01572,2026-04-15 08:00:00,Operations,1,2026-04-16 08:32:33.460906833,24.54,4.0
T0004307,M01572,2026-05-10 10:00:00,Refund/Dispute,1,2026-05-10 20:45:52.034360144,10.76,4.0
T0004309,M01573,2026-05-10 13:00:00,Operations,1,2026-05-11 09:51:24.273406267,20.86,4.0
T0004308,M01573,2026-05-21 19:00:00,Account,1,2026-05-22 01:17:29.783646297,6.29,5.0
T0004310,M01573,2026-05-25 12:00:00,Payment,0,,,
T0004311,M01574,2026-02-03 16:00:00,Account,1,2026-02-04 05:27:16.096378032,13.45,4.0
T0004312,M01574,2026-03-28 14:00:00,Account,1,2026-03-29 02:16:37.137590706,12.28,4.0
T0004313,M01575,2026-02-20 08:00:00,Refund/Dispute,1,2026-02-20 23:17:18.404567973,15.29,5.0
T0004314,M01576,2026-02-16 11:00:00,Account,1,2026-02-16 21:38:19.259058469,10.64,5.0
T0004315,M01576,2026-03-04 11:00:00,Account,1,2026-03-05 09:10:03.672553159,22.17,4.0
T0004317,M01577,2026-04-01 11:00:00,Payment,1,2026-04-03 01:36:35.216764531,38.61,4.0
T0004316,M01577,2026-05-01 10:00:00,Account,1,2026-05-01 18:41:55.752454694,8.7,5.0
T0004318,M01578,2026-02-07 14:00:00,Operations,1,2026-02-08 23:24:48.489941350,33.41,4.0
T0004319,M01578,2026-03-12 11:00:00,Technical,1,2026-03-13 14:38:57.688132383,27.65,3.0
T0004321,M01580,2026-03-15 09:00:00,Technical,1,2026-03-15 18:58:08.223035700,9.97,5.0
T0004320,M01580,2026-05-05 13:00:00,Payment,1,2026-05-05 19:34:24.203985571,6.57,5.0
T0004323,M01581,2026-02-20 16:00:00,Refund/Dispute,0,,,
T0004322,M01581,2026-03-05 16:00:00,Account,1,2026-03-06 14:56:35.442888720,22.94,5.0
T0004324,M01581,2026-04-21 13:00:00,Refund/Dispute,1,2026-04-22 10:21:09.808334830,21.35,4.0
T0004325,M01581,2026-05-26 17:00:00,Payment,1,2026-05-28 09:47:43.762208798,40.8,3.0
T0004330,M01582,2026-02-17 18:00:00,Refund/Dispute,1,2026-02-18 17:05:21.109838481,23.09,5.0
T0004329,M01582,2026-03-17 19:00:00,Account,1,2026-03-18 11:31:54.491705929,16.53,4.0
T0004331,M01582,2026-03-18 13:00:00,Payment,1,2026-03-19 09:38:13.310825434,20.64,4.0
T0004327,M01582,2026-04-21 17:00:00,Technical,1,2026-04-21 22:47:28.647939688,5.79,4.0
T0004328,M01582,2026-04-29 15:00:00,Payment,1,2026-04-29 23:24:21.844682265,8.41,5.0
T0004326,M01582,2026-05-12 17:00:00,Operations,1,2026-05-13 03:17:37.233491470,10.29,5.0
T0004332,M01583,2026-05-05 19:00:00,Payment,1,2026-05-07 18:23:00.188361362,47.38,4.0
T0004333,M01584,2026-02-13 19:00:00,Account,1,2026-02-14 19:15:02.955500762,24.25,4.0
T0004334,M01584,2026-04-22 08:00:00,Technical,1,2026-04-23 01:55:55.463654773,17.93,5.0
T0004336,M01585,2026-02-27 11:00:00,Refund/Dispute,1,2026-02-27 22:19:35.734815487,11.33,4.0
T0004335,M01585,2026-04-29 20:00:00,Payment,1,2026-04-30 17:29:45.674601644,21.5,4.0
T0004339,M01586,2026-02-24 15:00:00,Technical,0,,,
T0004341,M01586,2026-04-17 10:00:00,Account,1,2026-04-17 21:51:07.946153859,11.85,4.0
T0004337,M01586,2026-04-19 10:00:00,Account,1,2026-04-19 15:41:29.760600598,5.69,5.0
T0004338,M01586,2026-04-28 08:00:00,Payment,1,2026-04-29 03:00:43.370502379,19.01,5.0
T0004340,M01586,2026-05-28 14:00:00,Refund/Dispute,1,2026-05-29 06:38:49.758719341,16.65,5.0
T0004344,M01588,2026-03-15 10:00:00,Refund/Dispute,1,2026-03-16 04:08:25.362628533,18.14,4.0
T0004343,M01588,2026-05-04 18:00:00,Operations,0,,,
T0004342,M01588,2026-05-26 12:00:00,Payment,1,2026-05-26 22:57:01.665490075,10.95,4.0
T0004348,M01589,2026-03-10 08:00:00,Account,1,2026-03-11 08:55:32.579746777,24.93,4.0
T0004347,M01589,2026-04-27 12:00:00,Payment,1,2026-04-29 12:54:22.776516684,48.91,4.0
T0004346,M01589,2026-05-02 11:00:00,Operations,1,2026-05-04 02:56:42.455035370,39.95,4.0
T0004345,M01589,2026-05-08 20:00:00,Technical,1,2026-05-11 06:31:50.784751009,58.53,3.0
T0004349,M01589,2026-05-16 15:00:00,Technical,1,2026-05-17 21:57:13.941368852,30.95,5.0
T0004353,M01590,2026-02-07 20:00:00,Operations,1,2026-02-08 05:07:32.353467661,9.13,5.0
T0004351,M01590,2026-02-10 08:00:00,Operations,1,2026-02-11 19:02:59.668697443,35.05,3.0
T0004352,M01590,2026-02-18 08:00:00,Account,1,2026-02-19 06:38:46.063965260,22.65,5.0
T0004350,M01590,2026-05-22 19:00:00,Technical,0,,,
T0004354,M01591,2026-02-03 19:00:00,Operations,1,2026-02-05 04:37:50.146283132,33.63,4.0
T0004355,M01592,2026-03-19 13:00:00,Refund/Dispute,1,2026-03-20 07:42:05.221882612,18.7,4.0
T0004359,M01593,2026-02-28 19:00:00,Refund/Dispute,1,2026-03-01 20:04:14.732912240,25.07,4.0
T0004360,M01593,2026-03-01 18:00:00,Account,1,2026-03-02 21:15:11.846994415,27.25,5.0
T0004357,M01593,2026-04-16 18:00:00,Account,1,2026-04-17 18:46:08.732178602,24.77,5.0
T0004356,M01593,2026-05-04 15:00:00,Account,1,2026-05-06 09:18:37.824101636,42.31,4.0
T0004358,M01593,2026-05-27 13:00:00,Account,1,2026-05-28 07:16:46.922979860,18.28,4.0
T0004365,M01594,2026-02-05 20:00:00,Operations,1,2026-02-06 12:37:37.655707202,16.63,5.0
T0004366,M01594,2026-02-16 12:00:00,Account,1,2026-02-17 01:19:30.707354510,13.33,5.0
T0004361,M01594,2026-03-20 12:00:00,Account,0,,,
T0004362,M01594,2026-03-29 17:00:00,Payment,1,2026-03-30 02:25:31.867865029,9.43,5.0
T0004363,M01594,2026-05-07 17:00:00,Payment,1,2026-05-08 03:51:17.832352514,10.85,5.0
T0004364,M01594,2026-05-15 16:00:00,Operations,1,2026-05-16 07:48:02.817855079,15.8,4.0
T0004368,M01595,2026-04-18 11:00:00,Payment,1,2026-04-18 15:41:37.566899217,4.69,5.0
T0004367,M01595,2026-05-22 10:00:00,Operations,0,,,
T0004372,M01596,2026-02-06 12:00:00,Technical,1,2026-02-08 19:17:04.097881874,55.28,3.0
T0004369,M01596,2026-02-21 17:00:00,Refund/Dispute,1,2026-02-22 12:39:58.617999122,19.67,4.0
T0004373,M01596,2026-03-23 15:00:00,Account,1,2026-03-24 13:32:59.387748576,22.55,3.0
T0004371,M01596,2026-03-27 17:00:00,Payment,1,2026-03-29 08:09:11.106439106,39.15,4.0
T0004370,M01596,2026-05-08 14:00:00,Operations,1,2026-05-08 21:34:03.472762533,7.57,4.0
T0004374,M01596,2026-05-21 09:00:00,Operations,1,2026-05-23 07:38:41.183917814,46.64,3.0
T0004375,M01597,2026-04-29 10:00:00,Account,1,2026-04-30 01:30:48.115668326,15.51,4.0
T0004380,M01598,2026-02-11 19:00:00,Technical,1,2026-02-12 01:16:09.593057190,6.27,4.0
T0004376,M01598,2026-02-17 11:00:00,Payment,1,2026-02-18 09:46:07.733136230,22.77,4.0
T0004377,M01598,2026-04-21 19:00:00,Operations,1,2026-04-23 14:12:00.218755904,43.2,3.0
T0004379,M01598,2026-05-02 12:00:00,Refund/Dispute,1,2026-05-02 18:03:32.134368117,6.06,4.0
T0004378,M01598,2026-05-14 08:00:00,Technical,1,2026-05-14 20:02:22.367820634,12.04,5.0
T0004381,M01599,2026-04-21 12:00:00,Payment,1,2026-04-22 06:57:22.148422966,18.96,4.0
T0004383,M01600,2026-02-13 14:00:00,Refund/Dispute,1,2026-02-15 05:19:18.587186158,39.32,4.0
T0004382,M01600,2026-02-25 16:00:00,Payment,0,,,
T0004384,M01601,2026-03-15 19:00:00,Operations,1,2026-03-16 07:14:20.404061494,12.24,5.0
T0004385,M01601,2026-03-23 20:00:00,Operations,1,2026-03-24 14:00:47.296778691,18.01,5.0
T0004386,M01601,2026-04-09 15:00:00,Technical,0,,,
T0004389,M01602,2026-02-02 13:00:00,Operations,1,2026-02-03 02:30:37.971133822,13.51,4.0
T0004391,M01602,2026-02-05 16:00:00,Refund/Dispute,1,2026-02-05 21:06:43.219804172,5.11,4.0
T0004388,M01602,2026-05-18 19:00:00,Technical,1,2026-05-19 11:01:29.758755939,16.02,4.0
T0004390,M01602,2026-05-26 15:00:00,Account,0,,,
T0004387,M01602,2026-05-27 17:00:00,Operations,1,2026-05-28 08:11:49.605187297,15.2,3.0
T0004392,M01603,2026-02-25 09:00:00,Technical,1,2026-02-26 03:11:28.907354839,18.19,5.0
T0004393,M01603,2026-04-16 17:00:00,Refund/Dispute,1,2026-04-17 14:20:56.972166810,21.35,4.0
T0004395,M01604,2026-03-30 16:00:00,Payment,1,2026-03-31 04:14:38.553348822,12.24,5.0
T0004394,M01604,2026-04-19 13:00:00,Payment,1,2026-04-20 00:35:15.451592136,11.59,5.0
T0004396,M01605,2026-02-02 18:00:00,Account,1,2026-02-04 03:03:52.267510130,33.06,4.0
T0004397,M01605,2026-03-24 13:00:00,Technical,0,,,
T0004399,M01606,2026-03-11 14:00:00,Technical,1,2026-03-12 14:13:57.124231622,24.23,4.0
T0004398,M01606,2026-03-13 14:00:00,Refund/Dispute,1,2026-03-14 02:32:18.114455076,12.54,5.0
T0004400,M01606,2026-05-04 16:00:00,Refund/Dispute,0,,,
T0004403,M01607,2026-02-18 10:00:00,Technical,0,,,
T0004401,M01607,2026-03-10 15:00:00,Payment,1,2026-03-11 04:27:49.179770517,13.46,4.0
T0004402,M01607,2026-05-05 16:00:00,Operations,1,2026-05-06 04:07:39.125090981,12.13,4.0
T0004404,M01609,2026-02-12 10:00:00,Refund/Dispute,1,2026-02-12 20:20:12.797213827,10.34,4.0
T0004406,M01610,2026-02-20 17:00:00,Refund/Dispute,1,2026-02-21 06:34:33.403117944,13.58,4.0
T0004405,M01610,2026-05-23 10:00:00,Technical,1,2026-05-24 09:35:18.223976904,23.59,4.0
T0004407,M01610,2026-05-23 17:00:00,Refund/Dispute,1,2026-05-24 21:11:44.505216207,28.2,4.0
T0004408,M01611,2026-03-08 08:00:00,Technical,1,2026-03-10 07:36:16.018542215,47.6,4.0
T0004409,M01611,2026-03-18 16:00:00,Refund/Dispute,1,2026-03-19 09:24:06.881005566,17.4,5.0
T0004410,M01611,2026-04-14 10:00:00,Technical,0,,,
T0004412,M01612,2026-02-28 13:00:00,Technical,1,2026-03-01 04:04:19.523104730,15.07,5.0
T0004411,M01612,2026-05-24 15:00:00,Payment,1,2026-05-25 07:11:26.021179014,16.19,5.0
T0004415,M01613,2026-03-04 10:00:00,Refund/Dispute,1,2026-03-05 00:56:53.540972008,14.95,5.0
T0004414,M01613,2026-04-06 19:00:00,Technical,1,2026-04-07 14:48:19.013782561,19.81,4.0
T0004413,M01613,2026-04-15 09:00:00,Account,0,,,
T0004416,M01614,2026-02-20 17:00:00,Payment,1,2026-02-21 03:44:20.124713612,10.74,4.0
T0004419,M01614,2026-03-15 12:00:00,Operations,1,2026-03-15 17:46:26.137698715,5.77,5.0
T0004418,M01614,2026-04-15 10:00:00,Technical,1,2026-04-15 16:04:36.076481472,6.08,5.0
T0004417,M01614,2026-05-11 08:00:00,Operations,1,2026-05-11 20:15:35.688341131,12.26,5.0
T0004422,M01615,2026-05-05 10:00:00,Technical,1,2026-05-06 01:25:55.270475580,15.43,4.0
T0004420,M01615,2026-05-06 12:00:00,Account,1,2026-05-06 22:19:05.596295253,10.32,4.0
T0004421,M01615,2026-05-12 17:00:00,Operations,1,2026-05-13 08:23:22.727923911,15.39,5.0
T0004424,M01616,2026-02-04 18:00:00,Payment,1,2026-02-05 09:42:35.161534893,15.71,5.0
T0004423,M01616,2026-03-06 13:00:00,Technical,1,2026-03-07 12:09:25.766570401,23.16,4.0
T0004426,M01616,2026-04-20 12:00:00,Technical,0,,,
T0004425,M01616,2026-05-21 19:00:00,Technical,1,2026-05-22 10:41:55.143618630,15.7,5.0
T0004427,M01617,2026-02-23 09:00:00,Payment,1,2026-02-23 21:43:34.313675026,12.73,4.0
T0004428,M01617,2026-03-27 11:00:00,Account,1,2026-03-28 00:37:19.592352757,13.62,4.0
T0004431,M01618,2026-02-28 13:00:00,Operations,1,2026-03-01 13:18:16.808915296,24.3,4.0
T0004429,M01618,2026-03-24 09:00:00,Payment,1,2026-03-24 14:44:05.010607669,5.73,4.0
T0004430,M01618,2026-04-13 16:00:00,Operations,1,2026-04-14 07:40:12.637933744,15.67,4.0
T0004432,M01619,2026-02-08 18:00:00,Account,0,,,
T0004433,M01619,2026-04-14 17:00:00,Operations,1,2026-04-15 10:44:14.007143673,17.74,5.0
T0004434,M01619,2026-05-26 17:00:00,Account,1,2026-05-27 15:18:21.678161619,22.31,4.0
T0004437,M01620,2026-03-13 09:00:00,Payment,1,2026-03-16 03:52:31.411848745,66.88,2.0
T0004435,M01620,2026-05-14 14:00:00,Technical,1,2026-05-15 03:11:56.964172621,13.2,5.0
T0004436,M01620,2026-05-21 08:00:00,Operations,1,2026-05-23 22:47:14.907639656,62.79,3.0
T0004439,M01621,2026-02-06 13:00:00,Operations,1,2026-02-08 02:19:36.247664478,37.33,3.0
T0004441,M01621,2026-02-15 20:00:00,Operations,1,2026-02-16 15:11:25.145469952,19.19,4.0
T0004440,M01621,2026-03-07 09:00:00,Account,0,,,
T0004438,M01621,2026-05-27 14:00:00,Refund/Dispute,0,,,
T0004442,M01622,2026-03-12 11:00:00,Account,1,2026-03-13 20:20:51.602096893,33.35,4.0
T0004443,M01622,2026-03-19 16:00:00,Refund/Dispute,1,2026-03-20 00:12:36.492842156,8.21,5.0
T0004446,M01623,2026-03-08 17:00:00,Refund/Dispute,0,,,
T0004447,M01623,2026-03-14 08:00:00,Account,1,2026-03-14 23:12:40.557592213,15.21,4.0
T0004444,M01623,2026-04-16 09:00:00,Refund/Dispute,1,2026-04-17 04:21:12.218167414,19.35,3.0
T0004445,M01623,2026-05-20 08:00:00,Payment,1,2026-05-22 05:57:10.733592387,45.95,3.0
T0004453,M01624,2026-02-25 17:00:00,Account,1,2026-02-27 16:53:35.955822973,47.89,3.0
T0004452,M01624,2026-02-27 17:00:00,Payment,1,2026-02-28 22:08:15.949750765,29.14,3.0
T0004449,M01624,2026-03-13 09:00:00,Account,0,,,
T0004451,M01624,2026-03-31 13:00:00,Technical,1,2026-04-03 08:51:36.910507392,67.86,2.0
T0004450,M01624,2026-04-30 11:00:00,Refund/Dispute,1,2026-05-02 11:20:45.217294908,48.35,3.0
T0004448,M01624,2026-05-01 14:00:00,Payment,1,2026-05-02 18:04:50.794446360,28.08,5.0
T0004454,M01626,2026-02-01 10:00:00,Operations,1,2026-02-03 11:53:15.731533500,49.89,3.0
T0004456,M01626,2026-03-22 08:00:00,Technical,1,2026-03-22 17:23:34.759882521,9.39,5.0
T0004455,M01626,2026-04-11 12:00:00,Payment,1,2026-04-12 07:04:28.647894741,19.07,4.0
T0004459,M01627,2026-03-02 11:00:00,Technical,1,2026-03-04 03:20:31.435186412,40.34,3.0
T0004457,M01627,2026-05-02 17:00:00,Account,1,2026-05-03 20:56:53.516484016,27.95,5.0
T0004458,M01627,2026-05-05 16:00:00,Technical,1,2026-05-05 20:03:32.907264451,4.06,5.0
T0004461,M01628,2026-02-09 17:00:00,Operations,1,2026-02-10 13:11:39.041123672,20.19,4.0
T0004460,M01628,2026-02-10 09:00:00,Account,0,,,
T0004465,M01629,2026-03-21 13:00:00,Technical,1,2026-03-22 06:24:47.850234674,17.41,4.0
T0004462,M01629,2026-03-25 20:00:00,Technical,1,2026-03-26 07:28:21.168195801,11.47,4.0
T0004464,M01629,2026-04-21 08:00:00,Technical,1,2026-04-22 05:01:56.886627270,21.03,4.0
T0004463,M01629,2026-05-21 18:00:00,Operations,1,2026-05-22 03:22:40.915558531,9.38,4.0
T0004467,M01630,2026-02-21 15:00:00,Refund/Dispute,1,2026-02-23 14:57:34.862332150,47.96,3.0
T0004466,M01630,2026-03-24 13:00:00,Payment,0,,,
T0004470,M01631,2026-02-15 15:00:00,Refund/Dispute,1,2026-02-17 03:04:31.609063070,36.08,4.0
T0004469,M01631,2026-03-28 11:00:00,Account,1,2026-03-29 20:07:51.542730519,33.13,4.0
T0004468,M01631,2026-05-13 11:00:00,Refund/Dispute,1,2026-05-14 15:36:57.485183180,28.62,5.0
T0004471,M01631,2026-05-25 20:00:00,Refund/Dispute,1,2026-05-27 08:51:43.054084962,36.86,4.0
T0004472,M01632,2026-02-18 18:00:00,Operations,1,2026-02-19 12:35:35.078627342,18.59,4.0
T0004473,M01632,2026-04-21 08:00:00,Refund/Dispute,1,2026-04-21 22:21:32.252089528,14.36,4.0
T0004477,M01633,2026-02-06 12:00:00,Technical,1,2026-02-07 14:53:04.607177892,26.88,4.0
T0004474,M01633,2026-05-02 12:00:00,Payment,1,2026-05-02 23:18:14.300906522,11.3,4.0
T0004475,M01633,2026-05-11 18:00:00,Technical,0,,,
T0004476,M01633,2026-05-22 20:00:00,Operations,1,2026-05-23 17:33:42.200021023,21.56,4.0
T0004478,M01634,2026-03-20 18:00:00,Refund/Dispute,1,2026-03-22 09:16:04.409031709,39.27,4.0
T0004479,M01634,2026-04-27 09:00:00,Refund/Dispute,1,2026-04-27 15:20:53.491123910,6.35,5.0
T0004480,M01635,2026-02-13 13:00:00,Operations,1,2026-02-13 22:09:38.865727411,9.16,4.0
T0004482,M01636,2026-04-06 09:00:00,Technical,0,,,
T0004481,M01636,2026-04-08 18:00:00,Refund/Dispute,1,2026-04-09 15:45:40.387717965,21.76,5.0
T0004484,M01637,2026-02-17 08:00:00,Account,1,2026-02-18 21:53:13.756103379,37.89,5.0
T0004485,M01637,2026-04-01 18:00:00,Refund/Dispute,0,,,
T0004483,M01637,2026-05-16 09:00:00,Operations,0,,,
T0004488,M01638,2026-02-07 11:00:00,Operations,1,2026-02-07 22:33:19.999502769,11.56,4.0
T0004486,M01638,2026-02-28 18:00:00,Operations,1,2026-03-01 08:50:02.587465525,14.83,5.0
T0004489,M01638,2026-03-02 17:00:00,Technical,1,2026-03-05 03:42:16.898879358,58.7,3.0
T0004487,M01638,2026-03-29 17:00:00,Account,1,2026-03-30 09:23:02.158575928,16.38,4.0
T0004492,M01640,2026-03-05 13:00:00,Refund/Dispute,1,2026-03-06 19:40:19.896477092,30.67,5.0
T0004490,M01640,2026-03-26 11:00:00,Operations,1,2026-03-27 05:53:17.157436983,18.89,4.0
T0004491,M01640,2026-05-03 08:00:00,Technical,1,2026-05-04 11:03:59.282653147,27.07,4.0
T0004495,M01641,2026-02-24 10:00:00,Operations,1,2026-02-25 00:47:25.454076021,14.79,5.0
T0004493,M01641,2026-05-03 17:00:00,Refund/Dispute,1,2026-05-03 23:33:08.367239696,6.55,5.0
T0004494,M01641,2026-05-13 15:00:00,Technical,1,2026-05-14 02:27:07.490503735,11.45,5.0
T0004497,M01642,2026-02-14 10:00:00,Refund/Dispute,1,2026-02-14 19:33:17.090948876,9.55,5.0
T0004498,M01642,2026-02-26 09:00:00,Operations,1,2026-02-26 19:53:21.134890762,10.89,4.0
T0004499,M01642,2026-04-01 12:00:00,Account,1,2026-04-04 21:24:02.958932984,81.4,3.0
T0004496,M01642,2026-04-23 15:00:00,Payment,0,,,
T0004502,M01643,2026-02-28 11:00:00,Technical,1,2026-03-01 19:28:16.942092373,32.47,3.0
T0004500,M01643,2026-03-13 15:00:00,Account,1,2026-03-14 23:04:01.281860036,32.07,3.0
T0004501,M01643,2026-04-04 19:00:00,Operations,1,2026-04-05 22:24:24.496608589,27.41,4.0
T0004505,M01644,2026-02-02 17:00:00,Payment,1,2026-02-05 02:42:47.153981707,57.71,3.0
T0004506,M01644,2026-03-08 18:00:00,Payment,1,2026-03-10 09:14:49.007334123,39.25,4.0
T0004508,M01644,2026-04-13 19:00:00,Refund/Dispute,1,2026-04-14 17:45:53.277796710,22.76,5.0
T0004507,M01644,2026-05-13 16:00:00,Technical,1,2026-05-16 01:52:28.941918999,57.87,3.0
T0004503,M01644,2026-05-14 11:00:00,Payment,0,,,
T0004504,M01644,2026-05-23 12:00:00,Technical,1,2026-05-26 03:11:40.623767746,63.19,3.0
T0004511,M01645,2026-02-12 18:00:00,Payment,1,2026-02-13 06:56:22.151818975,12.94,5.0
T0004510,M01645,2026-04-28 16:00:00,Refund/Dispute,1,2026-04-28 23:58:32.349402364,7.98,5.0
T0004509,M01645,2026-05-12 09:00:00,Refund/Dispute,1,2026-05-12 15:31:33.756326065,6.53,5.0
T0004514,M01646,2026-03-23 11:00:00,Payment,1,2026-03-24 22:05:45.663704059,35.1,4.0
T0004513,M01646,2026-04-05 12:00:00,Refund/Dispute,1,2026-04-06 07:45:35.069674842,19.76,3.0
T0004515,M01646,2026-04-20 12:00:00,Account,1,2026-04-21 16:57:34.166894223,28.96,4.0
T0004512,M01646,2026-05-20 11:00:00,Payment,0,,,
T0004517,M01647,2026-03-07 12:00:00,Payment,1,2026-03-07 23:29:40.976873386,11.49,5.0
T0004516,M01647,2026-03-11 09:00:00,Refund/Dispute,1,2026-03-11 21:19:30.741148095,12.33,4.0
T0004519,M01648,2026-03-12 10:00:00,Refund/Dispute,0,,,
T0004518,M01648,2026-05-12 16:00:00,Payment,1,2026-05-12 23:24:10.441394110,7.4,4.0
T0004522,M01649,2026-02-06 20:00:00,Operations,0,,,
T0004521,M01649,2026-02-25 10:00:00,Refund/Dispute,1,2026-02-26 15:44:27.371845971,29.74,5.0
T0004520,M01649,2026-04-02 17:00:00,Technical,1,2026-04-03 20:53:56.453543570,27.9,5.0
T0004524,M01650,2026-05-07 17:00:00,Technical,1,2026-05-08 18:10:13.463259330,25.17,5.0
T0004523,M01650,2026-05-24 17:00:00,Account,1,2026-05-25 12:34:54.827385391,19.58,4.0
T0004525,M01651,2026-02-20 10:00:00,Technical,1,2026-02-21 20:42:07.314504278,34.7,4.0
T0004526,M01651,2026-03-03 10:00:00,Operations,0,,,
T0004527,M01651,2026-04-06 13:00:00,Account,1,2026-04-08 06:34:15.613685691,41.57,4.0
T0004528,M01651,2026-04-08 19:00:00,Payment,1,2026-04-10 01:08:19.296479781,30.14,3.0
T0004531,M01652,2026-03-03 18:00:00,Refund/Dispute,1,2026-03-05 15:07:47.505715305,45.13,3.0
T0004529,M01652,2026-04-01 18:00:00,Payment,1,2026-04-02 17:35:10.631860569,23.59,4.0
T0004530,M01652,2026-05-10 16:00:00,Refund/Dispute,1,2026-05-11 06:48:27.406431208,14.81,5.0
T0004533,M01653,2026-02-16 13:00:00,Technical,0,,,
T0004532,M01653,2026-05-12 18:00:00,Technical,1,2026-05-15 01:46:41.293170775,55.78,3.0
T0004534,M01654,2026-04-25 14:00:00,Refund/Dispute,1,2026-04-27 17:08:39.589698958,51.14,4.0
T0004535,M01654,2026-05-24 10:00:00,Operations,1,2026-05-26 03:28:38.781786280,41.48,4.0
T0004536,M01654,2026-05-27 15:00:00,Operations,1,2026-05-27 21:55:22.346884560,6.92,5.0
T0004539,M01655,2026-02-08 20:00:00,Refund/Dispute,1,2026-02-09 05:33:42.762388874,9.56,4.0
T0004538,M01655,2026-03-21 09:00:00,Refund/Dispute,1,2026-03-22 21:42:00.641095376,36.7,5.0
T0004537,M01655,2026-05-23 20:00:00,Operations,1,2026-05-25 10:58:50.652715386,38.98,5.0
T0004540,M01656,2026-02-27 18:00:00,Payment,1,2026-02-28 03:54:30.631975225,9.91,4.0
T0004541,M01656,2026-04-04 12:00:00,Technical,0,,,
T0004542,M01657,2026-03-18 12:00:00,Account,1,2026-03-19 11:41:14.267965250,23.69,3.0
T0004543,M01657,2026-04-25 16:00:00,Operations,1,2026-04-26 06:04:27.898686454,14.07,4.0
T0004544,M01657,2026-05-07 17:00:00,Payment,1,2026-05-08 05:12:27.715164505,12.21,5.0
T0004545,M01658,2026-03-01 11:00:00,Account,1,2026-03-03 07:56:15.101974100,44.94,3.0
T0004546,M01658,2026-03-10 19:00:00,Technical,1,2026-03-11 15:39:27.549784242,20.66,4.0
T0004548,M01659,2026-02-15 18:00:00,Payment,1,2026-02-16 16:52:56.304463695,22.88,4.0
T0004550,M01659,2026-03-17 11:00:00,Refund/Dispute,0,,,
T0004547,M01659,2026-05-06 11:00:00,Technical,1,2026-05-07 00:38:28.896754070,13.64,5.0
T0004549,M01659,2026-05-27 15:00:00,Account,0,,,
T0004551,M01661,2026-02-17 17:00:00,Refund/Dispute,1,2026-02-18 00:59:09.688695136,7.99,5.0
T0004553,M01662,2026-02-03 08:00:00,Operations,1,2026-02-03 16:14:10.982235534,8.24,5.0
T0004554,M01662,2026-02-14 20:00:00,Refund/Dispute,0,,,
T0004555,M01662,2026-03-01 16:00:00,Payment,1,2026-03-02 07:04:18.270175022,15.07,5.0
T0004552,M01662,2026-03-22 20:00:00,Payment,1,2026-03-23 19:29:18.883536709,23.49,5.0
T0004556,M01662,2026-04-27 17:00:00,Account,1,2026-04-28 03:17:49.321996821,10.3,5.0
T0004558,M01663,2026-02-04 20:00:00,Technical,1,2026-02-05 19:33:34.316180787,23.56,4.0
T0004557,M01663,2026-02-12 12:00:00,Operations,1,2026-02-13 08:21:15.064407907,20.35,4.0
T0004561,M01663,2026-03-19 16:00:00,Technical,1,2026-03-21 05:02:35.428077099,37.04,4.0
T0004559,M01663,2026-03-25 08:00:00,Payment,1,2026-03-26 05:45:46.321779711,21.76,5.0
T0004560,M01663,2026-05-23 09:00:00,Payment,1,2026-05-23 23:32:36.729310761,14.54,4.0
T0004563,M01664,2026-03-18 17:00:00,Operations,1,2026-03-19 00:52:23.506706719,7.87,5.0
T0004566,M01664,2026-04-13 18:00:00,Technical,1,2026-04-14 20:48:18.024588813,26.81,4.0
T0004564,M01664,2026-04-29 15:00:00,Refund/Dispute,1,2026-05-01 01:07:26.505849367,34.12,4.0
T0004562,M01664,2026-05-25 19:00:00,Refund/Dispute,1,2026-05-26 16:51:53.957647886,21.86,5.0
T0004565,M01664,2026-05-30 08:00:00,Account,1,2026-05-30 14:01:03.112283308,6.02,5.0
T0004570,M01666,2026-02-01 09:00:00,Operations,1,2026-02-02 07:31:05.935282766,22.52,4.0
T0004567,M01666,2026-02-21 12:00:00,Payment,1,2026-02-22 01:06:41.173753564,13.11,5.0
T0004569,M01666,2026-04-23 11:00:00,Technical,1,2026-04-24 23:51:46.652737784,36.86,4.0
T0004568,M01666,2026-05-24 16:00:00,Refund/Dispute,0,,,
T0004571,M01667,2026-05-07 13:00:00,Technical,1,2026-05-08 07:21:07.587509500,18.35,4.0
T0004572,M01667,2026-05-09 09:00:00,Operations,1,2026-05-09 21:25:04.433649315,12.42,5.0
T0004575,M01668,2026-02-09 17:00:00,Refund/Dispute,1,2026-02-10 04:16:17.589303620,11.27,5.0
T0004576,M01668,2026-02-19 18:00:00,Operations,0,,,
T0004577,M01668,2026-03-18 13:00:00,Refund/Dispute,1,2026-03-18 23:06:50.229408240,10.11,4.0
T0004574,M01668,2026-05-08 08:00:00,Operations,1,2026-05-11 23:56:01.733420677,87.93,2.0
T0004573,M01668,2026-05-30 09:00:00,Technical,1,2026-05-31 00:32:08.260589580,15.54,5.0
T0004578,M01669,2026-05-31 14:00:00,Payment,0,,,
T0004580,M01670,2026-02-03 11:00:00,Payment,1,2026-02-03 22:04:06.226437018,11.07,4.0
T0004581,M01670,2026-03-26 20:00:00,Operations,0,,,
T0004579,M01670,2026-05-10 08:00:00,Technical,1,2026-05-11 14:33:24.326277037,30.56,4.0
T0004582,M01671,2026-03-10 10:00:00,Account,1,2026-03-12 07:42:20.987225596,45.71,3.0
T0004583,M01671,2026-04-01 11:00:00,Refund/Dispute,1,2026-04-02 04:21:02.620927461,17.35,4.0
T0004586,M01672,2026-02-08 09:00:00,Operations,1,2026-02-11 16:09:39.856110606,79.16,2.0
T0004584,M01672,2026-02-08 11:00:00,Payment,0,,,
T0004585,M01672,2026-03-14 14:00:00,Operations,1,2026-03-16 13:43:56.029298790,47.73,3.0
T0004587,M01672,2026-03-21 10:00:00,Operations,1,2026-03-21 19:02:13.061701060,9.04,5.0
T0004589,M01673,2026-05-01 09:00:00,Operations,0,,,
T0004588,M01673,2026-05-19 15:00:00,Refund/Dispute,1,2026-05-20 02:21:41.980884361,11.36,4.0
T0004596,M01674,2026-02-07 11:00:00,Operations,1,2026-02-08 04:20:26.537505655,17.34,4.0
T0004595,M01674,2026-02-07 12:00:00,Technical,1,2026-02-08 03:11:50.929172854,15.2,4.0
T0004590,M01674,2026-03-09 20:00:00,Operations,1,2026-03-10 18:50:15.948410568,22.84,4.0
T0004594,M01674,2026-03-28 19:00:00,Account,1,2026-03-29 11:42:16.892357119,16.7,4.0
T0004592,M01674,2026-04-13 10:00:00,Refund/Dispute,1,2026-04-14 05:38:46.940565580,19.65,5.0
T0004593,M01674,2026-05-08 19:00:00,Payment,0,,,
T0004591,M01674,2026-05-11 17:00:00,Account,0,,,
T0004598,M01675,2026-02-22 19:00:00,Refund/Dispute,1,2026-02-24 19:17:43.661456300,48.3,3.0
T0004599,M01675,2026-03-29 14:00:00,Account,1,2026-03-30 11:30:21.411216867,21.51,3.0
T0004600,M01675,2026-04-13 09:00:00,Account,1,2026-04-14 15:42:00.989123256,30.7,4.0
T0004597,M01675,2026-04-27 15:00:00,Operations,1,2026-04-29 16:23:34.943745901,49.39,3.0
T0004603,M01676,2026-02-14 18:00:00,Operations,1,2026-02-14 23:37:27.664881081,5.62,5.0
T0004601,M01676,2026-03-28 14:00:00,Account,0,,,
T0004602,M01676,2026-05-21 20:00:00,Payment,1,2026-05-22 03:45:08.565308139,7.75,5.0
T0004604,M01677,2026-05-10 19:00:00,Refund/Dispute,1,2026-05-11 07:55:08.132250777,12.92,5.0
T0004605,M01677,2026-05-19 12:00:00,Operations,1,2026-05-20 05:29:05.194608432,17.48,4.0
T0004607,M01678,2026-03-04 15:00:00,Refund/Dispute,0,,,
T0004606,M01678,2026-03-24 14:00:00,Refund/Dispute,1,2026-03-25 22:48:54.432081450,32.82,3.0
T0004609,M01679,2026-03-08 17:00:00,Technical,0,,,
T0004608,M01679,2026-05-27 19:00:00,Operations,1,2026-05-28 20:02:19.580577435,25.04,5.0
T0004610,M01680,2026-03-14 14:00:00,Technical,0,,,
T0004612,M01680,2026-04-20 13:00:00,Refund/Dispute,0,,,
T0004611,M01680,2026-05-04 16:00:00,Payment,0,,,
T0004615,M01681,2026-04-04 16:00:00,Account,0,,,
T0004614,M01681,2026-05-24 17:00:00,Operations,1,2026-05-25 23:22:11.607060475,30.37,4.0
T0004613,M01681,2026-05-24 18:00:00,Account,1,2026-05-25 15:13:57.646454026,21.23,3.0
T0004617,M01683,2026-02-12 14:00:00,Account,1,2026-02-13 17:36:59.355238356,27.62,4.0
T0004619,M01683,2026-02-15 18:00:00,Technical,1,2026-02-17 07:10:31.546284693,37.18,4.0
T0004620,M01683,2026-02-16 20:00:00,Operations,1,2026-02-17 15:38:22.674596143,19.64,5.0
T0004623,M01683,2026-02-20 16:00:00,Refund/Dispute,0,,,
T0004618,M01683,2026-02-23 16:00:00,Payment,1,2026-02-24 21:30:05.994174146,29.5,4.0
T0004622,M01683,2026-03-05 18:00:00,Technical,1,2026-03-07 21:44:37.914202878,51.74,3.0
T0004616,M01683,2026-04-17 15:00:00,Refund/Dispute,0,,,
T0004621,M01683,2026-05-23 08:00:00,Operations,1,2026-05-24 03:47:01.119130324,19.78,5.0
T0004626,M01684,2026-03-28 19:00:00,Account,0,,,
T0004625,M01684,2026-04-07 11:00:00,Operations,1,2026-04-08 06:24:57.789992725,19.42,4.0
T0004624,M01684,2026-04-07 18:00:00,Account,1,2026-04-08 00:26:59.643375810,6.45,4.0
T0004629,M01685,2026-02-15 13:00:00,Refund/Dispute,1,2026-02-15 20:00:06.926760075,7.0,4.0
T0004627,M01685,2026-04-01 18:00:00,Refund/Dispute,1,2026-04-02 22:40:09.369953101,28.67,4.0
T0004628,M01685,2026-05-13 11:00:00,Refund/Dispute,1,2026-05-14 01:55:19.841002302,14.92,5.0
T0004634,M01686,2026-02-23 16:00:00,Operations,1,2026-02-24 22:29:36.806488530,30.49,4.0
T0004633,M01686,2026-03-25 11:00:00,Operations,1,2026-03-27 00:18:59.158095422,37.32,3.0
T0004635,M01686,2026-04-07 16:00:00,Account,1,2026-04-08 06:36:54.800031182,14.62,5.0
T0004632,M01686,2026-04-11 17:00:00,Payment,0,,,
T0004631,M01686,2026-05-08 12:00:00,Payment,1,2026-05-09 14:12:40.969984410,26.21,4.0
T0004630,M01686,2026-05-21 20:00:00,Technical,1,2026-05-22 14:26:56.730499357,18.45,4.0
T0004640,M01687,2026-02-28 09:00:00,Account,0,,,
T0004636,M01687,2026-03-27 16:00:00,Refund/Dispute,1,2026-03-28 11:32:07.408286800,19.54,5.0
T0004639,M01687,2026-04-11 18:00:00,Payment,0,,,
T0004638,M01687,2026-04-17 10:00:00,Operations,1,2026-04-19 15:21:16.498174741,53.35,3.0
T0004637,M01687,2026-04-23 17:00:00,Payment,1,2026-04-24 06:14:09.839399798,13.24,5.0
T0004641,M01687,2026-05-02 11:00:00,Technical,1,2026-05-03 10:46:27.691549629,23.77,5.0
T0004642,M01688,2026-03-31 12:00:00,Operations,0,,,
T0004643,M01689,2026-04-05 14:00:00,Operations,0,,,
T0004644,M01690,2026-02-06 13:00:00,Refund/Dispute,1,2026-02-07 09:50:17.391149253,20.84,2.0
T0004645,M01690,2026-05-27 18:00:00,Payment,1,2026-05-29 07:10:02.355762273,37.17,4.0
T0004646,M01691,2026-03-13 19:00:00,Technical,1,2026-03-15 04:29:23.084331136,33.49,4.0
T0004647,M01691,2026-03-30 12:00:00,Payment,1,2026-03-31 12:13:31.542152422,24.23,4.0
T0004648,M01691,2026-04-14 09:00:00,Refund/Dispute,1,2026-04-15 14:10:04.416987759,29.17,4.0
T0004649,M01692,2026-02-05 14:00:00,Payment,1,2026-02-05 22:07:17.269323808,8.12,4.0
T0004651,M01692,2026-02-06 14:00:00,Technical,1,2026-02-06 21:02:27.156408172,7.04,5.0
T0004650,M01692,2026-03-29 14:00:00,Refund/Dispute,1,2026-03-30 01:44:35.230922876,11.74,4.0
T0004653,M01693,2026-02-08 16:00:00,Account,0,,,
T0004654,M01693,2026-02-27 17:00:00,Technical,1,2026-02-28 04:57:43.081104970,11.96,4.0
T0004652,M01693,2026-04-03 14:00:00,Technical,0,,,
T0004657,M01694,2026-02-12 11:00:00,Technical,1,2026-02-14 04:31:03.326791184,41.52,4.0
T0004655,M01694,2026-02-28 14:00:00,Payment,1,2026-03-02 14:23:35.452790336,48.39,3.0
T0004656,M01694,2026-05-28 08:00:00,Refund/Dispute,1,2026-05-28 21:45:17.360009625,13.75,5.0
T0004661,M01696,2026-03-09 11:00:00,Payment,0,,,
T0004660,M01696,2026-04-17 12:00:00,Account,1,2026-04-17 16:17:33.745661566,4.29,5.0
T0004658,M01696,2026-05-07 08:00:00,Payment,1,2026-05-07 16:51:22.163866056,8.86,5.0
T0004659,M01696,2026-05-19 19:00:00,Technical,1,2026-05-20 07:26:50.865718776,12.45,4.0
T0004662,M01696,2026-05-31 19:00:00,Technical,1,2026-06-01 01:49:26.435743302,6.82,5.0
T0004666,M01697,2026-02-04 19:00:00,Refund/Dispute,1,2026-02-05 07:02:23.226856897,12.04,5.0
T0004663,M01697,2026-02-27 16:00:00,Operations,1,2026-03-01 01:37:32.705844348,33.63,4.0
T0004664,M01697,2026-04-14 18:00:00,Technical,1,2026-04-15 05:30:39.948687036,11.51,5.0
T0004665,M01697,2026-04-16 15:00:00,Operations,1,2026-04-17 21:42:47.578629268,30.71,4.0
T0004668,M01698,2026-02-16 10:00:00,Technical,0,,,
T0004667,M01698,2026-04-23 09:00:00,Payment,1,2026-04-24 23:07:33.586878928,38.13,4.0
T0004670,M01698,2026-05-25 12:00:00,Refund/Dispute,1,2026-05-26 19:41:41.996503968,31.69,4.0
T0004669,M01698,2026-05-31 14:00:00,Technical,1,2026-06-01 07:45:58.395053574,17.77,5.0
T0004671,M01699,2026-04-27 19:00:00,Operations,1,2026-04-28 20:42:23.522570474,25.71,4.0
T0004672,M01699,2026-05-23 18:00:00,Operations,0,,,
T0004673,M01700,2026-03-20 13:00:00,Operations,1,2026-03-21 09:04:25.405135050,20.07,5.0
T0004676,M01701,2026-03-05 20:00:00,Operations,1,2026-03-06 03:12:23.219546601,7.21,4.0
T0004678,M01701,2026-03-31 20:00:00,Operations,1,2026-04-01 10:12:48.261891564,14.21,3.0
T0004675,M01701,2026-04-18 18:00:00,Operations,1,2026-04-20 10:56:53.756125983,40.95,4.0
T0004677,M01701,2026-05-04 14:00:00,Refund/Dispute,1,2026-05-05 01:12:30.242754187,11.21,5.0
T0004674,M01701,2026-05-07 18:00:00,Technical,1,2026-05-08 20:14:05.424477028,26.23,3.0
T0004681,M01702,2026-02-27 16:00:00,Technical,1,2026-02-28 11:57:23.077505898,19.96,4.0
T0004679,M01702,2026-04-26 19:00:00,Payment,1,2026-04-28 02:39:23.803715131,31.66,5.0
T0004680,M01702,2026-04-28 15:00:00,Account,1,2026-04-29 03:56:19.147385529,12.94,4.0
T0004682,M01703,2026-04-12 09:00:00,Technical,0,,,
T0004684,M01704,2026-03-09 12:00:00,Technical,1,2026-03-10 10:34:27.189995872,22.57,5.0
T0004685,M01704,2026-03-10 11:00:00,Account,1,2026-03-10 15:46:12.089838313,4.77,5.0
T0004686,M01704,2026-04-11 09:00:00,Technical,1,2026-04-12 01:27:42.922558274,16.46,4.0
T0004683,M01704,2026-05-03 19:00:00,Operations,1,2026-05-04 05:10:41.204594967,10.18,5.0
T0004687,M01705,2026-02-16 14:00:00,Operations,1,2026-02-17 08:18:31.921668032,18.31,4.0
T0004688,M01706,2026-03-30 19:00:00,Refund/Dispute,1,2026-04-01 04:55:47.695383667,33.93,4.0
T0004691,M01707,2026-02-15 16:00:00,Payment,1,2026-02-16 03:29:46.980564021,11.5,4.0
T0004690,M01707,2026-03-14 14:00:00,Operations,1,2026-03-17 11:24:20.377856851,69.41,3.0
T0004689,M01707,2026-05-22 17:00:00,Operations,1,2026-05-24 09:27:10.145984932,40.45,3.0
T0004692,M01708,2026-03-22 12:00:00,Refund/Dispute,1,2026-03-23 03:21:18.304648426,15.36,5.0
T0004693,M01708,2026-05-18 12:00:00,Payment,0,,,
T0004695,M01709,2026-02-22 10:00:00,Payment,1,2026-02-22 21:46:35.465161339,11.78,5.0
T0004694,M01709,2026-04-25 16:00:00,Refund/Dispute,1,2026-04-26 03:28:24.359007990,11.47,4.0
T0004696,M01710,2026-02-26 10:00:00,Operations,0,,,
T0004697,M01710,2026-03-01 13:00:00,Account,0,,,
T0004703,M01711,2026-02-24 13:00:00,Operations,1,2026-02-25 12:24:26.843737719,23.41,5.0
T0004699,M01711,2026-03-17 16:00:00,Account,1,2026-03-19 02:03:38.825593470,34.06,3.0
T0004701,M01711,2026-03-19 14:00:00,Technical,1,2026-03-21 16:58:26.827655476,50.97,3.0
T0004704,M01711,2026-04-04 13:00:00,Payment,1,2026-04-05 03:56:23.447621918,14.94,4.0
T0004698,M01711,2026-04-24 19:00:00,Technical,1,2026-04-25 12:31:28.241155541,17.52,5.0
T0004700,M01711,2026-04-25 13:00:00,Operations,1,2026-04-25 23:43:53.877255391,10.73,4.0
T0004705,M01711,2026-05-06 16:00:00,Technical,1,2026-05-07 12:50:11.412421904,20.84,5.0
T0004702,M01711,2026-05-12 18:00:00,Technical,0,,,
T0004711,M01712,2026-03-08 14:00:00,Technical,1,2026-03-09 19:23:29.287653230,29.39,4.0
T0004706,M01712,2026-03-18 11:00:00,Account,1,2026-03-19 02:58:36.887268183,15.98,4.0
T0004708,M01712,2026-03-19 19:00:00,Refund/Dispute,1,2026-03-21 04:16:10.779835731,33.27,3.0
T0004710,M01712,2026-04-06 19:00:00,Operations,1,2026-04-07 17:56:38.925547900,22.94,4.0
T0004709,M01712,2026-04-13 09:00:00,Account,0,,,
T0004707,M01712,2026-04-17 09:00:00,Operations,1,2026-04-18 21:23:45.822494230,36.4,4.0
T0004713,M01714,2026-05-06 08:00:00,Payment,1,2026-05-06 23:00:59.761020999,15.02,5.0
T0004712,M01714,2026-05-30 17:00:00,Account,1,2026-05-31 07:24:28.330442877,14.41,5.0
T0004715,M01716,2026-03-08 13:00:00,Account,1,2026-03-08 21:12:26.911339822,8.21,5.0
T0004714,M01716,2026-03-10 12:00:00,Refund/Dispute,1,2026-03-11 01:40:38.286462450,13.68,5.0
T0004716,M01716,2026-04-19 18:00:00,Operations,0,,,
T0004717,M01716,2026-05-02 16:00:00,Technical,1,2026-05-03 02:12:27.445605480,10.21,4.0
T0004719,M01717,2026-03-17 08:00:00,Payment,1,2026-03-18 04:23:40.777819170,20.39,4.0
T0004721,M01717,2026-04-22 20:00:00,Payment,1,2026-04-23 18:24:42.381038905,22.41,5.0
T0004718,M01717,2026-05-07 10:00:00,Operations,1,2026-05-08 14:02:58.304985939,28.05,5.0
T0004720,M01717,2026-05-28 13:00:00,Refund/Dispute,0,,,
T0004722,M01718,2026-02-09 19:00:00,Payment,0,,,
T0004726,M01718,2026-02-10 16:00:00,Refund/Dispute,0,,,
T0004724,M01718,2026-02-17 08:00:00,Account,1,2026-02-20 16:36:01.632000301,80.6,2.0
T0004728,M01718,2026-04-07 08:00:00,Refund/Dispute,1,2026-04-09 13:45:38.578877154,53.76,3.0
T0004727,M01718,2026-04-10 08:00:00,Payment,1,2026-04-11 02:11:00.195582519,18.18,5.0
T0004725,M01718,2026-04-16 10:00:00,Technical,1,2026-04-18 03:32:07.670863928,41.54,4.0
T0004723,M01718,2026-05-17 14:00:00,Payment,1,2026-05-19 16:24:26.960806987,50.41,3.0
T0004729,M01718,2026-05-20 12:00:00,Operations,1,2026-05-22 06:31:13.534086518,42.52,4.0
T0004730,M01719,2026-03-17 17:00:00,Payment,1,2026-03-18 05:42:53.247023733,12.71,4.0
T0004731,M01719,2026-05-11 16:00:00,Refund/Dispute,0,,,
T0004734,M01720,2026-03-15 10:00:00,Payment,1,2026-03-15 21:17:39.468344082,11.29,5.0
T0004732,M01720,2026-03-22 17:00:00,Account,1,2026-03-23 01:52:29.199578343,8.87,4.0
T0004733,M01720,2026-04-21 10:00:00,Refund/Dispute,0,,,
T0004735,M01720,2026-04-24 20:00:00,Operations,0,,,
T0004736,M01721,2026-05-24 13:00:00,Account,1,2026-05-25 00:11:22.075749837,11.19,5.0
T0004737,M01722,2026-02-22 16:00:00,Operations,1,2026-02-24 05:08:49.621084886,37.15,4.0
T0004739,M01722,2026-02-26 18:00:00,Payment,1,2026-02-27 16:07:21.047754828,22.12,4.0
T0004738,M01722,2026-05-02 08:00:00,Account,1,2026-05-02 16:35:57.795678034,8.6,5.0
T0004741,M01723,2026-02-13 19:00:00,Payment,1,2026-02-14 09:46:36.530948863,14.78,5.0
T0004740,M01723,2026-03-24 13:00:00,Operations,1,2026-03-25 00:17:08.891478225,11.29,5.0
T0004744,M01724,2026-02-10 11:00:00,Payment,1,2026-02-10 15:28:24.605878958,4.47,4.0
T0004743,M01724,2026-03-15 14:00:00,Payment,1,2026-03-15 21:03:59.233160764,7.07,5.0
T0004742,M01724,2026-04-27 18:00:00,Refund/Dispute,1,2026-04-28 05:30:57.595185018,11.52,4.0
T0004746,M01725,2026-03-07 16:00:00,Operations,1,2026-03-08 06:35:54.334822664,14.6,4.0
T0004747,M01725,2026-03-14 08:00:00,Payment,1,2026-03-16 11:25:55.084693353,51.43,3.0
T0004745,M01725,2026-05-09 12:00:00,Operations,1,2026-05-09 22:26:34.940451303,10.44,5.0
T0004748,M01726,2026-05-15 20:00:00,Payment,1,2026-05-17 01:46:27.390478800,29.77,4.0
T0004749,M01727,2026-02-15 08:00:00,Payment,1,2026-02-16 06:59:20.420838128,22.99,4.0
T0004750,M01727,2026-05-04 19:00:00,Technical,1,2026-05-05 16:32:46.671450230,21.55,4.0
T0004752,M01728,2026-03-17 11:00:00,Technical,1,2026-03-18 01:47:15.068015293,14.79,4.0
T0004751,M01728,2026-03-25 13:00:00,Operations,1,2026-03-26 04:06:12.649057102,15.1,5.0
T0004753,M01729,2026-02-11 09:00:00,Technical,1,2026-02-12 19:26:33.262427259,34.44,4.0
T0004755,M01729,2026-04-29 15:00:00,Account,1,2026-04-30 23:15:49.723939483,32.26,4.0
T0004754,M01729,2026-05-23 20:00:00,Operations,0,,,
T0004761,M01730,2026-02-13 20:00:00,Operations,1,2026-02-14 16:58:46.834307792,20.98,4.0
T0004758,M01730,2026-02-21 09:00:00,Operations,0,,,
T0004756,M01730,2026-03-02 18:00:00,Technical,1,2026-03-03 11:11:08.935572519,17.19,4.0
T0004760,M01730,2026-03-07 15:00:00,Payment,1,2026-03-09 01:43:26.400777866,34.72,4.0
T0004759,M01730,2026-03-14 08:00:00,Refund/Dispute,1,2026-03-14 14:11:36.984220360,6.19,4.0
T0004757,M01730,2026-04-21 10:00:00,Payment,1,2026-04-22 01:58:22.468029405,15.97,5.0
T0004763,M01731,2026-02-15 10:00:00,Technical,1,2026-02-16 17:42:38.392332260,31.71,4.0
T0004762,M01731,2026-04-12 14:00:00,Technical,1,2026-04-13 15:56:32.117474554,25.94,4.0
T0004764,M01731,2026-05-23 18:00:00,Refund/Dispute,1,2026-05-24 09:42:43.454602836,15.71,4.0
T0004765,M01731,2026-05-24 08:00:00,Payment,1,2026-05-26 20:25:02.280502848,60.42,4.0
T0004767,M01732,2026-03-02 09:00:00,Account,1,2026-03-02 20:25:58.363589024,11.43,5.0
T0004766,M01732,2026-04-05 20:00:00,Technical,1,2026-04-06 00:06:23.624156412,4.11,5.0
T0004768,M01733,2026-05-31 12:00:00,Technical,1,2026-06-01 23:19:27.850867122,35.32,3.0
T0004769,M01734,2026-02-26 11:00:00,Technical,0,,,
T0004770,M01734,2026-03-17 19:00:00,Refund/Dispute,1,2026-03-18 06:02:21.851990242,11.04,5.0
T0004771,M01735,2026-05-26 17:00:00,Payment,1,2026-05-27 03:19:18.520881250,10.32,5.0
T0004772,M01735,2026-05-30 16:00:00,Account,1,2026-05-31 22:40:15.877108405,30.67,5.0
T0004773,M01736,2026-05-12 20:00:00,Operations,1,2026-05-13 09:36:23.017187750,13.61,4.0
T0004774,M01737,2026-04-26 08:00:00,Operations,0,,,
T0004776,M01738,2026-02-25 12:00:00,Technical,0,,,
T0004775,M01738,2026-05-13 19:00:00,Account,1,2026-05-14 06:45:07.078157218,11.75,4.0
T0004777,M01738,2026-05-20 17:00:00,Technical,1,2026-05-21 17:28:05.774612034,24.47,4.0
T0004779,M01739,2026-04-02 08:00:00,Account,1,2026-04-02 22:51:13.697338888,14.85,4.0
T0004780,M01739,2026-04-09 09:00:00,Payment,1,2026-04-11 08:16:58.021123116,47.28,3.0
T0004778,M01739,2026-04-25 12:00:00,Payment,0,,,
T0004783,M01740,2026-02-18 20:00:00,Payment,1,2026-02-20 00:55:26.882560408,28.92,4.0
T0004782,M01740,2026-03-11 13:00:00,Refund/Dispute,1,2026-03-12 07:34:51.255571447,18.58,4.0
T0004784,M01740,2026-03-30 08:00:00,Refund/Dispute,1,2026-04-01 00:15:12.604026013,40.25,4.0
T0004781,M01740,2026-05-13 19:00:00,Operations,1,2026-05-14 18:21:34.281654483,23.36,5.0
T0004786,M01741,2026-02-25 16:00:00,Operations,0,,,
T0004791,M01741,2026-03-12 17:00:00,Refund/Dispute,1,2026-03-15 10:48:31.886519914,65.81,2.0
T0004790,M01741,2026-03-16 16:00:00,Payment,0,,,
T0004787,M01741,2026-04-21 15:00:00,Account,0,,,
T0004788,M01741,2026-04-27 12:00:00,Technical,1,2026-04-28 09:48:36.577586887,21.81,5.0
T0004785,M01741,2026-05-06 17:00:00,Operations,1,2026-05-08 02:42:46.367515144,33.71,3.0
T0004789,M01741,2026-05-14 09:00:00,Technical,1,2026-05-14 23:10:50.243298283,14.18,5.0
T0004793,M01742,2026-03-20 17:00:00,Payment,1,2026-03-21 02:17:42.701056166,9.3,4.0
T0004792,M01742,2026-04-28 16:00:00,Account,1,2026-04-29 18:42:53.782256905,26.71,4.0
T0004795,M01743,2026-04-09 09:00:00,Refund/Dispute,1,2026-04-10 01:09:38.301807733,16.16,5.0
T0004794,M01743,2026-05-07 19:00:00,Technical,1,2026-05-08 20:52:12.475125357,25.87,4.0
T0004796,M01744,2026-03-24 10:00:00,Operations,1,2026-03-24 17:51:48.493030024,7.86,4.0
T0004797,M01744,2026-04-27 08:00:00,Account,1,2026-04-28 21:04:46.608820172,37.08,4.0
T0004799,M01745,2026-02-28 10:00:00,Refund/Dispute,1,2026-02-28 18:44:11.116101256,8.74,4.0
T0004800,M01745,2026-03-06 09:00:00,Account,1,2026-03-06 21:41:03.941923552,12.68,4.0
T0004798,M01745,2026-05-19 19:00:00,Account,1,2026-05-20 17:50:16.156322653,22.84,4.0
T0004803,M01746,2026-03-14 14:00:00,Refund/Dispute,1,2026-03-15 16:57:51.105702459,26.96,4.0
T0004802,M01746,2026-05-06 15:00:00,Payment,1,2026-05-07 03:32:35.615550278,12.54,5.0
T0004801,M01746,2026-05-16 13:00:00,Payment,1,2026-05-17 14:40:20.264756732,25.67,3.0
T0004804,M01746,2026-05-30 13:00:00,Payment,0,,,
T0004809,M01747,2026-02-01 15:00:00,Refund/Dispute,1,2026-02-02 09:46:31.696060123,18.78,5.0
T0004808,M01747,2026-02-28 08:00:00,Technical,0,,,
T0004806,M01747,2026-03-28 20:00:00,Payment,1,2026-03-29 17:53:35.564679978,21.89,4.0
T0004810,M01747,2026-04-04 18:00:00,Account,1,2026-04-06 15:12:57.317993398,45.22,4.0
T0004807,M01747,2026-04-06 12:00:00,Refund/Dispute,0,,,
T0004805,M01747,2026-04-06 13:00:00,Technical,0,,,
T0004811,M01747,2026-05-21 13:00:00,Technical,1,2026-05-22 16:32:49.834041590,27.55,4.0
T0004812,M01748,2026-04-10 09:00:00,Refund/Dispute,1,2026-04-10 21:34:15.491943696,12.57,4.0
T0004813,M01749,2026-03-10 18:00:00,Refund/Dispute,1,2026-03-13 09:24:30.305320524,63.41,2.0
T0004819,M01750,2026-02-08 17:00:00,Technical,1,2026-02-09 09:46:41.512258477,16.78,5.0
T0004817,M01750,2026-02-09 18:00:00,Refund/Dispute,0,,,
T0004815,M01750,2026-02-16 18:00:00,Account,1,2026-02-18 01:10:37.299075394,31.18,3.0
T0004816,M01750,2026-03-01 20:00:00,Refund/Dispute,1,2026-03-05 08:05:29.424185390,84.09,3.0
T0004818,M01750,2026-03-17 17:00:00,Refund/Dispute,1,2026-03-18 19:40:13.139227178,26.67,4.0
T0004814,M01750,2026-05-04 16:00:00,Refund/Dispute,1,2026-05-05 04:49:44.280433419,12.83,5.0
T0004820,M01751,2026-02-15 13:00:00,Refund/Dispute,1,2026-02-16 23:19:39.134317022,34.33,4.0
T0004821,M01751,2026-02-28 12:00:00,Payment,1,2026-03-01 18:28:19.308082504,30.47,4.0
T0004822,M01751,2026-04-01 13:00:00,Payment,1,2026-04-02 01:06:08.691969420,12.1,4.0
T0004823,M01752,2026-02-01 14:00:00,Technical,1,2026-02-02 03:46:41.282422806,13.78,5.0
T0004825,M01753,2026-02-23 12:00:00,Refund/Dispute,0,,,
T0004824,M01753,2026-04-13 16:00:00,Account,1,2026-04-15 17:42:22.740064729,49.71,3.0
T0004826,M01754,2026-02-25 18:00:00,Technical,1,2026-02-26 08:44:33.548990942,14.74,5.0
T0004827,M01754,2026-03-10 13:00:00,Technical,1,2026-03-11 03:33:09.639653659,14.55,5.0
T0004828,M01754,2026-04-30 18:00:00,Operations,1,2026-05-01 08:57:13.346996482,14.95,4.0
T0004830,M01755,2026-02-20 20:00:00,Technical,1,2026-02-23 10:54:43.814326896,62.91,4.0
T0004829,M01755,2026-03-14 15:00:00,Account,1,2026-03-15 11:45:26.399744888,20.76,3.0
T0004831,M01756,2026-02-02 12:00:00,Refund/Dispute,1,2026-02-02 19:29:26.783466860,7.49,5.0
T0004833,M01756,2026-02-03 17:00:00,Technical,1,2026-02-04 10:24:39.929348631,17.41,4.0
T0004834,M01756,2026-03-01 13:00:00,Refund/Dispute,0,,,
T0004832,M01756,2026-04-28 11:00:00,Refund/Dispute,1,2026-04-28 23:05:47.557849898,12.1,4.0
T0004836,M01757,2026-02-09 16:00:00,Technical,1,2026-02-10 21:08:09.672949968,29.14,4.0
T0004838,M01757,2026-02-11 19:00:00,Account,1,2026-02-12 02:43:19.925964879,7.72,5.0
T0004837,M01757,2026-02-17 18:00:00,Technical,1,2026-02-18 10:07:10.821793998,16.12,4.0
T0004835,M01757,2026-05-26 20:00:00,Payment,1,2026-05-28 22:00:30.529837908,50.01,4.0
T0004841,M01758,2026-02-06 15:00:00,Refund/Dispute,1,2026-02-07 15:38:51.705192768,24.65,4.0
T0004843,M01758,2026-02-07 14:00:00,Technical,1,2026-02-08 02:22:10.281195307,12.37,5.0
T0004840,M01758,2026-03-30 11:00:00,Account,1,2026-03-31 00:35:00.918705372,13.58,4.0
T0004842,M01758,2026-05-01 19:00:00,Technical,1,2026-05-02 07:56:25.947330140,12.94,5.0
T0004839,M01758,2026-05-26 18:00:00,Payment,1,2026-05-27 12:47:07.714997685,18.79,4.0
T0004844,M01759,2026-02-13 13:00:00,Refund/Dispute,1,2026-02-14 17:58:47.352494978,28.98,3.0
T0004845,M01760,2026-03-13 19:00:00,Account,1,2026-03-14 12:44:54.931181035,17.75,4.0
T0004846,M01760,2026-05-08 17:00:00,Technical,1,2026-05-09 06:35:16.974214598,13.59,3.0
T0004847,M01761,2026-02-07 14:00:00,Account,0,,,
T0004852,M01761,2026-02-23 17:00:00,Account,0,,,
T0004849,M01761,2026-03-27 13:00:00,Technical,1,2026-03-28 05:28:57.742295732,16.48,4.0
T0004850,M01761,2026-04-14 10:00:00,Account,0,,,
T0004851,M01761,2026-05-10 14:00:00,Refund/Dispute,0,,,
T0004848,M01761,2026-05-11 19:00:00,Operations,0,,,
T0004853,M01762,2026-03-04 09:00:00,Payment,1,2026-03-05 13:25:17.311684267,28.42,4.0
T0004854,M01762,2026-05-12 20:00:00,Account,1,2026-05-14 00:32:54.371116899,28.55,4.0
T0004856,M01763,2026-04-25 18:00:00,Refund/Dispute,1,2026-04-26 07:16:18.475101724,13.27,4.0
T0004855,M01763,2026-05-08 08:00:00,Operations,1,2026-05-09 06:30:55.703410934,22.52,4.0
T0004859,M01764,2026-02-23 17:00:00,Account,1,2026-02-24 07:40:22.751671270,14.67,4.0
T0004860,M01764,2026-04-08 20:00:00,Payment,1,2026-04-09 10:27:33.661020513,14.46,5.0
T0004858,M01764,2026-04-15 10:00:00,Account,1,2026-04-17 16:42:19.716848780,54.71,3.0
T0004857,M01764,2026-04-30 19:00:00,Technical,0,,,
T0004862,M01765,2026-02-28 14:00:00,Payment,0,,,
T0004863,M01765,2026-03-22 13:00:00,Operations,1,2026-03-24 00:21:43.211321200,35.36,4.0
T0004864,M01765,2026-03-31 18:00:00,Refund/Dispute,1,2026-04-03 05:37:42.488114224,59.63,3.0
T0004861,M01765,2026-04-22 17:00:00,Payment,0,,,
T0004866,M01766,2026-03-13 12:00:00,Payment,0,,,
T0004865,M01766,2026-04-28 13:00:00,Refund/Dispute,1,2026-04-28 19:31:11.435340478,6.52,4.0
T0004867,M01767,2026-02-20 13:00:00,Operations,1,2026-02-21 21:53:49.319255983,32.9,5.0
T0004869,M01767,2026-03-08 09:00:00,Payment,1,2026-03-08 16:19:24.488921384,7.32,5.0
T0004868,M01767,2026-03-11 15:00:00,Payment,1,2026-03-12 03:05:19.360136922,12.09,4.0
T0004870,M01767,2026-04-29 10:00:00,Refund/Dispute,1,2026-04-29 17:18:09.463719736,7.3,4.0
T0004876,M01768,2026-02-05 20:00:00,Operations,0,,,
T0004871,M01768,2026-02-27 20:00:00,Operations,1,2026-02-28 20:36:26.582328745,24.61,4.0
T0004875,M01768,2026-04-04 11:00:00,Account,1,2026-04-04 19:49:10.199039599,8.82,4.0
T0004874,M01768,2026-04-21 17:00:00,Operations,1,2026-04-22 12:47:54.671048718,19.8,4.0
T0004873,M01768,2026-05-04 10:00:00,Operations,1,2026-05-04 23:23:34.113844600,13.39,4.0
T0004872,M01768,2026-05-15 16:00:00,Technical,1,2026-05-16 07:06:43.273545915,15.11,4.0
T0004878,M01769,2026-04-06 08:00:00,Operations,1,2026-04-08 01:58:44.694451210,41.98,4.0
T0004877,M01769,2026-04-13 16:00:00,Technical,0,,,
T0004883,M01770,2026-02-07 18:00:00,Refund/Dispute,1,2026-02-08 02:48:42.274729346,8.81,3.0
T0004882,M01770,2026-02-20 17:00:00,Operations,1,2026-02-21 10:09:18.161022178,17.16,5.0
T0004880,M01770,2026-02-22 17:00:00,Refund/Dispute,0,,,
T0004879,M01770,2026-03-06 10:00:00,Account,1,2026-03-07 16:31:25.108838209,30.52,4.0
T0004881,M01770,2026-05-12 08:00:00,Refund/Dispute,1,2026-05-13 21:49:36.880502120,37.83,5.0
T0004885,M01771,2026-03-20 15:00:00,Refund/Dispute,1,2026-03-20 22:38:12.150016972,7.64,5.0
T0004884,M01771,2026-05-12 12:00:00,Refund/Dispute,1,2026-05-14 03:43:45.602388994,39.73,4.0
T0004886,M01772,2026-03-09 20:00:00,Refund/Dispute,1,2026-03-10 06:50:07.049150898,10.84,4.0
T0004887,M01773,2026-03-28 13:00:00,Account,1,2026-03-29 00:22:53.618268187,11.38,5.0
T0004888,M01773,2026-04-01 09:00:00,Technical,0,,,
T0004889,M01774,2026-04-30 20:00:00,Account,0,,,
T0004891,M01775,2026-02-03 09:00:00,Refund/Dispute,1,2026-02-03 21:57:53.765289842,12.96,5.0
T0004890,M01775,2026-04-29 10:00:00,Payment,1,2026-05-01 17:03:09.023819400,55.05,3.0
T0004894,M01776,2026-03-13 09:00:00,Operations,1,2026-03-14 08:59:51.851795755,24.0,4.0
T0004892,M01776,2026-05-16 12:00:00,Technical,1,2026-05-16 20:10:03.232394551,8.17,4.0
T0004893,M01776,2026-05-24 08:00:00,Operations,1,2026-05-25 05:50:17.529515142,21.84,5.0
T0004896,M01777,2026-03-04 08:00:00,Operations,1,2026-03-04 22:30:08.988188493,14.5,4.0
T0004895,M01777,2026-03-22 13:00:00,Refund/Dispute,1,2026-03-23 18:48:18.054052128,29.81,4.0
T0004897,M01777,2026-05-16 13:00:00,Payment,1,2026-05-17 10:47:25.807373703,21.79,3.0
T0004903,M01778,2026-03-16 13:00:00,Payment,1,2026-03-17 21:22:04.424084648,32.37,5.0
T0004901,M01778,2026-04-14 14:00:00,Account,1,2026-04-15 14:11:51.492492996,24.2,4.0
T0004902,M01778,2026-04-20 09:00:00,Technical,1,2026-04-20 21:52:16.446028879,12.87,5.0
T0004904,M01778,2026-04-23 14:00:00,Account,0,,,
T0004898,M01778,2026-05-03 10:00:00,Technical,1,2026-05-04 08:10:11.194552790,22.17,5.0
T0004899,M01778,2026-05-05 18:00:00,Account,1,2026-05-06 06:14:05.505632552,12.23,4.0
T0004900,M01778,2026-05-09 08:00:00,Payment,1,2026-05-09 19:16:23.647995800,11.27,5.0
T0004906,M01779,2026-02-21 11:00:00,Payment,1,2026-02-21 19:48:44.989518682,8.81,5.0
T0004905,M01779,2026-03-22 16:00:00,Technical,1,2026-03-23 03:02:48.989725180,11.05,5.0
T0004907,M01780,2026-05-28 13:00:00,Payment,1,2026-05-29 01:07:08.360908708,12.12,4.0
T0004909,M01781,2026-02-11 15:00:00,Operations,1,2026-02-12 12:48:55.895598194,21.82,4.0
T0004908,M01781,2026-03-30 10:00:00,Refund/Dispute,0,,,
T0004913,M01784,2026-02-19 20:00:00,Operations,1,2026-02-20 11:14:33.556836368,15.24,5.0
T0004911,M01784,2026-02-27 10:00:00,Payment,1,2026-02-28 06:23:59.809134811,20.4,4.0
T0004910,M01784,2026-03-26 20:00:00,Payment,1,2026-03-27 14:16:20.585919237,18.27,4.0
T0004914,M01784,2026-04-07 09:00:00,Operations,1,2026-04-08 13:08:07.265452268,28.14,4.0
T0004912,M01784,2026-04-16 20:00:00,Refund/Dispute,1,2026-04-18 02:05:19.191000271,30.09,5.0
T0004915,M01785,2026-02-18 14:00:00,Payment,1,2026-02-19 16:41:30.676716985,26.69,5.0
T0004916,M01786,2026-02-04 18:00:00,Refund/Dispute,1,2026-02-04 23:48:51.667992802,5.81,5.0
T0004917,M01786,2026-03-07 10:00:00,Operations,1,2026-03-08 02:25:03.360469742,16.42,5.0
T0004918,M01786,2026-04-02 17:00:00,Operations,1,2026-04-03 16:34:47.135678228,23.58,4.0
T0004921,M01787,2026-02-21 20:00:00,Refund/Dispute,1,2026-02-22 16:33:19.563443866,20.56,5.0
T0004920,M01787,2026-03-04 13:00:00,Refund/Dispute,1,2026-03-05 16:07:47.128262980,27.13,4.0
T0004924,M01787,2026-03-27 14:00:00,Payment,1,2026-03-29 02:27:12.939775304,36.45,4.0
T0004919,M01787,2026-04-04 19:00:00,Payment,1,2026-04-06 14:17:37.707615988,43.29,4.0
T0004923,M01787,2026-05-17 14:00:00,Technical,0,,,
T0004925,M01787,2026-05-23 15:00:00,Operations,1,2026-05-24 15:39:50.076940262,24.66,5.0
T0004922,M01787,2026-05-29 14:00:00,Refund/Dispute,1,2026-05-30 00:43:39.704895116,10.73,5.0
T0004928,M01788,2026-02-15 10:00:00,Payment,1,2026-02-16 12:07:04.336178851,26.12,4.0
T0004929,M01788,2026-03-10 09:00:00,Technical,1,2026-03-10 21:38:27.690735098,12.64,5.0
T0004926,M01788,2026-03-30 10:00:00,Operations,1,2026-03-30 14:15:05.833719572,4.25,4.0
T0004927,M01788,2026-04-04 09:00:00,Operations,1,2026-04-04 18:06:23.474818713,9.11,4.0
T0004933,M01789,2026-02-24 18:00:00,Payment,1,2026-02-25 09:10:38.756500932,15.18,4.0
T0004931,M01789,2026-02-25 09:00:00,Refund/Dispute,1,2026-02-26 02:50:34.159326349,17.84,5.0
T0004932,M01789,2026-03-24 20:00:00,Account,1,2026-03-25 04:19:29.699140710,8.32,5.0
T0004930,M01789,2026-04-22 18:00:00,Operations,0,,,
T0004934,M01789,2026-05-20 10:00:00,Account,1,2026-05-21 10:27:21.128541411,24.46,5.0
T0004936,M01790,2026-02-06 12:00:00,Technical,1,2026-02-07 01:30:10.142265704,13.5,5.0
T0004935,M01790,2026-02-22 18:00:00,Refund/Dispute,1,2026-02-25 21:37:41.707729110,75.63,1.0
T0004938,M01791,2026-03-10 11:00:00,Account,1,2026-03-11 21:43:39.700243254,34.73,5.0
T0004940,M01791,2026-04-13 13:00:00,Operations,1,2026-04-14 10:52:54.817010605,21.88,4.0
T0004941,M01791,2026-04-24 09:00:00,Payment,0,,,
T0004937,M01791,2026-04-25 17:00:00,Operations,1,2026-04-26 17:11:31.440945883,24.19,4.0
T0004939,M01791,2026-05-02 14:00:00,Operations,0,,,
T0004942,M01791,2026-05-16 15:00:00,Technical,1,2026-05-17 13:10:11.325077097,22.17,4.0
T0004943,M01792,2026-05-21 13:00:00,Operations,1,2026-05-22 04:13:41.972226124,15.23,4.0
T0004944,M01793,2026-02-27 12:00:00,Operations,1,2026-03-02 05:34:12.429742846,65.57,3.0
T0004945,M01794,2026-02-04 09:00:00,Operations,1,2026-02-04 22:05:50.826226826,13.1,5.0
T0004946,M01794,2026-02-27 15:00:00,Account,1,2026-02-28 08:51:32.067457660,17.86,4.0
T0004947,M01794,2026-03-01 08:00:00,Operations,1,2026-03-02 10:59:02.493549700,26.98,4.0
T0004948,M01794,2026-05-20 14:00:00,Account,1,2026-05-20 23:52:45.859692208,9.88,4.0
T0004950,M01795,2026-02-08 14:00:00,Account,1,2026-02-09 12:34:59.755517320,22.58,4.0
T0004949,M01795,2026-04-12 08:00:00,Refund/Dispute,1,2026-04-12 19:24:00.458326429,11.4,4.0
T0004953,M01796,2026-03-26 12:00:00,Technical,0,,,
T0004951,M01796,2026-05-15 18:00:00,Technical,1,2026-05-17 08:58:42.725164011,38.98,4.0
T0004952,M01796,2026-05-27 11:00:00,Operations,1,2026-05-28 12:37:31.879948789,25.63,5.0
T0004954,M01797,2026-04-16 20:00:00,Account,1,2026-04-17 17:44:34.779513512,21.74,5.0
T0004955,M01797,2026-05-04 12:00:00,Operations,0,,,
T0004956,M01798,2026-03-06 20:00:00,Operations,1,2026-03-07 21:52:43.311084006,25.88,4.0
T0004957,M01798,2026-03-14 11:00:00,Account,1,2026-03-16 01:01:04.191337822,38.02,4.0
T0004959,M01798,2026-04-23 10:00:00,Account,1,2026-04-24 17:12:55.877663721,31.22,4.0
T0004958,M01798,2026-05-29 13:00:00,Account,1,2026-05-30 09:38:07.385300181,20.64,3.0
T0004962,M01799,2026-05-02 15:00:00,Account,1,2026-05-03 13:14:00.258600998,22.23,3.0
T0004960,M01799,2026-05-14 12:00:00,Refund/Dispute,1,2026-05-15 06:46:13.038357630,18.77,4.0
T0004961,M01799,2026-05-14 18:00:00,Refund/Dispute,1,2026-05-15 16:29:05.633904411,22.48,4.0
T0004964,M01800,2026-04-02 12:00:00,Refund/Dispute,1,2026-04-03 13:29:07.880016166,25.49,5.0
T0004963,M01800,2026-04-29 16:00:00,Operations,1,2026-04-30 04:29:40.451535873,12.49,5.0
T0004965,M01801,2026-02-19 19:00:00,Technical,1,2026-02-20 11:36:01.968441274,16.6,4.0
T0004967,M01801,2026-03-29 10:00:00,Technical,1,2026-03-30 10:41:36.881666851,24.69,5.0
T0004968,M01801,2026-03-29 17:00:00,Refund/Dispute,1,2026-03-31 07:13:47.773971505,38.23,4.0
T0004966,M01801,2026-04-05 15:00:00,Payment,1,2026-04-07 04:03:06.723847854,37.05,4.0
T0004969,M01801,2026-05-14 11:00:00,Operations,1,2026-05-15 14:59:00.999478798,27.98,4.0
T0004970,M01802,2026-04-04 10:00:00,Operations,0,,,
T0004972,M01802,2026-05-02 19:00:00,Account,1,2026-05-03 06:57:01.553674906,11.95,5.0
T0004971,M01802,2026-05-23 15:00:00,Technical,1,2026-05-24 02:50:52.963255582,11.85,4.0
T0004975,M01803,2026-05-15 09:00:00,Payment,1,2026-05-16 10:07:49.571885370,25.13,4.0
T0004973,M01803,2026-05-17 15:00:00,Operations,0,,,
T0004974,M01803,2026-05-22 17:00:00,Account,1,2026-05-23 16:42:50.124068877,23.71,4.0
T0004976,M01804,2026-04-14 14:00:00,Refund/Dispute,1,2026-04-16 02:22:53.798348420,36.38,4.0
T0004979,M01805,2026-02-03 17:00:00,Operations,0,,,
T0004977,M01805,2026-04-03 19:00:00,Account,1,2026-04-04 05:37:28.784858376,10.62,5.0
T0004978,M01805,2026-05-27 14:00:00,Payment,1,2026-05-28 13:05:54.828259695,23.1,4.0
T0004982,M01806,2026-02-05 13:00:00,Technical,1,2026-02-07 18:54:42.263452058,53.91,3.0
T0004981,M01806,2026-02-17 16:00:00,Account,1,2026-02-19 00:57:27.772760527,32.96,5.0
T0004980,M01806,2026-03-02 19:00:00,Payment,1,2026-03-04 04:16:08.419237352,33.27,4.0
T0004983,M01807,2026-02-23 16:00:00,Refund/Dispute,1,2026-02-24 06:20:29.218359310,14.34,5.0
T0004986,M01808,2026-03-10 20:00:00,Operations,0,,,
T0004984,M01808,2026-04-10 19:00:00,Account,1,2026-04-11 10:44:25.616970592,15.74,4.0
T0004985,M01808,2026-05-10 10:00:00,Operations,1,2026-05-10 21:09:42.942580959,11.16,5.0
T0004987,M01809,2026-02-01 19:00:00,Technical,1,2026-02-02 04:23:38.078031829,9.39,5.0
T0004988,M01809,2026-05-16 15:00:00,Technical,1,2026-05-18 01:39:43.206735272,34.66,4.0
T0004989,M01809,2026-05-20 19:00:00,Refund/Dispute,1,2026-05-21 14:23:10.166555079,19.39,4.0
T0004990,M01809,2026-05-25 19:00:00,Technical,0,,,
T0004991,M01809,2026-05-27 14:00:00,Technical,1,2026-05-28 07:22:51.604239493,17.38,4.0
T0004995,M01810,2026-02-28 17:00:00,Operations,1,2026-03-01 14:37:57.252112705,21.63,4.0
T0004994,M01810,2026-05-05 09:00:00,Payment,1,2026-05-06 01:04:54.924870522,16.08,4.0
T0004993,M01810,2026-05-05 19:00:00,Operations,1,2026-05-06 10:31:25.061065683,15.52,4.0
T0004992,M01810,2026-05-13 08:00:00,Refund/Dispute,1,2026-05-13 22:46:53.985014130,14.78,5.0
T0004996,M01811,2026-04-06 11:00:00,Technical,1,2026-04-07 23:05:23.064879861,36.09,3.0
T0004997,M01811,2026-05-09 11:00:00,Operations,0,,,
T0004998,M01811,2026-05-16 08:00:00,Technical,1,2026-05-16 22:22:40.791574603,14.38,4.0
T0004999,M01812,2026-05-28 11:00:00,Refund/Dispute,1,2026-05-29 00:26:48.353375806,13.45,5.0
T0005000,M01813,2026-02-05 20:00:00,Technical,1,2026-02-06 12:51:14.561718318,16.85,4.0
T0005002,M01813,2026-02-16 14:00:00,Operations,1,2026-02-17 18:46:00.395170417,28.77,5.0
T0005003,M01813,2026-04-29 19:00:00,Payment,1,2026-05-01 00:15:21.706598818,29.26,4.0
T0005001,M01813,2026-05-26 13:00:00,Refund/Dispute,0,,,
T0005004,M01813,2026-05-28 16:00:00,Refund/Dispute,0,,,
T0005007,M01814,2026-02-24 12:00:00,Payment,1,2026-02-24 23:36:50.819081392,11.61,4.0
T0005005,M01814,2026-03-15 15:00:00,Payment,1,2026-03-16 10:02:35.180187169,19.04,4.0
T0005006,M01814,2026-03-26 11:00:00,Account,0,,,
T0005008,M01815,2026-03-20 14:00:00,Operations,1,2026-03-21 10:35:09.094035944,20.59,4.0
T0005009,M01815,2026-04-27 20:00:00,Technical,0,,,
T0005010,M01815,2026-04-29 18:00:00,Refund/Dispute,1,2026-04-30 06:23:46.689489668,12.4,5.0
T0005012,M01816,2026-02-25 17:00:00,Operations,1,2026-02-26 07:51:51.177562758,14.86,4.0
T0005011,M01816,2026-03-07 10:00:00,Payment,1,2026-03-08 01:46:07.475630502,15.77,5.0
T0005016,M01818,2026-02-11 09:00:00,Operations,1,2026-02-13 07:33:21.622742546,46.56,4.0
T0005015,M01818,2026-02-14 18:00:00,Technical,1,2026-02-15 15:00:23.966498530,21.01,4.0
T0005013,M01818,2026-02-19 19:00:00,Account,1,2026-02-20 22:24:36.882141361,27.41,3.0
T0005014,M01818,2026-04-22 19:00:00,Operations,1,2026-04-24 00:16:32.894672048,29.28,4.0
T0005017,M01819,2026-05-14 20:00:00,Operations,0,,,
T0005018,M01820,2026-02-27 20:00:00,Payment,1,2026-02-28 20:16:48.689124938,24.28,4.0
T0005019,M01820,2026-04-22 20:00:00,Refund/Dispute,1,2026-04-23 18:33:12.153166808,22.55,4.0
T0005023,M01821,2026-03-23 09:00:00,Account,1,2026-03-24 12:47:12.154972005,27.79,4.0
T0005021,M01821,2026-03-24 14:00:00,Payment,0,,,
T0005024,M01821,2026-04-05 20:00:00,Operations,1,2026-04-06 09:20:56.906283278,13.35,4.0
T0005022,M01821,2026-05-24 20:00:00,Refund/Dispute,1,2026-05-25 07:36:02.374865010,11.6,5.0
T0005020,M01821,2026-05-25 08:00:00,Operations,0,,,
T0005026,M01822,2026-03-26 17:00:00,Refund/Dispute,1,2026-03-27 07:39:37.637131381,14.66,5.0
T0005025,M01822,2026-04-23 16:00:00,Account,1,2026-04-24 06:06:31.203060393,14.11,5.0
T0005028,M01823,2026-02-26 18:00:00,Payment,0,,,
T0005030,M01823,2026-04-15 20:00:00,Operations,1,2026-04-16 18:02:26.198424715,22.04,4.0
T0005027,M01823,2026-04-23 11:00:00,Payment,1,2026-04-25 16:10:25.474780480,53.17,4.0
T0005029,M01823,2026-05-23 19:00:00,Payment,1,2026-05-24 21:24:11.435672750,26.4,5.0
T0005036,M01825,2026-02-03 09:00:00,Technical,1,2026-02-05 12:29:40.320420972,51.49,4.0
T0005031,M01825,2026-02-21 18:00:00,Operations,1,2026-02-22 23:49:24.886122823,29.82,3.0
T0005034,M01825,2026-04-15 08:00:00,Payment,1,2026-04-16 05:50:53.040765001,21.85,3.0
T0005032,M01825,2026-04-21 09:00:00,Payment,1,2026-04-22 10:16:50.813874735,25.28,5.0
T0005035,M01825,2026-04-22 15:00:00,Refund/Dispute,1,2026-04-23 08:26:51.145038186,17.45,5.0
T0005033,M01825,2026-05-02 14:00:00,Refund/Dispute,1,2026-05-03 09:14:39.629942772,19.24,4.0
T0005037,M01826,2026-05-13 16:00:00,Operations,1,2026-05-16 11:07:50.741972227,67.13,4.0
T0005040,M01827,2026-02-10 10:00:00,Operations,1,2026-02-11 13:24:21.946401381,27.41,4.0
T0005041,M01827,2026-02-21 16:00:00,Account,0,,,
T0005038,M01827,2026-02-21 17:00:00,Technical,1,2026-02-23 02:55:02.158538804,33.92,3.0
T0005042,M01827,2026-03-09 10:00:00,Technical,1,2026-03-10 03:09:37.304449956,17.16,4.0
T0005043,M01827,2026-03-18 11:00:00,Account,1,2026-03-19 10:22:10.417920837,23.37,4.0
T0005039,M01827,2026-05-23 15:00:00,Operations,0,,,
T0005044,M01828,2026-04-20 09:00:00,Payment,1,2026-04-20 20:19:05.135355973,11.32,5.0
T0005045,M01829,2026-04-30 15:00:00,Account,1,2026-04-30 20:32:15.055674385,5.54,5.0
T0005050,M01830,2026-02-14 11:00:00,Technical,1,2026-02-15 15:52:22.808212795,28.87,4.0
T0005047,M01830,2026-03-04 09:00:00,Payment,1,2026-03-05 01:08:24.071000956,16.14,4.0
T0005048,M01830,2026-03-13 14:00:00,Account,1,2026-03-13 19:39:16.216457252,5.65,5.0
T0005049,M01830,2026-03-14 19:00:00,Refund/Dispute,1,2026-03-15 08:05:13.498519279,13.09,4.0
T0005046,M01830,2026-03-19 10:00:00,Payment,1,2026-03-19 16:39:33.646228898,6.66,5.0
T0005051,M01831,2026-03-10 19:00:00,Account,1,2026-03-12 13:16:03.715507012,42.27,3.0
T0005053,M01831,2026-04-30 08:00:00,Account,1,2026-04-30 20:33:19.560234751,12.56,5.0
T0005052,M01831,2026-05-26 11:00:00,Technical,1,2026-05-28 17:24:33.361243527,54.41,3.0
T0005054,M01832,2026-02-03 17:00:00,Operations,0,,,
T0005056,M01832,2026-03-19 18:00:00,Account,1,2026-03-20 16:41:35.862806202,22.69,4.0
T0005055,M01832,2026-03-22 08:00:00,Operations,0,,,
T0005058,M01832,2026-04-09 08:00:00,Operations,1,2026-04-10 04:40:34.752073072,20.68,5.0
T0005057,M01832,2026-04-16 12:00:00,Refund/Dispute,1,2026-04-17 09:21:07.748377358,21.35,5.0
T0005059,M01833,2026-03-09 18:00:00,Operations,1,2026-03-10 07:35:56.827307551,13.6,5.0
T0005060,M01834,2026-05-13 12:00:00,Technical,1,2026-05-14 03:09:17.560486702,15.15,5.0
T0005061,M01834,2026-05-14 17:00:00,Refund/Dispute,1,2026-05-14 22:12:39.468578662,5.21,5.0
T0005065,M01835,2026-02-10 11:00:00,Refund/Dispute,1,2026-02-11 02:02:20.203594170,15.04,4.0
T0005067,M01835,2026-02-26 19:00:00,Technical,0,,,
T0005062,M01835,2026-03-07 13:00:00,Payment,0,,,
T0005064,M01835,2026-03-28 15:00:00,Technical,0,,,
T0005068,M01835,2026-04-23 17:00:00,Payment,1,2026-04-24 01:37:40.596773152,8.63,5.0
T0005063,M01835,2026-05-17 19:00:00,Technical,1,2026-05-22 08:30:56.378356689,109.52,1.0
T0005066,M01835,2026-05-30 16:00:00,Payment,0,,,
T0005069,M01836,2026-03-23 20:00:00,Operations,1,2026-03-25 10:20:59.466783364,38.35,4.0
T0005070,M01836,2026-03-28 09:00:00,Payment,1,2026-03-28 22:35:38.228802594,13.59,5.0
T0005072,M01836,2026-05-08 17:00:00,Technical,1,2026-05-10 23:38:30.915534192,54.64,2.0
T0005071,M01836,2026-05-16 15:00:00,Account,1,2026-05-19 03:31:59.587813883,60.53,3.0
T0005073,M01838,2026-02-07 19:00:00,Account,1,2026-02-09 01:25:37.874787913,30.43,4.0
T0005074,M01839,2026-05-12 09:00:00,Refund/Dispute,1,2026-05-13 11:33:45.061413361,26.56,4.0
T0005077,M01840,2026-02-02 14:00:00,Operations,1,2026-02-03 08:17:24.946247310,18.29,3.0
T0005076,M01840,2026-02-16 15:00:00,Payment,0,,,
T0005075,M01840,2026-02-28 08:00:00,Account,0,,,
T0005079,M01842,2026-02-27 09:00:00,Technical,1,2026-02-27 19:17:34.943989614,10.29,5.0
T0005078,M01842,2026-03-25 12:00:00,Refund/Dispute,1,2026-03-26 12:41:33.654374127,24.69,4.0
T0005081,M01842,2026-04-14 09:00:00,Account,1,2026-04-16 01:30:34.092373370,40.51,3.0
T0005080,M01842,2026-04-17 11:00:00,Payment,1,2026-04-17 14:49:25.102981257,3.82,4.0
T0005085,M01843,2026-02-15 11:00:00,Technical,1,2026-02-15 18:02:15.786276068,7.04,5.0
T0005084,M01843,2026-03-19 18:00:00,Technical,1,2026-03-21 20:23:03.324062076,50.38,2.0
T0005082,M01843,2026-04-20 13:00:00,Operations,1,2026-04-21 06:20:00.900213583,17.33,5.0
T0005083,M01843,2026-05-25 14:00:00,Payment,1,2026-05-26 23:03:47.519998239,33.06,4.0
T0005087,M01844,2026-02-19 18:00:00,Refund/Dispute,1,2026-02-19 22:35:04.131042590,4.58,4.0
T0005086,M01844,2026-02-21 11:00:00,Refund/Dispute,1,2026-02-22 07:01:59.596667065,20.03,4.0
T0005088,M01844,2026-04-12 13:00:00,Payment,1,2026-04-12 19:29:20.022812653,6.49,5.0
T0005089,M01844,2026-04-17 12:00:00,Payment,0,,,
T0005091,M01845,2026-04-26 18:00:00,Technical,1,2026-04-27 16:32:09.838488393,22.54,4.0
T0005090,M01845,2026-05-18 18:00:00,Payment,1,2026-05-19 22:05:18.944706602,28.09,4.0
T0005092,M01846,2026-05-29 14:00:00,Payment,1,2026-05-30 16:18:10.589074531,26.3,4.0
T0005093,M01847,2026-02-06 19:00:00,Refund/Dispute,1,2026-02-07 08:16:25.264575472,13.27,5.0
T0005094,M01847,2026-05-22 13:00:00,Account,0,,,
T0005095,M01848,2026-04-19 20:00:00,Technical,1,2026-04-20 14:09:52.802274571,18.16,4.0
T0005098,M01848,2026-05-21 15:00:00,Operations,1,2026-05-22 19:37:22.142618569,28.62,4.0
T0005097,M01848,2026-05-27 12:00:00,Account,1,2026-05-28 05:31:15.732286211,17.52,4.0
T0005096,M01848,2026-05-30 09:00:00,Payment,0,,,
T0005100,M01849,2026-02-26 11:00:00,Operations,0,,,
T0005099,M01849,2026-02-27 08:00:00,Technical,1,2026-02-27 22:55:54.704853058,14.93,4.0
T0005102,M01849,2026-04-02 18:00:00,Account,1,2026-04-03 00:10:37.137511956,6.18,5.0
T0005101,M01849,2026-04-06 10:00:00,Refund/Dispute,1,2026-04-07 03:15:11.046823700,17.25,5.0
T0005104,M01850,2026-03-12 09:00:00,Payment,1,2026-03-12 21:15:37.458605347,12.26,4.0
T0005106,M01850,2026-03-16 09:00:00,Technical,1,2026-03-16 21:15:37.074197221,12.26,3.0
T0005103,M01850,2026-03-31 15:00:00,Operations,1,2026-04-01 23:35:23.590960526,32.59,3.0
T0005105,M01850,2026-05-22 17:00:00,Technical,1,2026-05-24 10:26:27.874427467,41.44,3.0
T0005108,M01851,2026-04-03 19:00:00,Refund/Dispute,1,2026-04-04 08:11:36.389093290,13.19,5.0
T0005107,M01851,2026-04-06 14:00:00,Technical,1,2026-04-06 22:42:31.724609472,8.71,5.0
T0005110,M01852,2026-03-16 17:00:00,Operations,1,2026-03-18 05:54:42.433437697,36.91,4.0
T0005109,M01852,2026-04-23 10:00:00,Account,1,2026-04-23 16:49:48.298808416,6.83,4.0
T0005112,M01853,2026-03-25 13:00:00,Refund/Dispute,1,2026-03-26 09:56:32.035005398,20.94,4.0
T0005111,M01853,2026-05-28 15:00:00,Refund/Dispute,0,,,
T0005113,M01854,2026-04-19 20:00:00,Account,1,2026-04-22 07:08:19.391703853,59.14,3.0
T0005115,M01855,2026-02-16 19:00:00,Technical,1,2026-02-19 12:28:57.371554722,65.48,3.0
T0005116,M01855,2026-04-10 08:00:00,Refund/Dispute,0,,,
T0005114,M01855,2026-04-23 14:00:00,Payment,1,2026-04-25 13:19:45.676901384,47.33,4.0
T0005117,M01855,2026-04-23 14:00:00,Account,1,2026-04-25 06:35:54.446411425,40.6,3.0
T0005118,M01855,2026-04-24 09:00:00,Refund/Dispute,1,2026-04-25 05:19:42.883867304,20.33,4.0
T0005120,M01856,2026-02-22 09:00:00,Operations,0,,,
T0005119,M01856,2026-05-13 13:00:00,Account,0,,,
T0005121,M01857,2026-03-03 08:00:00,Payment,1,2026-03-03 16:38:04.849278784,8.63,4.0
T0005123,M01858,2026-02-23 13:00:00,Account,1,2026-02-24 11:19:44.929638663,22.33,4.0
T0005122,M01858,2026-04-19 15:00:00,Technical,1,2026-04-20 10:09:58.150998223,19.17,5.0
T0005125,M01859,2026-03-23 14:00:00,Payment,1,2026-03-24 12:12:46.515729427,22.21,4.0
T0005128,M01859,2026-03-31 08:00:00,Refund/Dispute,0,,,
T0005130,M01859,2026-04-04 15:00:00,Refund/Dispute,1,2026-04-08 05:01:45.430621928,86.03,2.0
T0005129,M01859,2026-04-25 20:00:00,Account,1,2026-04-28 16:05:43.635977815,68.1,3.0
T0005127,M01859,2026-05-07 15:00:00,Technical,0,,,
T0005126,M01859,2026-05-28 17:00:00,Refund/Dispute,1,2026-05-29 14:55:36.412349826,21.93,4.0
T0005124,M01859,2026-05-29 15:00:00,Operations,1,2026-05-30 17:49:49.157545994,26.83,5.0
T0005132,M01860,2026-02-23 12:00:00,Account,1,2026-02-24 00:29:58.556632981,12.5,5.0
T0005131,M01860,2026-04-13 13:00:00,Technical,0,,,
T0005133,M01860,2026-05-12 16:00:00,Operations,1,2026-05-13 11:17:54.703109335,19.3,4.0
T0005135,M01861,2026-02-14 20:00:00,Technical,1,2026-02-15 07:12:53.800607289,11.21,5.0
T0005134,M01861,2026-03-19 19:00:00,Refund/Dispute,0,,,
T0005136,M01861,2026-05-28 16:00:00,Operations,1,2026-05-29 01:07:41.591595604,9.13,5.0
T0005137,M01862,2026-02-05 15:00:00,Account,1,2026-02-06 03:08:57.417769323,12.15,4.0
T0005139,M01862,2026-03-10 12:00:00,Technical,1,2026-03-11 11:10:42.108830497,23.18,5.0
T0005138,M01862,2026-03-17 12:00:00,Account,1,2026-03-19 20:14:29.232038529,56.24,3.0
T0005140,M01862,2026-03-23 10:00:00,Account,1,2026-03-24 02:29:14.798574553,16.49,5.0
T0005145,M01863,2026-02-09 19:00:00,Refund/Dispute,1,2026-02-10 12:21:10.131220724,17.35,5.0
T0005143,M01863,2026-02-28 14:00:00,Refund/Dispute,1,2026-03-01 15:14:06.297580575,25.24,3.0
T0005147,M01863,2026-03-01 16:00:00,Operations,1,2026-03-03 01:38:31.737385417,33.64,4.0
T0005142,M01863,2026-03-23 20:00:00,Operations,1,2026-03-24 09:53:41.596481760,13.89,5.0
T0005146,M01863,2026-04-23 15:00:00,Payment,1,2026-04-27 14:37:49.872393948,95.63,3.0
T0005141,M01863,2026-05-01 16:00:00,Refund/Dispute,0,,,
T0005144,M01863,2026-05-28 15:00:00,Operations,0,,,
T0005149,M01864,2026-03-27 14:00:00,Payment,1,2026-03-28 06:29:29.174994556,16.49,5.0
T0005148,M01864,2026-04-17 18:00:00,Operations,1,2026-04-18 18:35:46.660058041,24.6,4.0
T0005150,M01866,2026-03-07 19:00:00,Refund/Dispute,1,2026-03-08 01:10:03.489089959,6.17,5.0
T0005151,M01867,2026-02-14 13:00:00,Account,0,,,
T0005152,M01867,2026-04-21 19:00:00,Technical,1,2026-04-22 14:36:21.707680539,19.61,4.0
T0005153,M01868,2026-02-15 20:00:00,Payment,0,,,
T0005154,M01868,2026-04-23 20:00:00,Refund/Dispute,1,2026-04-24 09:29:11.527526418,13.49,5.0
T0005155,M01868,2026-05-18 15:00:00,Account,0,,,
T0005157,M01869,2026-02-13 08:00:00,Account,1,2026-02-13 22:28:30.625701222,14.48,3.0
T0005156,M01869,2026-04-02 18:00:00,Refund/Dispute,1,2026-04-03 13:15:19.801577250,19.26,5.0
T0005158,M01871,2026-05-14 16:00:00,Payment,1,2026-05-16 03:33:43.967810710,35.56,5.0
T0005161,M01872,2026-03-13 13:00:00,Account,0,,,
T0005159,M01872,2026-04-29 10:00:00,Account,1,2026-04-30 22:42:13.483794441,36.7,3.0
T0005160,M01872,2026-05-31 20:00:00,Technical,1,2026-06-02 00:52:07.438136120,28.87,3.0
T0005162,M01873,2026-04-18 12:00:00,Payment,1,2026-04-19 03:22:59.140296408,15.38,5.0
T0005163,M01874,2026-02-28 12:00:00,Operations,1,2026-03-01 08:21:08.669957266,20.35,4.0
T0005165,M01876,2026-02-01 19:00:00,Technical,1,2026-02-05 12:33:24.270853989,89.56,2.0
T0005166,M01876,2026-02-06 19:00:00,Refund/Dispute,1,2026-02-08 20:52:03.396519739,49.87,3.0
T0005164,M01876,2026-03-08 16:00:00,Account,1,2026-03-09 16:51:22.473186966,24.86,4.0
T0005169,M01877,2026-02-27 16:00:00,Technical,1,2026-03-03 03:38:11.602979433,83.64,4.0
T0005167,M01877,2026-03-29 12:00:00,Technical,1,2026-03-29 19:51:43.080844226,7.86,5.0
T0005168,M01877,2026-04-22 13:00:00,Refund/Dispute,1,2026-04-24 02:35:38.955598094,37.59,3.0
T0005171,M01878,2026-02-01 15:00:00,Refund/Dispute,1,2026-02-02 00:45:46.442372090,9.76,5.0
T0005172,M01878,2026-03-01 10:00:00,Operations,1,2026-03-02 00:01:38.186666457,14.03,4.0
T0005170,M01878,2026-03-17 10:00:00,Account,1,2026-03-19 06:06:27.755273390,44.11,4.0
T0005174,M01878,2026-03-29 17:00:00,Account,1,2026-03-30 23:41:19.595361883,30.69,4.0
T0005173,M01878,2026-03-31 08:00:00,Account,0,,,
T0005175,M01879,2026-05-02 20:00:00,Refund/Dispute,1,2026-05-03 05:15:27.497941786,9.26,4.0
T0005180,M01880,2026-02-02 16:00:00,Account,1,2026-02-07 16:00:00.000000000,120.0,1.0
T0005178,M01880,2026-02-06 18:00:00,Operations,1,2026-02-07 11:05:19.921771975,17.09,4.0
T0005176,M01880,2026-02-23 14:00:00,Operations,1,2026-02-24 04:37:25.984124158,14.62,4.0
T0005179,M01880,2026-03-16 17:00:00,Payment,1,2026-03-17 20:08:55.939733163,27.15,4.0
T0005177,M01880,2026-03-25 12:00:00,Operations,1,2026-03-26 18:09:40.983870402,30.16,3.0
T0005181,M01880,2026-04-22 13:00:00,Operations,1,2026-04-23 05:36:57.203587292,16.62,4.0
T0005186,M01881,2026-02-06 17:00:00,Account,1,2026-02-07 10:50:06.328407030,17.84,5.0
T0005182,M01881,2026-02-15 09:00:00,Payment,1,2026-02-15 14:14:57.551334158,5.25,5.0
T0005183,M01881,2026-05-11 16:00:00,Payment,1,2026-05-12 02:16:55.592093668,10.28,5.0
T0005184,M01881,2026-05-20 09:00:00,Operations,1,2026-05-20 20:45:27.009891252,11.76,5.0
T0005185,M01881,2026-05-28 12:00:00,Operations,1,2026-05-29 09:27:42.629992552,21.46,3.0
T0005188,M01882,2026-04-05 13:00:00,Operations,1,2026-04-06 00:18:10.937073906,11.3,5.0
T0005187,M01882,2026-04-17 19:00:00,Operations,0,,,
T0005189,M01882,2026-04-18 11:00:00,Refund/Dispute,1,2026-04-18 21:28:35.455582588,10.48,4.0
T0005190,M01883,2026-02-26 15:00:00,Technical,1,2026-02-27 09:12:10.574056778,18.2,4.0
T0005191,M01883,2026-05-17 20:00:00,Refund/Dispute,1,2026-05-19 04:09:02.467840856,32.15,4.0
T0005194,M01885,2026-02-16 16:00:00,Refund/Dispute,1,2026-02-18 10:35:15.752329461,42.59,4.0
T0005192,M01885,2026-04-12 18:00:00,Operations,1,2026-04-13 11:53:11.930712558,17.89,4.0
T0005193,M01885,2026-05-18 17:00:00,Payment,0,,,
T0005195,M01886,2026-04-08 19:00:00,Operations,1,2026-04-09 23:03:11.593497268,28.05,4.0
T0005196,M01887,2026-02-28 11:00:00,Technical,1,2026-02-28 17:39:43.917803766,6.66,5.0
T0005197,M01887,2026-04-16 13:00:00,Operations,1,2026-04-17 04:21:49.587400382,15.36,5.0
T0005198,M01888,2026-04-26 12:00:00,Payment,0,,,
T0005200,M01889,2026-03-09 08:00:00,Payment,1,2026-03-09 15:54:31.691856268,7.91,4.0
T0005199,M01889,2026-05-14 09:00:00,Account,1,2026-05-15 00:39:12.694189269,15.65,4.0
T0005202,M01890,2026-02-21 20:00:00,Refund/Dispute,0,,,
T0005203,M01890,2026-03-05 08:00:00,Payment,1,2026-03-07 07:05:23.488402948,47.09,2.0
T0005201,M01890,2026-04-11 14:00:00,Operations,1,2026-04-12 01:35:45.420498830,11.6,5.0
T0005204,M01892,2026-04-27 17:00:00,Payment,1,2026-04-28 03:44:25.465408785,10.74,5.0
T0005206,M01893,2026-03-08 08:00:00,Operations,0,,,
T0005205,M01893,2026-05-08 15:00:00,Refund/Dispute,1,2026-05-09 02:08:05.117879104,11.13,4.0
T0005207,M01893,2026-05-12 10:00:00,Operations,1,2026-05-13 01:47:14.247696080,15.79,5.0
T0005211,M01894,2026-02-03 17:00:00,Account,1,2026-02-04 02:58:28.903997038,9.97,4.0
T0005209,M01894,2026-02-18 09:00:00,Refund/Dispute,1,2026-02-18 22:50:27.267970167,13.84,4.0
T0005212,M01894,2026-03-09 20:00:00,Refund/Dispute,1,2026-03-10 01:38:01.763274220,5.63,5.0
T0005210,M01894,2026-05-15 13:00:00,Payment,1,2026-05-15 22:12:29.584734008,9.21,5.0
T0005208,M01894,2026-05-22 08:00:00,Technical,1,2026-05-22 23:53:26.903081810,15.89,5.0
T0005213,M01896,2026-03-20 12:00:00,Operations,0,,,
T0005216,M01896,2026-03-20 12:00:00,Refund/Dispute,1,2026-03-20 22:04:31.954581645,10.08,5.0
T0005215,M01896,2026-03-27 11:00:00,Refund/Dispute,1,2026-03-27 17:04:20.907864670,6.07,4.0
T0005218,M01896,2026-04-02 09:00:00,Technical,1,2026-04-03 05:03:14.234359244,20.05,4.0
T0005214,M01896,2026-04-03 16:00:00,Operations,1,2026-04-04 08:43:14.158777699,16.72,4.0
T0005217,M01896,2026-04-11 20:00:00,Account,1,2026-04-12 09:31:46.281769042,13.53,4.0
T0005219,M01898,2026-03-21 14:00:00,Refund/Dispute,1,2026-03-22 01:13:07.131447548,11.22,5.0
T0005221,M01900,2026-03-06 18:00:00,Technical,1,2026-03-07 03:25:58.895991717,9.43,4.0
T0005220,M01900,2026-03-18 19:00:00,Refund/Dispute,1,2026-03-20 13:19:39.276176750,42.33,4.0
T0005222,M01900,2026-05-09 18:00:00,Account,1,2026-05-10 21:58:15.647261682,27.97,4.0
T0005223,M01901,2026-02-22 17:00:00,Operations,1,2026-02-23 15:15:26.535368433,22.26,5.0
T0005225,M01902,2026-02-15 15:00:00,Account,1,2026-02-16 02:36:37.461321522,11.61,4.0
T0005224,M01902,2026-03-25 11:00:00,Payment,0,,,
T0005226,M01902,2026-04-06 17:00:00,Account,0,,,
T0005227,M01902,2026-04-15 14:00:00,Refund/Dispute,1,2026-04-17 03:01:15.606764295,37.02,3.0
T0005228,M01904,2026-03-20 09:00:00,Technical,1,2026-03-20 19:09:47.096486456,10.16,5.0
T0005233,M01905,2026-02-13 16:00:00,Refund/Dispute,1,2026-02-14 10:39:49.045105749,18.66,4.0
T0005232,M01905,2026-02-15 12:00:00,Operations,1,2026-02-16 07:14:23.058844879,19.24,2.0
T0005234,M01905,2026-04-06 09:00:00,Refund/Dispute,0,,,
T0005229,M01905,2026-04-17 16:00:00,Technical,1,2026-04-18 14:29:21.801011434,22.49,4.0
T0005230,M01905,2026-04-26 20:00:00,Technical,1,2026-04-28 12:12:13.590916167,40.2,3.0
T0005231,M01905,2026-05-03 08:00:00,Refund/Dispute,0,,,
T0005235,M01905,2026-05-19 08:00:00,Payment,0,,,
T0005236,M01906,2026-02-03 12:00:00,Refund/Dispute,0,,,
T0005237,M01906,2026-03-17 08:00:00,Account,1,2026-03-18 23:45:56.137457138,39.77,4.0
T0005239,M01906,2026-03-23 08:00:00,Account,1,2026-03-24 01:50:44.288284383,17.85,3.0
T0005238,M01906,2026-04-25 13:00:00,Refund/Dispute,1,2026-04-25 23:46:41.390640181,10.78,4.0
T0005241,M01907,2026-02-02 17:00:00,Account,1,2026-02-03 17:58:22.006499487,24.97,4.0
T0005240,M01907,2026-02-09 17:00:00,Refund/Dispute,1,2026-02-10 02:02:34.891803898,9.04,5.0
T0005242,M01907,2026-04-12 16:00:00,Refund/Dispute,1,2026-04-13 17:04:25.095558838,25.07,5.0
T0005244,M01907,2026-05-16 09:00:00,Payment,1,2026-05-17 07:39:29.931271329,22.66,4.0
T0005243,M01907,2026-05-21 14:00:00,Technical,1,2026-05-22 11:34:06.783570840,21.57,4.0
T0005245,M01907,2026-05-28 20:00:00,Technical,1,2026-05-29 19:33:01.628406604,23.55,3.0
T0005248,M01908,2026-02-15 17:00:00,Payment,1,2026-02-16 20:18:16.167778606,27.3,5.0
T0005247,M01908,2026-02-23 12:00:00,Operations,1,2026-02-24 02:51:25.270021155,14.86,5.0
T0005246,M01908,2026-03-09 12:00:00,Operations,1,2026-03-10 09:33:04.742423287,21.55,4.0
T0005249,M01908,2026-05-15 14:00:00,Operations,1,2026-05-17 04:06:15.636049704,38.1,4.0
T0005252,M01909,2026-02-07 15:00:00,Payment,1,2026-02-07 22:08:37.043371143,7.14,4.0
T0005250,M01909,2026-02-10 09:00:00,Operations,1,2026-02-10 13:02:00.863108898,4.03,4.0
T0005251,M01909,2026-02-19 18:00:00,Technical,1,2026-02-20 02:46:05.806085019,8.77,4.0
T0005254,M01910,2026-02-08 20:00:00,Payment,0,,,
T0005253,M01910,2026-02-18 18:00:00,Account,1,2026-02-19 06:29:41.534569068,12.49,4.0
T0005255,M01910,2026-04-29 08:00:00,Refund/Dispute,1,2026-05-03 08:31:37.500722421,96.53,2.0
T0005257,M01911,2026-02-04 12:00:00,Operations,1,2026-02-04 18:04:34.526243960,6.08,5.0
T0005256,M01911,2026-05-02 12:00:00,Operations,1,2026-05-02 16:12:59.448751329,4.22,5.0
T0005259,M01912,2026-02-21 19:00:00,Account,0,,,
T0005261,M01912,2026-04-14 15:00:00,Refund/Dispute,1,2026-04-15 17:06:04.829808434,26.1,4.0
T0005258,M01912,2026-04-30 09:00:00,Technical,1,2026-05-02 23:19:20.574404389,62.32,3.0
T0005260,M01912,2026-05-07 12:00:00,Payment,1,2026-05-08 04:51:58.090752511,16.87,5.0
T0005262,M01913,2026-02-28 08:00:00,Refund/Dispute,1,2026-03-01 00:06:15.896194063,16.1,4.0
T0005263,M01913,2026-04-26 20:00:00,Technical,1,2026-04-27 01:54:17.209282028,5.9,5.0
T0005264,M01913,2026-05-21 13:00:00,Operations,1,2026-05-21 22:04:05.677679423,9.07,5.0
T0005266,M01914,2026-03-18 20:00:00,Account,0,,,
T0005265,M01914,2026-04-14 19:00:00,Account,1,2026-04-15 07:55:51.358060840,12.93,5.0
T0005267,M01914,2026-05-24 16:00:00,Operations,1,2026-05-25 03:29:39.049142136,11.49,5.0
T0005268,M01915,2026-04-20 11:00:00,Payment,1,2026-04-20 20:46:54.970396478,9.78,4.0
T0005269,M01915,2026-04-30 15:00:00,Technical,1,2026-05-02 02:36:02.170425639,35.6,4.0
T0005270,M01915,2026-04-30 16:00:00,Refund/Dispute,0,,,
T0005271,M01916,2026-04-30 16:00:00,Technical,1,2026-05-01 03:49:20.845754349,11.82,5.0
T0005275,M01917,2026-02-08 10:00:00,Technical,1,2026-02-09 16:00:04.037782575,30.0,4.0
T0005273,M01917,2026-02-25 16:00:00,Operations,1,2026-02-26 05:14:49.077746520,13.25,4.0
T0005272,M01917,2026-03-20 11:00:00,Operations,1,2026-03-21 09:00:44.206334895,22.01,4.0
T0005274,M01917,2026-05-09 15:00:00,Refund/Dispute,0,,,
T0005277,M01918,2026-02-28 20:00:00,Technical,1,2026-03-02 04:12:07.021566601,32.2,4.0
T0005276,M01918,2026-05-10 16:00:00,Technical,1,2026-05-11 05:11:35.397993933,13.19,5.0
T0005279,M01919,2026-05-02 12:00:00,Operations,1,2026-05-04 05:05:40.802199255,41.09,4.0
T0005278,M01919,2026-05-28 12:00:00,Operations,1,2026-05-29 01:23:29.569988346,13.39,4.0
T0005281,M01920,2026-02-04 08:00:00,Operations,1,2026-02-05 01:36:32.329567130,17.61,5.0
T0005280,M01920,2026-03-26 10:00:00,Operations,1,2026-03-26 16:44:32.613524422,6.74,5.0
T0005284,M01921,2026-03-08 16:00:00,Account,1,2026-03-09 00:15:31.031287642,8.26,4.0
T0005283,M01921,2026-03-23 08:00:00,Refund/Dispute,1,2026-03-23 20:15:50.444064399,12.26,4.0
T0005285,M01921,2026-03-26 12:00:00,Account,1,2026-03-27 01:49:01.446429518,13.82,5.0
T0005282,M01921,2026-04-07 20:00:00,Account,1,2026-04-08 06:36:52.684150813,10.61,4.0
T0005288,M01922,2026-02-24 08:00:00,Technical,1,2026-02-24 18:07:04.102340538,10.12,5.0
T0005286,M01922,2026-03-13 18:00:00,Operations,1,2026-03-14 04:19:17.436676857,10.32,5.0
T0005287,M01922,2026-03-14 13:00:00,Refund/Dispute,1,2026-03-15 06:07:48.479024157,17.13,4.0
T0005290,M01924,2026-02-18 15:00:00,Refund/Dispute,0,,,
T0005289,M01924,2026-03-30 16:00:00,Payment,1,2026-04-01 15:02:18.686125086,47.04,3.0
T0005292,M01924,2026-04-23 17:00:00,Technical,1,2026-04-26 16:45:18.227901294,71.76,3.0
T0005291,M01924,2026-05-14 17:00:00,Account,0,,,
T0005293,M01925,2026-02-21 13:00:00,Payment,1,2026-02-22 10:34:02.720797607,21.57,4.0
T0005294,M01926,2026-03-28 19:00:00,Operations,1,2026-03-29 06:42:37.927925863,11.71,5.0
T0005295,M01927,2026-02-17 10:00:00,Payment,0,,,
T0005297,M01927,2026-04-13 20:00:00,Account,1,2026-04-14 16:41:09.063453544,20.69,5.0
T0005298,M01927,2026-04-18 13:00:00,Operations,0,,,
T0005296,M01927,2026-05-23 15:00:00,Technical,0,,,
T0005299,M01928,2026-03-09 08:00:00,Payment,1,2026-03-09 20:59:49.181016926,13.0,5.0
T0005300,M01928,2026-05-01 19:00:00,Refund/Dispute,1,2026-05-03 02:15:32.611594449,31.26,4.0
T0005301,M01929,2026-05-07 19:00:00,Operations,1,2026-05-08 15:03:24.143330242,20.06,5.0
T0005302,M01929,2026-05-07 19:00:00,Payment,1,2026-05-09 10:53:44.856708446,39.9,4.0
T0005304,M01930,2026-03-01 13:00:00,Payment,1,2026-03-03 03:40:00.339424060,38.67,4.0
T0005303,M01930,2026-03-19 09:00:00,Operations,1,2026-03-20 18:37:07.974743142,33.62,4.0
T0005305,M01931,2026-02-13 11:00:00,Refund/Dispute,1,2026-02-14 14:09:29.523307622,27.16,4.0
T0005306,M01931,2026-04-14 18:00:00,Account,1,2026-04-16 12:02:47.636351253,42.05,3.0
T0005307,M01931,2026-04-25 09:00:00,Refund/Dispute,1,2026-04-26 07:57:12.939008270,22.95,4.0
T0005308,M01932,2026-04-04 18:00:00,Refund/Dispute,1,2026-04-05 16:18:15.673297910,22.3,5.0
T0005309,M01932,2026-05-27 13:00:00,Technical,0,,,
T0005310,M01933,2026-03-14 10:00:00,Technical,1,2026-03-16 14:41:14.348258674,52.69,4.0
T0005311,M01934,2026-03-12 19:00:00,Operations,1,2026-03-13 10:10:55.365735687,15.18,4.0
T0005312,M01934,2026-03-27 09:00:00,Operations,1,2026-03-28 20:18:58.733795178,35.32,4.0
T0005313,M01934,2026-04-24 10:00:00,Payment,1,2026-04-25 17:48:33.473947597,31.81,5.0
T0005314,M01935,2026-02-22 08:00:00,Technical,1,2026-02-23 17:57:09.212823334,33.95,4.0
T0005315,M01935,2026-04-07 19:00:00,Technical,1,2026-04-08 22:53:07.254959809,27.89,5.0
T0005316,M01935,2026-05-10 10:00:00,Technical,0,,,
T0005317,M01936,2026-02-20 14:00:00,Refund/Dispute,1,2026-02-21 12:10:01.086501662,22.17,5.0
T0005318,M01936,2026-03-08 12:00:00,Operations,1,2026-03-08 17:20:17.166097532,5.34,5.0
T0005319,M01937,2026-04-29 16:00:00,Technical,1,2026-04-30 09:24:16.542783806,17.4,4.0
T0005323,M01938,2026-02-04 09:00:00,Payment,1,2026-02-05 21:39:25.143577171,36.66,3.0
T0005322,M01938,2026-02-05 18:00:00,Technical,1,2026-02-06 11:06:59.554732442,17.12,5.0
T0005324,M01938,2026-03-03 11:00:00,Technical,1,2026-03-04 05:10:55.160352544,18.18,5.0
T0005321,M01938,2026-04-10 13:00:00,Operations,1,2026-04-11 21:30:11.867808420,32.5,4.0
T0005326,M01938,2026-04-27 17:00:00,Operations,0,,,
T0005325,M01938,2026-05-09 08:00:00,Account,1,2026-05-09 19:03:02.605546623,11.05,5.0
T0005320,M01938,2026-05-18 15:00:00,Operations,1,2026-05-19 03:26:22.880259787,12.44,5.0
T0005329,M01939,2026-02-06 09:00:00,Refund/Dispute,1,2026-02-07 08:03:22.929667459,23.06,4.0
T0005328,M01939,2026-03-25 18:00:00,Refund/Dispute,0,,,
T0005327,M01939,2026-05-19 20:00:00,Operations,1,2026-05-20 10:08:30.206660215,14.14,5.0
T0005333,M01941,2026-02-13 19:00:00,Refund/Dispute,1,2026-02-15 07:48:53.055325170,36.81,3.0
T0005331,M01941,2026-03-10 17:00:00,Account,1,2026-03-11 11:32:08.483540319,18.54,5.0
T0005330,M01941,2026-04-11 20:00:00,Account,1,2026-04-13 11:03:53.765917318,39.06,3.0
T0005332,M01941,2026-04-27 08:00:00,Account,1,2026-04-28 22:39:36.179848940,38.66,3.0
T0005334,M01942,2026-04-26 08:00:00,Account,0,,,
T0005335,M01943,2026-04-28 14:00:00,Payment,1,2026-04-29 00:26:50.012299989,10.45,5.0
T0005336,M01944,2026-03-13 12:00:00,Account,1,2026-03-14 06:03:56.662763868,18.07,5.0
T0005337,M01944,2026-05-04 17:00:00,Account,1,2026-05-06 02:52:00.656952531,33.87,4.0
T0005341,M01946,2026-02-02 12:00:00,Technical,1,2026-02-03 01:44:15.971951511,13.74,5.0
T0005338,M01946,2026-03-19 19:00:00,Refund/Dispute,1,2026-03-21 04:45:27.436978519,33.76,4.0
T0005340,M01946,2026-03-23 19:00:00,Payment,1,2026-03-24 07:19:16.116102667,12.32,4.0
T0005339,M01946,2026-05-10 15:00:00,Operations,1,2026-05-11 20:30:52.785339390,29.51,4.0
T0005342,M01947,2026-02-18 09:00:00,Payment,1,2026-02-19 11:51:45.714633469,26.86,4.0
T0005343,M01947,2026-03-26 09:00:00,Payment,1,2026-03-27 03:35:45.381631956,18.6,4.0
T0005344,M01948,2026-03-12 09:00:00,Refund/Dispute,1,2026-03-13 03:34:41.603939515,18.58,4.0
T0005345,M01948,2026-03-24 11:00:00,Operations,0,,,
T0005346,M01949,2026-02-07 11:00:00,Technical,1,2026-02-08 10:38:07.720081746,23.64,5.0
T0005347,M01949,2026-03-15 14:00:00,Technical,1,2026-03-16 09:09:41.707056214,19.16,5.0
T0005348,M01950,2026-02-13 14:00:00,Technical,1,2026-02-14 07:16:48.005080410,17.28,4.0
T0005349,M01951,2026-03-01 18:00:00,Refund/Dispute,1,2026-03-03 08:30:11.021858848,38.5,5.0
T0005350,M01951,2026-04-15 08:00:00,Payment,0,,,
T0005352,M01952,2026-03-21 18:00:00,Operations,1,2026-03-23 08:56:41.051313420,38.94,2.0
T0005351,M01952,2026-04-11 13:00:00,Account,0,,,
T0005353,M01953,2026-05-23 11:00:00,Operations,1,2026-05-24 04:55:45.990903176,17.93,5.0
T0005355,M01954,2026-04-13 18:00:00,Operations,1,2026-04-14 04:45:16.498872223,10.75,5.0
T0005354,M01954,2026-04-24 12:00:00,Refund/Dispute,0,,,
T0005356,M01955,2026-02-27 18:00:00,Operations,1,2026-02-27 22:12:48.982586803,4.21,4.0
T0005357,M01955,2026-03-11 15:00:00,Payment,1,2026-03-13 00:36:01.841624366,33.6,3.0
T0005359,M01956,2026-05-03 08:00:00,Refund/Dispute,1,2026-05-04 00:55:45.434062905,16.93,4.0
T0005358,M01956,2026-05-11 18:00:00,Operations,1,2026-05-13 13:50:04.549599204,43.83,4.0
T0005361,M01957,2026-02-12 20:00:00,Account,0,,,
T0005360,M01957,2026-03-22 14:00:00,Technical,1,2026-03-22 22:59:13.315201962,8.99,5.0
T0005363,M01958,2026-05-05 12:00:00,Payment,1,2026-05-06 12:02:38.056970698,24.04,3.0
T0005362,M01958,2026-05-22 15:00:00,Refund/Dispute,1,2026-05-23 13:58:34.029148720,22.98,4.0
T0005364,M01959,2026-03-01 18:00:00,Operations,1,2026-03-02 19:20:33.786296174,25.34,4.0
T0005367,M01959,2026-03-03 18:00:00,Account,1,2026-03-05 13:36:28.551031020,43.61,4.0
T0005366,M01959,2026-03-23 14:00:00,Operations,1,2026-03-24 17:39:15.418194033,27.65,4.0
T0005365,M01959,2026-05-02 20:00:00,Technical,1,2026-05-05 04:18:17.374273765,56.3,3.0
T0005370,M01960,2026-02-25 12:00:00,Technical,0,,,
T0005369,M01960,2026-04-27 18:00:00,Refund/Dispute,1,2026-04-28 13:42:14.126693342,19.7,4.0
T0005368,M01960,2026-05-08 13:00:00,Refund/Dispute,1,2026-05-09 23:00:37.063692727,34.01,4.0
T0005371,M01961,2026-02-07 11:00:00,Operations,1,2026-02-08 09:11:09.067930522,22.19,5.0
T0005372,M01961,2026-02-16 17:00:00,Refund/Dispute,1,2026-02-17 03:41:12.856633933,10.69,4.0
T0005373,M01961,2026-03-25 16:00:00,Payment,1,2026-03-26 03:43:09.405812622,11.72,4.0
T0005374,M01962,2026-03-27 16:00:00,Account,0,,,
T0005378,M01964,2026-03-23 16:00:00,Refund/Dispute,1,2026-03-24 07:58:04.057666971,15.97,4.0
T0005376,M01964,2026-03-25 11:00:00,Payment,0,,,
T0005377,M01964,2026-04-13 18:00:00,Account,1,2026-04-14 17:54:35.631855032,23.91,3.0
T0005375,M01964,2026-04-16 16:00:00,Account,1,2026-04-18 00:51:19.831936262,32.86,3.0
T0005379,M01964,2026-05-17 20:00:00,Payment,1,2026-05-19 00:28:02.805672576,28.47,5.0
T0005382,M01965,2026-04-07 11:00:00,Payment,1,2026-04-08 19:46:52.824069948,32.78,2.0
T0005383,M01965,2026-04-26 19:00:00,Operations,1,2026-04-27 09:40:34.947752001,14.68,5.0
T0005381,M01965,2026-05-02 18:00:00,Refund/Dispute,1,2026-05-06 01:58:23.385943596,79.97,2.0
T0005380,M01965,2026-05-24 20:00:00,Operations,1,2026-05-25 23:08:32.959262457,27.14,4.0
T0005388,M01966,2026-03-07 09:00:00,Technical,0,,,
T0005387,M01966,2026-03-17 20:00:00,Payment,0,,,
T0005384,M01966,2026-03-28 15:00:00,Refund/Dispute,1,2026-03-29 00:28:56.813801332,9.48,5.0
T0005386,M01966,2026-04-03 11:00:00,Operations,1,2026-04-04 12:10:45.098713668,25.18,4.0
T0005385,M01966,2026-04-16 10:00:00,Account,1,2026-04-18 08:49:49.254033961,46.83,4.0
T0005390,M01967,2026-02-25 13:00:00,Payment,1,2026-02-25 19:57:02.231342812,6.95,4.0
T0005389,M01967,2026-03-16 15:00:00,Account,1,2026-03-17 07:42:05.981566942,16.7,4.0
T0005392,M01968,2026-04-24 12:00:00,Operations,1,2026-04-25 03:29:56.078715660,15.5,4.0
T0005391,M01968,2026-05-19 09:00:00,Technical,1,2026-05-19 20:56:03.706013774,11.93,5.0
T0005393,M01969,2026-05-18 10:00:00,Payment,1,2026-05-20 02:42:55.141699507,40.72,4.0
T0005394,M01970,2026-04-19 08:00:00,Account,0,,,
T0005395,M01971,2026-04-11 15:00:00,Account,1,2026-04-12 00:02:01.760659479,9.03,5.0
T0005397,M01972,2026-02-26 13:00:00,Payment,1,2026-02-27 04:01:18.935919688,15.02,4.0
T0005396,M01972,2026-04-13 19:00:00,Refund/Dispute,1,2026-04-14 16:29:38.957220571,21.49,4.0
T0005398,M01972,2026-05-23 18:00:00,Refund/Dispute,1,2026-05-25 22:45:50.824569758,52.76,3.0
T0005399,M01973,2026-02-23 20:00:00,Operations,1,2026-02-24 10:41:34.012695768,14.69,3.0
T0005400,M01973,2026-02-24 08:00:00,Payment,1,2026-02-25 07:46:11.198571823,23.77,4.0
T0005403,M01974,2026-03-22 14:00:00,Technical,1,2026-03-22 21:57:43.771706244,7.96,4.0
T0005402,M01974,2026-03-31 17:00:00,Payment,0,,,
T0005401,M01974,2026-05-28 19:00:00,Refund/Dispute,1,2026-05-29 06:17:26.638872432,11.29,5.0
T0005404,M01975,2026-02-08 13:00:00,Refund/Dispute,0,,,
T0005405,M01975,2026-02-28 18:00:00,Payment,1,2026-03-01 13:04:18.239284394,19.07,4.0
T0005406,M01975,2026-04-30 09:00:00,Refund/Dispute,1,2026-05-01 05:30:18.955663516,20.51,5.0
T0005407,M01976,2026-04-02 17:00:00,Operations,1,2026-04-05 11:56:12.620212926,66.94,3.0
T0005411,M01977,2026-02-19 20:00:00,Refund/Dispute,0,,,
T0005408,M01977,2026-03-08 15:00:00,Refund/Dispute,0,,,
T0005409,M01977,2026-04-14 16:00:00,Technical,1,2026-04-15 11:36:15.972603130,19.6,5.0
T0005410,M01977,2026-04-30 11:00:00,Account,1,2026-05-02 17:12:29.485688382,54.21,3.0
T0005415,M01978,2026-03-06 18:00:00,Technical,1,2026-03-07 08:27:16.784769603,14.45,5.0
T0005414,M01978,2026-03-26 20:00:00,Operations,1,2026-03-28 10:49:59.093564012,38.83,4.0
T0005413,M01978,2026-04-24 10:00:00,Refund/Dispute,1,2026-04-25 04:44:04.335054763,18.73,4.0
T0005416,M01978,2026-05-07 18:00:00,Technical,0,,,
T0005412,M01978,2026-05-11 13:00:00,Account,1,2026-05-12 01:34:19.653298626,12.57,4.0
T0005417,M01979,2026-03-25 09:00:00,Account,1,2026-03-25 18:34:06.376631264,9.57,5.0
T0005419,M01979,2026-04-10 12:00:00,Account,1,2026-04-10 21:47:56.830376256,9.8,5.0
T0005418,M01979,2026-05-30 14:00:00,Payment,1,2026-05-30 21:06:58.224079980,7.12,5.0
T0005420,M01980,2026-04-22 13:00:00,Technical,1,2026-04-23 08:23:53.757911868,19.4,5.0
T0005421,M01980,2026-05-10 19:00:00,Payment,1,2026-05-11 16:14:41.752097286,21.24,4.0
T0005424,M01981,2026-02-01 16:00:00,Technical,1,2026-02-02 05:04:17.959211868,13.07,5.0
T0005422,M01981,2026-02-13 09:00:00,Payment,1,2026-02-14 07:38:55.361535856,22.65,5.0
T0005423,M01981,2026-05-08 09:00:00,Refund/Dispute,1,2026-05-08 18:58:07.708840485,9.97,4.0
T0005427,M01982,2026-02-11 09:00:00,Payment,0,,,
T0005428,M01982,2026-02-12 10:00:00,Payment,1,2026-02-12 22:37:06.283533090,12.62,5.0
T0005426,M01982,2026-02-15 08:00:00,Technical,1,2026-02-17 06:01:45.599178619,46.03,3.0
T0005429,M01982,2026-02-17 19:00:00,Operations,1,2026-02-19 21:22:35.215982616,50.38,3.0
T0005431,M01982,2026-02-28 19:00:00,Payment,0,,,
T0005425,M01982,2026-03-16 08:00:00,Payment,1,2026-03-19 07:20:59.205692306,71.35,1.0
T0005430,M01982,2026-04-29 16:00:00,Refund/Dispute,1,2026-05-01 19:23:45.997803614,51.4,3.0
T0005432,M01983,2026-03-26 13:00:00,Refund/Dispute,1,2026-03-27 19:25:00.109715757,30.42,3.0
T0005433,M01983,2026-05-23 08:00:00,Refund/Dispute,1,2026-05-24 19:08:18.378237944,35.14,4.0
T0005435,M01984,2026-03-05 08:00:00,Operations,1,2026-03-06 03:38:55.877078036,19.65,5.0
T0005434,M01984,2026-03-08 08:00:00,Technical,1,2026-03-11 11:59:05.324598272,75.98,2.0
T0005436,M01984,2026-03-08 16:00:00,Refund/Dispute,1,2026-03-09 11:13:45.435314899,19.23,4.0
T0005438,M01984,2026-04-18 13:00:00,Payment,1,2026-04-19 13:07:18.482417000,24.12,4.0
T0005437,M01984,2026-05-18 13:00:00,Payment,1,2026-05-19 14:02:47.730179929,25.05,3.0
T0005439,M01985,2026-02-23 13:00:00,Account,1,2026-02-24 05:14:00.515433040,16.23,5.0
T0005440,M01985,2026-02-24 10:00:00,Account,1,2026-02-25 10:26:32.119673017,24.44,5.0
T0005443,M01985,2026-03-23 16:00:00,Operations,1,2026-03-24 10:53:05.172620784,18.88,4.0
T0005441,M01985,2026-04-12 13:00:00,Operations,1,2026-04-13 14:06:39.259354863,25.11,5.0
T0005442,M01985,2026-04-24 14:00:00,Operations,1,2026-04-25 16:15:30.455500096,26.26,5.0
T0005444,M01986,2026-02-17 12:00:00,Technical,1,2026-02-17 21:46:19.366467078,9.77,4.0
T0005446,M01986,2026-03-10 20:00:00,Account,1,2026-03-11 18:18:53.681902585,22.31,4.0
T0005445,M01986,2026-04-08 10:00:00,Technical,0,,,
T0005447,M01987,2026-03-15 08:00:00,Technical,1,2026-03-16 04:49:11.495162172,20.82,4.0
T0005448,M01988,2026-02-18 19:00:00,Refund/Dispute,1,2026-02-19 16:42:52.444560031,21.71,4.0
T0005450,M01988,2026-03-30 18:00:00,Refund/Dispute,1,2026-04-02 20:51:07.337481282,74.85,2.0
T0005449,M01988,2026-04-30 16:00:00,Technical,0,,,
T0005454,M01989,2026-02-26 15:00:00,Account,1,2026-02-26 20:55:02.214586610,5.92,5.0
T0005452,M01989,2026-03-14 20:00:00,Account,1,2026-03-15 12:23:15.791269092,16.39,4.0
T0005451,M01989,2026-03-31 17:00:00,Technical,1,2026-04-01 08:47:42.713063667,15.8,4.0
T0005453,M01989,2026-04-07 10:00:00,Payment,0,,,
T0005455,M01989,2026-04-07 20:00:00,Technical,1,2026-04-08 19:08:01.978947168,23.13,5.0
T0005456,M01989,2026-04-29 11:00:00,Refund/Dispute,1,2026-04-29 16:34:01.800623643,5.57,4.0
T0005457,M01989,2026-05-19 19:00:00,Technical,1,2026-05-21 11:52:19.056997200,40.87,4.0
T0005458,M01990,2026-02-16 11:00:00,Account,1,2026-02-16 22:00:52.921661274,11.01,5.0
T0005459,M01990,2026-03-13 17:00:00,Payment,1,2026-03-14 23:43:04.686363757,30.72,4.0
T0005463,M01990,2026-04-02 20:00:00,Refund/Dispute,1,2026-04-03 12:55:11.293534448,16.92,3.0
T0005462,M01990,2026-04-23 09:00:00,Refund/Dispute,1,2026-04-25 19:38:10.733068446,58.64,3.0
T0005460,M01990,2026-05-07 20:00:00,Refund/Dispute,0,,,
T0005461,M01990,2026-05-22 10:00:00,Payment,0,,,
T0005464,M01991,2026-02-05 15:00:00,Payment,1,2026-02-06 19:00:43.669055163,28.01,4.0
T0005465,M01991,2026-05-22 08:00:00,Account,1,2026-05-22 19:11:04.271255502,11.18,4.0
T0005467,M01993,2026-02-10 16:00:00,Operations,1,2026-02-12 09:19:50.299964889,41.33,4.0
T0005469,M01993,2026-04-11 15:00:00,Payment,1,2026-04-14 12:24:05.755832942,69.4,3.0
T0005466,M01993,2026-05-27 11:00:00,Technical,1,2026-05-29 08:30:15.124891312,45.5,3.0
T0005468,M01993,2026-05-29 11:00:00,Operations,1,2026-05-31 12:14:24.031562622,49.24,4.0
T0005472,M01994,2026-02-10 08:00:00,Account,1,2026-02-13 13:52:31.086955498,77.88,3.0
T0005475,M01994,2026-03-30 10:00:00,Operations,1,2026-03-31 12:58:53.913075661,26.98,4.0
T0005476,M01994,2026-04-20 15:00:00,Account,0,,,
T0005470,M01994,2026-05-13 12:00:00,Refund/Dispute,1,2026-05-14 18:48:08.309961712,30.8,5.0
T0005473,M01994,2026-05-18 20:00:00,Refund/Dispute,0,,,
T0005471,M01994,2026-05-22 11:00:00,Account,1,2026-05-23 13:26:34.342626955,26.44,5.0
T0005474,M01994,2026-05-29 18:00:00,Account,1,2026-05-31 01:02:21.012186580,31.04,4.0
T0005479,M01995,2026-03-29 13:00:00,Operations,1,2026-03-31 08:02:00.309643576,43.03,4.0
T0005478,M01995,2026-05-11 15:00:00,Operations,1,2026-05-12 21:13:49.202210226,30.23,3.0
T0005480,M01995,2026-05-21 14:00:00,Account,1,2026-05-23 01:06:12.847278812,35.1,4.0
T0005477,M01995,2026-05-26 10:00:00,Payment,1,2026-05-27 18:56:28.251675679,32.94,3.0
T0005482,M01996,2026-03-17 08:00:00,Payment,1,2026-03-18 03:32:11.149016280,19.54,4.0
T0005481,M01996,2026-03-29 12:00:00,Payment,1,2026-04-01 21:14:45.374832304,81.25,2.0
T0005483,M01997,2026-03-25 20:00:00,Refund/Dispute,0,,,
T0005484,M01997,2026-04-21 17:00:00,Operations,1,2026-04-22 10:45:55.541593087,17.77,5.0
T0005487,M01998,2026-02-28 08:00:00,Technical,1,2026-02-28 21:06:50.793475950,13.11,5.0
T0005485,M01998,2026-03-23 16:00:00,Refund/Dispute,0,,,
T0005488,M01998,2026-04-14 14:00:00,Technical,1,2026-04-15 23:06:24.732712454,33.11,4.0
T0005486,M01998,2026-04-18 19:00:00,Operations,0,,,
T0005489,M01999,2026-02-28 16:00:00,Payment,1,2026-03-01 10:14:38.421480526,18.24,5.0
T0005490,M01999,2026-03-29 15:00:00,Refund/Dispute,1,2026-03-30 09:09:26.661972290,18.16,5.0
T0005491,M01999,2026-04-10 16:00:00,Payment,1,2026-04-12 02:55:28.054094073,34.92,4.0
T0005492,M02000,2026-04-13 17:00:00,Refund/Dispute,1,2026-04-14 00:45:23.400662425,7.76,5.0
